CODPROD,NUMORIGINAL
5,ABC2417
6,ABC2479
7,ABC2530
8,ABC7290
10,40391N
12,43740N
13,B1075/001
14,B2080/304
15,B2080/308
16,42681
17,42926
18,36413
23,1101026040
24,SCH8790
25,30120502
26,30120504
27,30120506
28,30120508
29,30120510
30,30120513
31,30130202
32,30130204
33,30130206
34,30130208
35,30130210
36,C105
38,357018
39,903263
40,906124
41,9302728
42,30130213
43,9360066
44,9360071
45,30130302
46,9360076
47,30130304
48,9360079
49,9360082
50,PGL45
51,9360174
53,1115
54,9360178
55,9361529
56,30130310
57,9363163
58,30130313
59,9365125
60,9365159
61,30130402
62,9365175
63,30130404
64,9366959
65,9366968
66,30130406
67,16961108501
68,21083883
69,21083884
70,30130410
71,C106
72,21094088
73,30130413
74,21096343
75,21096344
76,30140102
78,21096345
79,21096347
80,21096349
81,21101960
82,21101961
83,21101962
84,21101963
85,CP30
86,7815-88
87,21101964
88,21101965
89,21101966
90,PC12M
91,21101967
92,30140104
93,7818-88
94,21101969
95,30140106
96,CP35
97,21101970
98,30140108
99,21101971
100,PC12P
101,30140110
102,21101974
103,1011
104,30140113
105,21101978
106,21101982
107,30140302
108,21101984
109,PCP12M
110,30140304
111,PP060
112,1013
113,30140306
114,3463217
115,PCP12P
116,3464220
117,PP751
118,2023V
119,PP901
120,61318/201
121,PCO17M
122,61319/141
123,REF031
124,62373
125,REF086
126,PCO17P
127,B1071/000
128,REF087
129,B1073/000
130,RR41M
131,B1655/100
132,REF223
133,RR41P
134,B2351/000
135,B2352/000
136,RO406
137,UB104
138,DC001
140,UB706
141,9701187
142,970127
143,970128
144,970129
145,1101016040
146,1101036049
147,1101046040
148,970130
149,1101056040
150,1101066049
151,BX11335R
152,1101076040
153,UB709
154,1101096040
155,1101356042
156,125050
157,BX11340R
158,1101356043
159,164
160,165
161,1101666049
162,1101786049
163,3282PRT
164,3282S1
165,1101896040
166,17372550
167,5416016040
168,LGBPAM
169,5416026040
170,LGBPAZ
171,P001PT
172,5416036049
173,P001TR
174,LGBPVD
175,5416046040
176,5416056040
177,LGBPVM
178,P002PT
179,5416066049
180,P002TR
181,5416076040
182,5416096040
184,5416356040
185,2000.45B
186,5416366040
187,2000.50
188,2000.50B
189,5490036049
191,2000.50B.NB
192,LF330
193,5490066049
194,2000.50B.NG
195,5490666049
196,2000.50B.NR
197,5490786049
198,1219016040
200,1219036049
201,1219046040
204,4046003
205,1219076040
206,1219096040
207,1219356042
208,P005
209,1219356043
210,1219666049
211,1219786049
212,63965/080
213,63965/180
214,63965/250
215,63965/260
216,63965/830
217,63965/860
218,3629
219,3630
220,3631
221,3632
222,3633
223,3634
224,3635
225,3636
226,3881
227,AT11VFP
228,3883
229,B5114/101
230,B5114/102
231,B5114/103
232,B5114/104
233,B5114/105
234,B5114/106
235,B5114/107
236,B5114/108
237,B5114/118
238,10891110
239,10891111
240,10891112
241,NF7628
243,NF7928
244,HO790C
245,52
246,UT60-16
247,2764220E
248,2765225
249,2005515PT
250,13640
251,UT60-20
252,YK9122
253,LGEBBR
254,P017
255,50
256,00016N
257,ST473500
258,P018
259,00065N
260,YK9124
261,311204
262,B2310/333
263,YK9125
264,ST477000
265,141110
266,YK9126
267,ST477100
268,134010
269,YK9127
270,311205
271,12181
272,134510
273,GX5302
274,YK9128
275,308K
276,308L
277,YK1130
278,2000004
279,141120
280,YK1131
281,3113V
282,345416
283,2050020
284,3103V
285,3332002
286,YK11603
287,2765225E
288,2050030
289,LGC480
290,YK11613
291,345592
292,3332003
293,2050031
294,162928
295,312124
296,YK11614
297,2767423
298,LGPG9
299,YK11619
300,LGCI
301,AB20
303,AC13545
304,312212
305,336610
306,AC14549
307,340750
308,7669032-7500
309,YK14640
310,NF2603M
311,ST305020
312,3500020
313,2767428
314,3301V
315,1601500
316,LGCCB
317,2767428E
318,BD19M
319,B3332202
320,V001A
321,B3332203
322,BD19P
323,2769027
324,B52601/002
325,518000
326,2769027E
327,BD19V
328,1020202
329,610
330,B52601/005
331,5291714
332,BD20M
333,840
334,B52601/006
335,2020193
336,5292726
337,3302V
338,BD20P
339,8128A
340,B50301/014
341,920
342,BD20V
343,B50301/015
344,171628R
345,5493088
346,BD21M
347,B50601/001
348,3030005
349,3303V
350,BD21P
351,5493088E
352,B50601/003
353,2050021
354,BD21V
355,5493820
356,B51801/003
357,NF0301
358,B51801/004
359,BD40M
360,NF0412
361,B51801/006
362,BD40P
363,NF0512
364,B52601/007
365,BD40V
366,B52601/004
367,NF2304
368,BD41M
369,7669032-7600
370,B52601/010
371,NF2310
372,BD41P
373,B51601/001
374,5884625
375,NF7202
376,BD41V
377,345604
378,B51601/002
379,B51601/003
380,5884635
381,BD42M
382,341773
383,B52001/002
385,B52001/003
386,BD42P
387,7267422
388,345642
389,B50901/002
390,BD42V
391,7267428
392,DT00602
394,341775
395,9885530
396,B52201/002
397,345842
398,CT13E
399,CT13P
400,345934
401,B52901/005
402,341777
403,2865226-5500
404,CT13V
405,B52601/011
406,CT15E
407,62756
408,CB379001
410,CT15P
411,CB329001
413,CA069001
414,62784
415,CT15V
416,62791
417,62793
418,740502
419,CT20E
420,740503
421,817008017
422,CT20P
423,AC13541
424,AC9192
425,AV10
426,L220537
427,B2310/318
428,UB90-03
429,GX4100
430,LGPM940
431,LGPM2000
432,ST398100
433,ST473833
434,ST70806SB
435,501
436,519
437,30080310
438,3328
439,602
440,64407
441,64408
442,95
443,AS705
444,3600-88
445,503K
446,DC059
447,3602-88
448,FD05
449,6302
450,GX8003
451,ST15001
452,3465226
453,1773353
454,3467423
455,3468932
456,ST71024BH
457,3491711
458,ST71036BH
459,3491714
460,3492088
461,30080313
462,UT103016
463,3492820
464,5291714-3381
465,5292726-3381
466,5292825-3381
467,3663217
468,3664219
469,3665226
470,3677008
471,3677814
472,3691711
473,3691714
474,3692088
475,50445
476,3692710
477,30100202
478,4464220
479,4465226
480,50033S
481,4467418
482,6304
483,4491712
484,4491716
485,6306
486,30100204
487,ST011240
488,6308
489,ST011280
490,GA022000
491,6312
492,ST011320
493,30100206
494,ST011360
495,6318
496,ST011400
497,6322
498,6509
499,GA022006
500,6523
501,GA022015
502,ST011450
503,ST012280
504,GB022000
505,ST012320
506,GB022006
507,GB022015
508,325
509,ST012360
510,GC022000
511,GC022006
512,30100208
513,425
514,ST012400
515,GC022015
516,ST012450
517,705
518,30100210
519,GF0220001
520,ST013280
521,707
522,GF0220061
523,ST013320
524,16961119001
525,ST013360
526,720
527,ST013400
528,GG0320001
529,737
530,ST016360
531,GD02200619
532,GD022015
533,GI02-20001
534,GE02200616
535,GE022015
536,GK0320001
537,GK0320061
538,GK0320151
539,167011007
540,167011100
541,167014007
542,167015100
543,167017073
544,167017100
545,175015100
546,175015228
547,0175019100C
548,175019228
549,0175027100C
550,175027228
551,175030100
552,175030228
553,183023100
554,183023228
555,183028007
556,256008007
557,256008100
558,256020007
559,256020100
560,299010007
561,299012100
562,63950/260
563,1546027073
564,63950/250
565,1546027100
566,63950/240
567,2763217
568,63950/187
569,2764220
570,63950/087
571,63950/077
572,63950/067
573,63950/057
574,63950/047
575,63950/037
576,63950/027
577,63950/017
578,63906/180
579,63906/080
580,63906/070
581,63906/060
582,63906/050
583,63906/040
584,63906/030
585,63906/020
586,63906/010
587,5410102
588,5404502
589,10891118
590,10891117
591,10891116
592,10891115
594,10891114
595,10891113
596,1253016040
597,1253026040
598,1253036041
599,1253036049
600,1253046040
601,1253056040
602,1253066041
604,1253076040
605,1253096040
606,UT31-002
607,1253356041
608,1253356042
609,1253356043
610,1253666041
611,1253666049
612,1253786049
613,UT31003
615,1104026040
616,1104036049
617,30140308
618,UT31-004
619,1104046040
620,30140310
621,1104056040
622,30140313
623,1104066049
624,1104076040
625,30140402
626,UT31-005
627,1104096040
628,30140404
629,1104356042
630,30140406
631,1104356043
632,UT31006
633,30140408
634,1104666049
635,1104786049
636,30140410
637,1202016040
638,30140413
639,1202026040
640,1202036049
641,1202046040
642,453107
643,1202056040
644,1202066049
645,453207
646,1202076040
647,1202096040
648,AB14
649,1202356042
650,DC002
651,1202356043
652,16480
653,1202666049
654,AB1411
655,1202786049
656,87300
657,DC003
658,STGP127
659,87330
660,87350
661,NF7204
662,87500
663,DPG001P
664,87530
665,DTG001CP
666,87550
667,STGP129
668,87600
669,226424
670,CB330204
671,87630
672,DTG001GP
673,87650
674,STGP124
675,1696177201
676,CB330206
677,87700
678,DTG002CP
679,87730
680,DTG002GP
681,505400
682,1208786049
683,87750
684,442100
685,CB330207
686,A3141
687,A3143
688,CB330208
689,A3145
690,1223016040
691,A3151
692,442110
693,STGP136
694,CB340204
695,A3153
696,A3155
697,CB340206
698,A3161
699,2716V
700,DUG003S
701,A3163
702,1223026040
703,A3165
704,CB340207
705,960PC
706,1223036049
707,A3171
708,CB340208
709,DUG003W
710,63902/740
711,1223046040
712,21100/495
713,A3173
714,IMP961900
715,CB350204
716,A3175
717,1223056040
718,21102/490
719,IMP966900
720,A3181
721,CB350206
722,21103/490
723,1223066049
724,DUG004S
725,IMP967900
726,A3183
727,1223076040
728,CB350207
729,63902/750
730,A3185
731,IMP968900
732,1223096040
733,21116/095
734,CB350208
735,A3201
736,DUG008S
737,21136/090
738,IMP969900
739,1223356043
740,292912
741,A3203
742,IMP971900
743,1223666049
744,DUG009S
745,A3205
746,716
747,CG049001
748,IMP972900
749,21410/075
750,5418016040
751,A3301
752,978PC
753,CG059001
754,29299
755,5418026040
756,21410/095
757,A3303
758,2000.15.1
759,990PC
760,A3305
761,5418036049
762,B1664/000
763,5418046040
764,2000.15.1B
765,STP041S
766,23160/014
767,5418056040
768,B2254/311
769,K120
770,5418066049
771,23161/014
772,STP042AM
773,5418076040
774,23162/010
775,63800/702
776,3117C
777,K130
778,5418096040
779,STP042M
780,5418366040
781,K240
782,B1686/000
783,23163/010
784,STP043AL
785,600200
786,5418666049
787,K280
788,B1687/000
789,STP043L
790,NF0712
791,23167/010
792,B1688/000
793,600201
794,B1689/000
795,STJW1710C
796,STJWW1000C
797,600202
798,B1690/000
799,STJW2012C
800,7875
801,10831610
802,STJWW500C
803,600212
804,STJW2120C
805,GX0200
806,10831611N
807,BAND130C
808,V111
809,STJW5085C
810,10831612N
811,GX0201
812,600226
813,CX147M
814,V112
815,10831613N
816,CX148M
817,600227
818,10831614N
819,10831615N
820,GX0202
821,10831616N
822,3500015
823,3500016
824,942
825,943
826,944
827,946
828,F2273
829,NF7028
830,NF7128
831,NF7428
832,NF7708
833,NF7828
834,410590
835,411950
836,418920
837,418930
838,418940
839,418960
840,418970
841,430110
842,1171
843,1204
844,K540
845,1214M
846,1402
847,430120
848,470130
849,1403
850,50773N
851,50775N
852,1705
853,50777N
854,K541
855,1706
856,516160
857,516170
858,620836034
859,517520
860,1803
861,517530
862,1805
863,633226039
864,12713N
866,633246230
867,430060
868,633336041
869,LF330VMABS
870,639406039
871,365700
872,365720
873,LF400
874,365730
875,639406041
876,LF400BABS
877,365740
878,125020
879,5500966044
880,125030
881,S1100
882,125040
883,5500976044
884,125060
885,157110
886,1806
887,6030729990
888,191190
889,S1600
890,191200
891,1900
892,6030739990
893,340470BG7
894,1905M
895,ST413000
896,340470BG8
897,PM00
898,ST50663
899,PM01
900,340470BL1
901,PM02
902,ST51363
903,STJW2500CT
904,PM03
905,340470BL2
906,340470BL3
907,ST60663-1
908,PM04
909,STJW2900CT
910,360660
911,ST613631
912,360700
913,PM05
914,190190
915,205
916,PM06
917,STJ101
918,190200
919,PM08
920,190210
921,10831617N
922,STJ104
923,10831618N
924,10831619
925,A4405
926,190230
927,B1105/205
928,10831520
930,190280
931,302260
932,350240
933,B1105/208
934,C100316422
935,510120
936,63965/010
937,510970
938,C1003545
939,510980
940,C611
941,63965/020
942,B1106/005
943,NF7005
944,39531108501
945,63965/040
946,23BK
947,NF7022
948,C1013585
949,63965/050
950,B1106/008
951,NF7122
952,24
953,NF7505
954,C109311422
955,63965/070
956,NF7522
957,RE80
958,APA95042
959,NF7600
960,C1093545
962,RE81
963,B2368/130
964,ST019160
965,GX0053
966,ST430010
968,NF7622
969,ST437020-1
970,B4600/128
971,GX0054
972,NF7700
973,NF7800
974,ST6009
975,GX0055
976,NF7822
977,ST019200
978,886
979,ST751L63-1
980,GX0056
981,NF2010
982,ST019240
983,STDB10
984,GX0057
985,887
986,ST019280
987,STDB10S
988,GX0058
989,ST019320
990,1208356043
991,GX0059
992,STDB305
993,ST019360
994,STEM1001
995,ST019400
996,ST121900
997,3521278100
998,ST019450
999,STEM1200
1000,1208666049
1001,ST122101
1002,5500016040
1003,ST101613
1004,5500026040
1005,22600201
1006,5500076040
1007,ST101614
1008,ST101617
1009,22603001
1010,5500126040
1011,ST101701
1012,1211016040
1013,ST101703
1014,5500956044
1015,0080260311S
1016,ST101705
1017,1211026040
1018,0082173311S
1019,STD101GI
1020,ST101707
1021,82174811
1022,1211036049
1023,82260311
1024,STD101I
1025,61227/121
1026,61227/141
1027,1211046040
1028,61227/161
1029,105966
1030,61227/181
1031,1211056040
1032,0128185011S
1033,62636/261
1034,0128186811S
1035,1211066049
1037,0224173312S
1038,3902NBRL
1039,1211076040
1040,GE11065
1041,S0224174812
1042,PA101
1043,GE11100
1044,3902NPRL
1045,1211096040
1046,ST037240
1047,L1776
1048,GE12065
1049,1211356042
1050,ST037280
1051,224191711
1052,52120
1053,GE12100
1054,ST038240
1055,1211356043
1056,1924250001S
1057,ST038280
1058,52122
1059,ST101803
1060,1211666049
1061,1928173302
1062,ST101805
1063,52162
1064,ST101807
1065,1211786049
1066,1929191701S
1067,52172
1068,20120/022
1069,1929250001S
1070,5324342401
1071,20180/020
1072,20180/016
1073,5328342401
1074,20890/020
1075,245601
1076,20890/025
1077,7621
1078,SL784PRS
1079,20890/030
1080,604756040
1081,20891/036
1082,610906040
1083,ABC5128
1084,8552
1085,ABC5142
1086,ABC5166
1087,8554
1088,ABC5180
1089,243271
1090,ABC5340
1091,9706
1092,628686040
1093,ABC5364
1094,ABC5388
1095,9740
1096,ABC5401
1097,642746040
1098,TP6543
1099,GA25PRO
1100,STJVP400NM
1101,STJVP700NM
1102,TP6505
1103,TP6508
1104,110
1105,135729MP4
1106,151
1107,152
1108,A3401
1109,A3403
1110,A3405
1111,A3501
1112,A3503
1113,A3505
1114,A3601
1115,A3603
1116,A3605
1117,A3701
1118,A3703
1119,A3705
1120,A3801
1121,A3803
1122,A3805
1123,1282814892
1124,GE13065
1125,GE13100
1126,GE23065
1127,32209200
1128,96
1129,97
1130,32209260
1131,167011106
1132,167012229
1133,881010
1134,88108
1135,167012905
1136,8811-4.5
1137,881175
1138,167014905
1139,88218P
1140,167015106
1141,883035
1142,167016229
1143,24602/085
1144,256007905
1145,24609/080
1146,256008106
1147,24609/082
1148,256020106
1149,24609/086
1150,256020905
1151,24609/088
1152,24619/080
1153,337035234
1154,24619/086
1155,91801
1156,24619/088
1157,949017095
1158,24621/089
1159,1724015090
1160,24624/186
1161,2163
1162,24625/083
1163,24627/088
1164,24628/082
1165,2182
1166,24642/080
1167,492
1168,24646/087
1169,5214169
1170,B0301/016
1171,701506
1172,702008
1173,CM029001
1174,702010
1175,132006228
1176,702012
1177,1351
1178,703106
1179,703108
1180,1872010167
1181,703109
1182,2040
1183,V145
1184,704008
1185,V704
1186,70506
1187,970186
1188,80113B
1189,2041
1190,150017
1191,80218B
1192,970187
1193,2042
1194,11025
1195,150023
1196,80537B
1197,68516
1198,2164
1199,150027
1200,980156
1201,2747045113
1202,150029
1203,109N
1204,150032
1205,68520
1206,2801013214
1207,1178902
1208,25684/100
1209,243273
1210,UA029702
1211,5805513
1212,5805522
1213,68526
1214,150114
1215,DAN53G00
1216,5884735
1217,UA029704
1218,150124
1219,551
1220,970102
1221,UA029706
1222,150128
1223,626
1224,B52801/005
1225,970103
1226,UC029702
1227,711003
1228,150132
1229,GE11150
1230,693
1231,UC029706
1232,B52801/006
1233,152620
1234,152628
1235,713
1236,B52901/003
1237,B2252/313
1238,152637
1239,G13001
1240,B52801/010
1241,GE12000
1242,152871
1243,733
1244,9710001
1245,B51301/001
1246,FBE10
1247,153817
1248,CT20V
1249,B51301/002
1250,UC029704
1251,753
1252,9710004
1253,B52901/008
1254,773
1255,CT21E
1256,GE12150
1257,B51001/002
1258,9710005
1259,8107040023
1260,CT21P
1261,CL2005
1262,2089006014
1263,B51001/004
1264,9710006
1265,B51001/005
1266,CT21V
1267,CBRT6
1268,2089007014
1269,8107040024
1270,GX5327
1271,CT22E
1272,GX5328
1273,GX5338
1274,9710007
1275,2089016014
1276,8107040025
1277,CT22P
1278,B50301/001
1279,B50301/013
1280,2569015014
1281,UT107
1282,156671
1283,156908
1284,2577024014
1285,CT22V
1286,156917
1287,156918
1288,13620
1289,CT25E
1290,2577032014
1291,CT25P
1292,324921
1293,13623
1294,CT25V
1295,705258
1296,B50301/012
1297,CT41E
1298,2682017014
1299,YAD102P
1300,705274
1301,B52701/003
1302,CT41P
1303,13626
1304,9305109
1305,CT41V
1306,B52702/004
1307,2682023014
1308,YAD101M
1309,CT6E
1310,9305125
1311,B52701/007
1312,GE13000
1313,9306909
1314,CT6P
1315,B52702/008
1316,13631
1317,9306918
1318,CT6V
1319,37000839
1320,B52701/009
1321,GE13150
1322,920016
1323,B52702/010
1324,13634
1325,920023
1326,37000843
1327,BD12E
1328,B50201/002
1329,920026
1330,GE14065
1331,920028
1332,GX5362
1333,BD12P
1334,13636
1335,37000847
1336,920032
1337,ESC050K007
1338,BD12V
1339,GX5363
1340,920124
1341,243275
1342,37000855
1343,GX5364
1344,13637
1345,246112
1346,920128
1347,GE14100
1348,246113
1349,GX5365
1350,246115
1351,921521
1352,13638
1353,921526
1354,8422322
1355,ESC060E
1356,921623
1357,13639
1358,922626
1359,8422327
1360,BD16E
1361,ETO250E100
1362,GE16100
1363,922785
1364,BD16P
1365,EVO075E
1366,13641
1367,925175
1368,8422333
1369,GX5366
1370,GE16150
1371,BD16V
1372,925259
1373,GX5367
1374,114
1375,925325
1376,GX5368
1377,120
1378,CT39E
1379,141010
1380,GE19100
1381,926585
1382,GX5369
1383,124
1384,927109
1385,GX5370
1386,8422339
1387,CT39P
1388,128
1389,GE121064
1390,927118
1391,14685
1392,GX5373
1393,927135
1394,GE121104
1395,CT39V
1396,GX5374
1397,997910
1398,B0302/014
1399,GX5375
1400,ST122064
1401,CT40B
1402,3004795
1403,GX5376
1404,CT40G
1405,428
1406,B0302/015
1407,CT40PL
1408,306578
1409,CT7E
1410,68067
1411,350017
1412,CT7P
1413,624
1414,GX5378
1415,350023
1416,B0302/016
1417,CT7V
1418,GS11000
1419,350028
1420,GX5379
1421,68068
1422,628
1423,350032
1424,CT8E
1425,GS11065
1426,350124
1427,GX5380
1428,CT8P
1429,949
1430,68069
1431,350128
1432,GX5381
1433,CT8V
1434,GS11100
1435,B0302/023
1436,351515
1437,68070
1438,1014
1439,351521
1440,1020
1441,CX142M
1442,351529
1443,GS12000
1444,B0302/025
1445,1024
1446,68246
1447,352330
1448,85502
1449,CX142P
1450,352336
1451,GS12065
1452,86402
1453,CX142V
1454,FK42969
1455,352778
1456,GS12100
1457,86403
1458,CX147P
1459,355174
1460,DT03500
1461,355259
1462,CX147V
1463,GS13000
1464,355821
1465,CX148P
1466,B52301/004
1467,FOA3028
1468,356909
1469,CX148V
1470,B50101/004
1471,CX172M
1472,356918
1473,B52101/001
1474,CX172P
1475,DP1157
1476,B50701/003
1477,B50701/004
1478,CX173M
1479,B50101/003
1480,B51901/001
1481,B51901/003
1482,187
1483,3334
1484,GS13065
1485,V115
1486,36341
1487,V118
1488,36366
1489,GS13100
1490,6610C
1491,ST23065
1492,6611C
1493,V122
1494,6693C
1495,GSP11065
1496,10114
1497,V125
1498,73
1499,39531119801
1500,V128
1501,726
1502,V136
1503,802017
1504,120913
1505,802591
1506,10114E
1507,V142
1508,K600
1509,1028
1510,120914
1511,STJW610
1512,757
1513,767
1514,V151
1515,617706790
1516,121
1517,1214
1518,V152
1519,122
1520,V153
1521,123
1522,345936
1523,293
1524,PV294
1525,295
1526,66760
1527,322
1528,V701
1529,324
1530,66761
1531,325
1532,11120
1533,331
1534,V703
1535,66762
1536,11140
1537,332
1538,334
1539,V719
1540,66763
1541,V720
1542,11170
1543,66764
1544,V721
1545,11180
1546,66765
1547,66766
1548,V731
1549,125001
1550,335
1551,403
1552,125001GBR
1553,66767
1554,404
1555,V732
1556,125001GBP
1557,V733
1558,125001MR1
1559,66768
1560,V739
1561,405
1562,66769
1563,125001GBU
1564,V740
1565,542
1566,125071
1567,V741
1568,257907
1569,544
1570,125081
1571,357009
1572,545
1573,4442002
1574,430
1575,257909
1576,3611C
1577,4442003
1578,257912
1579,DP1159
1580,4442202
1581,257915
1582,NF7619
1583,4442203
1584,460
1585,470
1586,257917
1587,222940
1588,480
1589,451101
1590,1161
1591,4443002
1592,510
1593,2419C
1594,530
1595,1167
1596,4443003
1597,452101
1598,630
1599,257919
1600,1169
1601,4443202
1602,257920
1603,238
1604,35
1605,4443203
1606,257921
1607,13
1608,4446002
1609,1328
1610,36
1611,4446003
1612,257926
1613,422
1614,4446202
1615,V0059
1616,B50401/001
1617,V0058
1618,B51801/007
1619,B52801/002
1620,51
1621,B52801/011
1622,B50101/008
1623,B50101/009
1624,52
1625,B51101/001
1626,50
1627,1367
1628,B51101/002
1629,243
1630,B51101/003
1631,244
1632,V0054
1633,B51101/004
1634,246
1635,B51101/005
1636,6349C
1637,253
1638,6351C
1639,GX5300
1640,275
1641,29819053
1642,GX5301
1643,417
1644,313
1645,321
1646,322B
1647,7575
1648,M1004
1649,M1005
1650,576BR
1651,215580
1652,215706
1653,215708
1654,1424
1655,1428
1656,1432
1657,60331
1658,30131
1659,60332
1660,30132
1661,DKCLM
1662,CA95
1663,FL187
1664,DKEBM
1665,FL285
1666,M022
1667,MAN
1668,PAE28
1669,PAE30
1670,ST336000
1671,PL125
1672,PL146
1673,NF7941
1674,V003
1675,PL95
1676,116515
1677,PR24
1678,124490
1679,125010
1680,118/16
1681,166131
1682,RCP23
1683,166440
1684,170061
1685,TP12
1686,2000059
1687,120/20
1688,3617C
1689,TP14
1690,4030059
1691,4348C
1692,122/24
1693,TP24
1694,503C
1695,NF0011
1696,TP9
1697,NF0911
1698,NF7228
1699,NF7528
1700,BR013FR
1701,GNP2/3KVT-BF
1702,1006096
1703,257928
1704,257980
1705,257985
1707,66735
1708,66737
1709,66739
1710,66740
1711,66741
1712,66742
1713,17360
1714,160121
1715,160123
1716,160125
1717,160127
1718,165007
1719,1006097
1720,C40-BR3-BK-NE
1721,BAB200BMB
1722,C40-BR3-WH-NE
1723,TMB100BMB
1724,C50-BR3-CW-NE
1725,C50-BR3-TP-NE
1726,JB2100NT
1727,OGB1300BMB
1728,C60BR3TINE
1729,OGB1200BMB
1730,P1259
1731,P1268
1732,52737X
1733,52738X
1734,52760
1735,52762
1736,52766
1737,52767X
1738,52768X
1739,52769X
1740,52770X
1741,52773X
1742,52774X
1743,52775X
1744,52776X
1745,52778
1746,52779X
1747,52780X
1748,52781X
1749,52782X
1750,52784
1751,52785X
1752,52786X
1753,52789
1754,52788X
1756,NF2111
1757,NF2511
1758,NF2611
1759,NF2710
1760,NF2711
1761,NF2911
1762,NF7001
1763,NF7101
1764,NF7323
1765,NF7529
1766,NF7623
1767,NF7629
1768,NF7701
1769,NF7923
1770,07134N
1771,128530
1773,136240
1774,105381
1775,TC22424
1776,3660049
1778,NF5901
1779,NF5911
1780,NF7109
1781,NF7702
1782,NF7709
1783,NF7715
1784,NF7728
1785,NF7732
1788,ST815010
1789,STJW16
1790,STJW25
1791,STJW64B
1792,STJW64P
1793,STJW8B
1794,STJWS
1795,S003355
1796,C111311422
1797,C1113545
1798,C12031686
1799,C1203585
1800,D10150
1801,D10255
1802,D10350
1803,D10450
1804,D115316416
1805,D1153545
1806,D116316416
1807,D1163545
1808,87241201
1809,FK43237
1810,87452006
1811,ECOGN30
1812,FK43238
1813,ST73019
1814,ST73022
1815,14
1816,1413
1817,P029
1818,ST73025
1819,1901
1820,ST73027
1821,1414
1822,10120
1823,ST73032
1824,1905
1825,STJWFRC
1826,STJWRT
1827,STJWSTH
1828,1962
1829,4592
1830,1417
1831,6189
1832,15
1833,6193
1834,1963
1835,6101
1836,6197
1837,1967
1838,9408-88
1839,APA95042
1840,6102
1841,24681/180
1842,PV4261BR
1843,25816/161
1844,25815/160
1845,STJWADCS240
1846,STJWSLI
1847,1101
1848,293012B
1849,1122R
1850,293012G
1851,1202
1852,1222
1853,293012R
1854,1354
1855,293012Y
1856,FG611200YEL
1857,8107
1858,6173
1859,9141
1860,7027-12C
1861,7480-18
1862,9164
1863,ES100
1864,Q410
1865,9183
1866,Q969
1867,9184
1868,ES60
1869,9206
1870,332AU
1871,9244
1872,ES90
1873,9263
1874,6144
1875,9264
1876,RA09
1877,23100
1878,9280
1879,6145
1880,9285
1881,280450
1882,280550
1883,4703
1884,43145
1885,6302614
1886,43147
1887,836
1888,837
1889,431410
1890,932602
1891,ST101CIC
1892,932604
1893,ST104CIC
1894,ST106CIC
1895,ST15008SK
1896,ST15012SK
1897,932606
1898,ST15014SK
1899,FG1202
1900,ST1503LA
1901,ST15045SC
1902,ST15050SC
1903,ST208
1904,ST15060SC
1905,ST210
1906,ST211
1907,ST1506LA
1908,CF0422PT
1909,ST1510LA
1910,GR2322VM
1911,STGP058
1912,GR3022PT
1913,JR1002BR
1914,STGP056
1915,JR1702IX
1916,1052
1917,SD2022BR
1918,1053
1919,SD2022IX
1920,1054
1921,TR7022PT
1922,1055
1923,635306040
1924,803/50
1925,ABC2752
1926,636406040
1927,ABC2783
1928,636486040
1929,ABC2813
1930,643946040
1931,6146
1932,F3177/312
1933,DC10
1934,DC10D
1935,EZPROH2B
1936,EZSERV100M
1937,EZSERV200M
1938,FSP1507
1939,ST10301
1940,ST90123
1941,STJWW800C
1942,Z066030
1943,631306040
1944,631306043
1945,631356040
1946,BT0166D
1947,BT0395
1948,F3170/927
1949,MCV10L
1950,MCV6L
1951,ST055200
1952,ST10401-1
1953,ST10401-2
1954,ST90212
1955,ST90512
1956,STCD12L
1957,Z096011
1958,Z146011
1960,825020100
1961,825037100
1963,925010060
1964,925010100
1966,987000220
1973,1282496040
1974,1283076040
1975,9W21
1976,9W27
1977,B324
1978,LIXEIRA100
1979,LIXEIRA100R
1980,258825
1981,280490
1982,60317
1983,60320
1984,FUL04LM
1985,60323
1986,PU002BB
1987,60324
1988,PU002FR
1989,CB349001
1990,PU002LM
1991,67000
1992,GOIGNP2/3KVT-BF
1993,ABC2370
1995,PU003FR
1996,ABC3667
1997,CB359001
1999,BP25
2000,431290
2001,BP35
2002,9297
2003,CX173P
2004,49145
2005,BP45
2006,4921-201
2007,9299
2008,GX0210
2009,C9853
2010,DWP14H
2011,CX174M
2012,C9856
2013,9307
2014,437034
2015,TBL11NPG5151B
2016,CX174P
2017,GX5304
2018,GX0211
2019,TRB72FSC7402DG
2020,C9857
2021,GX5305
2022,PB12E
2023,GX0070
2024,9309
2025,GX5306
2026,GX0212
2027,TRB72FSE7402BG
2028,GX5307
2029,PB12P
2030,C9860
2031,DP1171
2032,GX5353
2033,PB12V
2034,C9871N
2035,TRT82FSC7402
2036,MAC10
2037,GX5354
2038,ST425110
2039,CX14M
2040,DP1202
2041,GX5355
2042,C9872
2043,TRT72FSE7402BG
2044,CX14P
2045,ST425130
2046,GX5361
2047,CX14V
2048,1205
2049,E8848
2050,ST425410
2051,ST313251
2052,1211
2053,TUC22WPI??02BS
2054,JA22B
2056,RAM15FBK
2057,JA22G
2058,ST425430
2059,TUC22WPI??02BS-X
2060,1221
2061,RAM15FW
2062,JA22PL
2063,ST313300
2064,RAM15W
2065,JA36B
2066,1229
2067,RAM2BU
2068,5800100001
2069,JA36G
2070,RAM2FB
2071,JA36PL
2072,RAM2Y
2073,5800100002
2074,405855
2075,ST313301
2076,1234
2077,S31002
2078,JA40B
2079,S31003
2080,JA40G
2081,ST313400
2082,5800100029
2083,JA40PL
2084,S31042
2085,1242
2086,50105
2087,JAS22M
2088,5800100035
2089,ST313401
2090,1296
2091,JAS22P
2092,50136
2093,419330
2094,S31402
2095,JAS22V
2096,11122
2097,70714
2098,S31403
2099,5800100099
2100,JAS36M
2101,1341
2102,S31442
2103,431240
2104,LIXEIRA15
2105,0123021P0010
2106,JAS36P
2107,1218
2108,5800500001
2109,1342
2110,LIXEIRA50
2111,JAS36V
2112,LAC002070
2113,JAS40M
2114,480220
2115,141004
2116,5800500002
2117,42667
2118,JAS40P
2119,140700010
2120,498860
2121,JAS40V
2122,62452
2123,1345
2124,42704
2125,5800500009
2126,14666
2127,LX3M
2128,5800500214
2130,498870
2131,44685
2132,LX3P
2133,1406
2134,62500
2135,498880
2136,YBJ40R
2137,LX6M
2138,5800500015
2139,113299
2140,498890
2141,44722
2142,BX10541
2143,LX6P
2144,113300
2145,63005
2146,14670
2147,498920
2148,5800500029
2149,1243
2150,18143
2151,1424
2152,61712/481
2153,498950
2154,180
2155,5800500035
2156,18136
2157,NF4245
2158,2955
2159,7671
2160,1425
2161,18174
2162,5800500099
2163,336P
2164,400810
2165,9791
2166,400850
2167,18181
2168,1436
2169,400851
2170,36406
2171,415517
2172,ASA10
2173,9102
2174,405811
2175,7822AM
2176,7822AZ
2178,9103
2180,7822BG
2181,AZ9184
2182,10120E
2183,7822VD
2184,405824
2185,9168
2186,10124
2187,7822VM
2188,405832
2190,9170
2191,10124E
2192,9W32
2193,405838
2194,1290
2195,B2204/301
2196,9178
2197,1291
2198,405841
2199,10128
2200,5472016040
2201,405843
2202,ST301131
2203,5472026040
2204,9179
2205,10128E
2206,405876
2207,10428
2208,ST305100
2209,9250
2210,405877
2211,10428E
2212,410809
2213,ST305200
2214,9251
2215,10624
2216,5472036049
2217,530340
2218,5472046040
2219,10624E
2220,9253
2221,ST300
2222,5472056040
2223,530350
2224,10628
2225,5472066049
2226,5472076040
2227,10628E
2228,9259
2229,5472096040
2230,ST600
2231,11365N
2232,11014
2233,5472356040
2234,5472366040
2235,11369N
2236,5472666049
2237,12826
2238,5472786049
2239,400811
2240,11020
2241,5490016040
2242,25603/180
2243,5490026040
2244,9354
2245,11024
2246,400812
2247,5490046040
2248,11028
2249,5490056040
2250,5490076040
2251,11228
2252,9356
2253,400820
2254,60169
2255,5490096040
2256,5490356040
2257,9359
2258,497050
2259,AS704
2260,400882
2261,5490366040
2262,E6961N
2263,1208016040
2264,1208026040
2265,9517
2266,1208036049
2267,E6982N
2268,D15015
2269,F31511422
2270,F315545
2271,T19216
2272,T1925
2273,T19416
2274,T1945
2275,667084500
2276,667094500
2277,667104500
2278,667116040
2279,3012-40
2280,48500
2281,48550
2282,11424
2283,AS709
2284,11424E
2285,30100213
2286,AS721
2287,11428
2288,9518
2289,ASA30
2290,11428E
2291,440
2292,9519
2293,LGM11432
2294,30100302
2295,11432E
2296,BI01
2297,444
2298,B2196/305
2299,DP1218
2300,130131
2301,DP1219
2302,B2202/350
2303,30100304
2304,DP1222
2305,RA15
2306,130131E
2307,B2221/318
2308,30100306
2309,RA23
2310,130132
2311,51D
2312,RF04
2313,CS01
2314,RF06
2315,130132E
2316,9710009
2317,54
2318,RF12
2319,NP002100
2320,9710018
2321,PA800023L
2322,30100308
2323,GX9033
2324,P021
2325,56
2326,P430
2327,P003
2328,1303004
2329,9710019
2330,PA800023VE
2331,17712
2332,614
2333,30100310
2334,PA800029L
2335,1306019
2336,PA800029VE
2337,362L
2338,165010
2339,PA800035L
2340,30100313
2341,9710020
2342,6819
2343,615
2344,AS004
2345,215514
2346,KK3
2347,AS005
2348,30100402
2349,PA800035VE
2350,AS204
2351,9710021
2352,B2255/310
2354,B2255/313
2355,30100404
2356,9710022
2357,310107
2358,ST12301TR
2359,9710024
2360,175
2361,ST12302TR
2362,30100406
2363,127790
2364,176
2365,R274
2366,46
2367,ST62002G
2368,310203
2369,30100408
2370,289
2371,ST62003G
2372,248010012
2373,721
2374,291
2375,STJWDC84
2376,30100410
2377,299007083
2378,320211
2379,292
2380,100P
2381,321001
2382,558014005
2383,30100413
2384,299
2385,101P
2386,321002
2387,644
2388,102P
2389,321200
2390,104P
2391,30110502
2392,321201
2393,105P
2394,106P
2395,421713
2396,30110504
2397,0555C
2398,421715
2399,1065
2400,455101
2401,30110506
2402,C1514
2403,30110508
2404,1651006274
2405,960102
2406,108P
2407,111022
2408,2161
2409,111024
2410,110P
2411,30110510
2412,2420C
2413,1049
2414,111P
2415,111027
2416,112P
2417,112420M
2418,30110513
2419,112425
2421,113P-24
2422,500010
2423,112429
2424,412630
2425,112670
2426,112686
2427,B0301/008
2428,112687
2429,114P
2430,B0301/009
2431,112688
2432,B0301/010
2433,112835
2434,116P
2435,112837
2436,500000
2437,NF6319
2438,117P
2439,112850
2440,NF6419
2441,118P
2442,113030
2443,5847064
2444,113040
2445,NF6519
2446,113050
2447,NF6719
2448,B0303/000
2449,113330
2450,NF6819
2451,113338
2452,ST399240
2453,B0303/010
2454,113345
2455,250330
2456,ST399340
2457,CE044
2458,421701
2459,CE051
2460,CE059
2461,CE071
2462,16450
2463,16460
2464,CE072
2465,CE075
2466,CE076
2467,CE077
2468,CE078
2469,R0739
2470,R0744
2471,R0745
2472,R0746
2473,R0747
2474,119P
2475,105621
2476,120P-24
2477,R121P
2478,R123P
2479,105630
2480,124P
2481,787021132
2482,125P
2483,787027108
2484,126P
2485,127P-24
2486,787031108
2487,128P
2488,5805325
2489,130P
2490,5805340
2491,5885532
2492,5885536
2493,9701119
2494,9701120
2495,9701186
2496,421702
2497,421830
2498,150102
2499,150103
2500,150513
2501,150514
2502,166001
2503,166002
2504,E6983N
2505,166003
2506,E7005
2507,166006
2508,16SV
2509,E8294N
2510,E8310N
2511,166007
2512,300
2513,306R
2514,168001
2515,9900
2516,216
2517,308
2518,11350
2519,309
2520,380110
2521,14611N
2522,315
2523,316
2524,24SV
2525,380141
2526,18962
2527,375
2528,3891516
2529,22662N
2530,479
2531,380205
2532,3893611
2533,22670N
2534,380220
2535,480
2536,22712N
2537,3898605
2538,496
2539,22837N
2540,ASA46
2541,497
2542,22720N
2543,380243
2544,ASA59
2545,498
2546,28891N
2547,499
2548,GX0209
2549,500
2550,UT103003
2551,441001
2552,43319N
2553,46254
2554,UT103019
2555,441003
2556,46405
2557,UT84010
2558,441004
2559,55391N
2560,441005
2561,57971
2562,57974N
2563,115020
2564,58621
2565,402
2566,59943N
2567,75372
2568,510
2569,511
2570,75373
2571,75374
2572,1601
2573,1615
2574,75375
2575,2017
2576,75377
2577,C102
2578,75790
2580,C103
2581,C104
2582,61427/240
2583,62815
2584,62917
2585,62921
2586,62927
2587,ACR57
2588,BK156
2589,BK158
2590,BK17409
2591,BK17508
2592,PA900020C
2593,PA9000-20L
2594,PA900020PR
2595,PA900024C
2596,PA9000-24L
2597,PA900024PR
2598,PA900028C
2599,PA9000-28L
2600,PA900028PR
2601,8
2602,12
2603,32
2604,403
2605,708
2606,1121M
2607,5800100004
2608,5800100011
2609,5800100018
2610,5800100023
2611,5800100025
2612,5800100030
2613,5800200001
2614,5800200002
2615,5800200007
2616,5800200035
2617,420
2618,5800300009
2619,B1525/132
2620,B1535/100
2621,5800300015
2622,H820P
2623,5800300020
2624,506
2625,5800300047
2626,507
2627,618
2628,620
2629,621
2630,1000001
2631,622
2632,623
2633,624
2634,1000002
2635,625
2636,1000003
2637,8010C
2638,8011C
2639,8012C
2640,1000007
2641,387
2642,1000035
2643,427
2644,428
2645,1030018
2646,432
2647,435
2648,436
2649,1800000
2650,437
2651,1800002
2652,1800017
2653,438
2654,1800035
2655,2050011
2656,104096
2657,104097
2658,104098
2659,104099
2660,104100
2661,104102
2662,104103
2663,G9825N
2664,126261
2665,K505
2666,126271
2667,K507
2668,1531001
2669,1531002
2670,1531500
2671,1531501
2672,112930
2673,250016
2674,250020
2675,250625
2676,255122
2677,1201-12
2678,256918
2679,1201-15
2680,591224
2681,1201-20
2682,1202-10
2683,ABC1595
2684,592429
2685,ABC1625
2686,593114
2687,ABC1687
2688,594134
2689,595711
2690,595712
2691,ABC1748
2692,ABC1946
2693,1005405
2694,ABC1977
2695,598111
2696,ABC2004
2697,598302
2698,ABC2035
2699,598801
2700,ABC2066
2701,803166
2702,ABC2097
2703,BW18-573575
2704,ABC2103
2705,1005406
2706,BW36C-573577
2707,ABC2127
2708,1005410
2709,ABC2134
2710,88230111
2711,ABC2158
2712,88230112
2713,ABC2165
2714,1005409
2715,ABC2189
2716,1005413
2717,88230211
2718,ABC2219
2719,ABC6071
2720,88230212
2721,50115
2722,ABC6101
2723,50120
2724,1115
2725,1005365
2726,1116
2727,1005366
2728,01117N
2729,1005398
2730,1005402
2731,1005401
2732,1006095
2733,5872532
2734,7221862
2735,7285534
2736,7285540
2737,7285550
2738,9730001
2739,9730002
2740,9730003
2741,9730004
2742,9730005
2743,9730006
2744,CA099001
2745,CA109001
2746,CA039001
2747,CA119001
2748,CB139001
2749,CB049001
2750,CB039001
2751,CB059001
2752,ST388311
2753,30150502
2754,30150504
2755,30030102
2756,30150506
2757,30150508
2758,30030104
2759,30030106
2760,30150510
2761,30030108
2762,30150513
2763,30030110
2764,30160302
2765,30030113
2766,30030502
2767,30160304
2768,30030504
2769,30160306
2770,30030506
2771,30030508
2772,30160308
2773,30030510
2774,30030513
2775,30160310
2776,30160313
2777,30040302
2778,30040304
2779,30040306
2780,30160502
2781,30160504
2782,30160506
2783,30160508
2784,30160510
2785,30160513
2786,ABC2844
2787,ABC2875
2788,ABC2905
2789,ABC3360
2790,ABC3391
2791,B1660/302
2792,B1660/308
2793,GX0048
2794,PLUG14
2795,PLUG16
2796,PLUG20
2797,729
2798,734
2799,735
2800,3300
2801,3301
2802,3302
2803,3304
2804,3307
2805,3309
2806,3310
2807,126281
2808,167221
2809,167260
2810,365743
2811,46888
2812,46961
2813,46973
2814,48024
2815,136100
2816,136110
2817,136120
2818,136130
2819,136140
2820,136170
2821,136300
2822,136310
2823,136330
2824,25425N
2825,25433N
2826,25565N
2827,25569
2828,340240
2829,68619N
2830,117196
2831,117197
2832,117198
2833,117200
2834,117201
2835,117202
2836,183010
2837,183030
2838,183040
2839,191861
2840,3500009
2841,3500013
2842,30040308
2843,30040310
2844,30040313
2845,30050102
2846,30050104
2847,30010202
2848,30050106
2849,30050108
2850,30010204
2851,30050110
2852,30010206
2853,30010208
2854,30010210
2855,30010213
2856,30050113
2857,30010302
2858,30050502
2859,30050504
2860,30010304
2861,30050506
2862,30010306
2863,30050508
2864,30050510
2865,30010308
2866,30050513
2867,30010310
2868,30060502
2869,30060504
2870,30010313
2871,30060506
2872,30010402
2873,30060508
2874,30060510
2875,30010404
2876,30060513
2877,30070302
2878,30010406
2879,30070304
2880,30070306
2881,30010408
2882,30070308
2883,30010410
2884,30070310
2885,30070313
2886,30010413
2887,30080302
2888,30080304
2889,30020102
2890,30080306
2891,30020104
2892,30080308
2893,30020106
2894,30020108
2895,30020110
2896,30020113
2897,30020202
2898,30020204
2899,30020206
2900,30020208
2901,30020210
2902,30020213
2903,30020302
2904,30020304
2905,30020306
2906,30020308
2907,30020310
2908,30020313
2909,30090202
2910,30090204
2911,30090206
2912,30090208
2913,30090210
2914,30090213
2915,30090302
2916,30090304
2917,30090306
2918,30090308
2919,30090310
2920,30090313
2921,ABC7320
2922,ABC2745
2923,ABC1601
2924,ABC6132
2925,ABC6163
2926,ABC6194
2927,ABC6224
2928,ABC6255
2929,ABC6286
2930,ABC6316
2931,ABC6347
2932,ABC1267
2933,ABC9522
2934,1726TS
2935,B2080/306
2936,B2080/305
2937,B1408/000
2938,B2080/302
2939,B2080/301
2940,B2080/303
2941,30010312
2942,30090413
2943,30090402
2944,30090404
2945,30090410
2946,30090406
2947,30090408
2948,30090513
2949,30090502
2950,30090504
2951,30090510
2952,30090506
2953,30090508
2954,30120313
2955,30120302
2956,30120304
2957,30120310
2958,30120306
2959,30120308
2960,3953173901
2961,30120410
2962,39631108501
2963,30120404
2964,39631119801
2965,9422
2966,97150
2967,2020110
2968,BM1307
2969,13642
2970,13635
2971,UM05004
2972,TI10-002
2973,TI10-004
2974,TI10-006
2975,TI10-008
2976,TI10-009
2977,UM13005
2978,UT31-001
2979,PEH3
2980,SPG05
2981,C10133/0053
2982,GX0037
2983,C10133/0210
2984,GX0093
2985,GX0094
2986,GX0091
2987,GX0095
2988,GX4080
2989,GX4070
2990,7814-88
2991,3324
2992,131P
2993,132P
2995,32209160
2996,133P
2997,7805-L2
2998,134P
2999,147P
3000,146P
3001,145P
3002,144P
3003,143P
3004,142P
3005,32200130
3006,32208200
3007,32208250
3008,32207160
3009,32207200
3010,24017/110
3011,24014/106
3012,24016/100
3013,61220/221
3014,61220/281
3015,61222/250
3016,61222/280
3017,ABC5463
3018,ABC5456
3019,ABC1359
3020,ABC5234
3021,ABC2271
3022,ABC1885
3023,ABC2240
3024,ABC10917
3025,ABC1236
3026,ABC2509
3027,ABC8617
3028,ABC2455
3029,ABC2899
3030,ABC2288
3032,79923
3033,H5922
3034,34741
3035,60018
3036,G3674
3037,C3108
3038,26853
3039,L7647
3040,72388N
3041,58833
3042,46256
3043,E4964
3044,C9867
3045,57976
3046,E4953
3047,C9863
3048,E4957
3049,E5931
3050,D8728
3051,4755
3052,C9861
3053,8204
3054,40334
3055,E8865
3056,BRA008A
3057,A008A
3058,P007C
3059,162918
3060,T2.8
3061,T2.13
3062,R0715
3063,B5106/124
3064,C3051
3065,B55049
3066,42440N
3067,B5010/102
3068,E4963
3069,B5010/106
3070,B5010/104
3072,D8748
3073,52848
3074,B5010/105
3075,C9866
3076,B2310/301
3077,E4965
3078,B5010/108
3079,B2188/325
3080,10407N
3081,B0301/021
3082,E7709
3083,B0752/135
3085,E6200
3086,59947
3087,B5010/101
3088,B2188/320
3089,27474
3090,B2241/308
3091,B2202/307
3092,21980
3093,B2202/364
3094,B2241/307
3095,E6205
3096,B60117/0009
3097,B1660/304
3098,10022
3099,B1684/025
3100,B1684/028
3101,B2192/300
3102,B1665/000
3103,E7837
3104,B0752/130
3105,B2215/300
3106,B2202/321
3107,B5010/107
3108,E7836
3109,B2509/307
3110,B1601/000
3111,B0301/013
3113,B2173/001
3114,B2360/000
3115,B2182/101
3116,B2195/300
3117,B2241/303
3118,R0736
3119,40367
3120,B86011/3435
3121,R0714
3122,B1660/306
3123,C1383
3124,B2202/319
3125,B0302/006
3126,9542
3127,B2182/102
3128,C1381
3129,B2221/319
3130,R0705
3131,B5010/125
3132,B21003/0170
3133,B1419/100
3134,B2196/306
3135,B1645/100
3136,B1681/040
3137,B2358/000
3138,B61060/3439
3139,B61060/3007
3140,B61060/3008
3141,B2182/100
3142,B2175/000
3143,B2389/100
3144,B2200/002
3145,B2215/101
3146,B10752/3435
3147,B10751/3435
3148,B10751/3434
3149,B2125/101
3150,B2386/139
3151,B1681/035
3152,B3011/202
3153,B2241/301
3154,B4950/121
3155,B2253/313
3156,B1413/100
3157,B1099/201
3158,B2020/004
3159,B1104/002
3160,B1693/040
3161,B2361/000
3162,B2098/499
3163,B2353/101
3164,B1660/307
3165,B1102/000
3166,B1660/305
3167,B1539/032
3168,B1568/100
3169,B10752/3434
3170,B1635/009
3171,B1160/120
3172,B64000/0001
3173,B2514/113
3174,B0302/024
3175,B0301/011
3176,B0301/012
3177,B1104/001
3178,B2202/311
3179,B2366/137
3180,B2215/145
3181,B1660/301
3182,B64001/0001
3183,B2508/304
3184,B5010/103
3185,B5010/118
3186,B64002/0001
3187,B2255/311
3188,B64003/0001
3189,B4702/120
3191,B2196/303
3192,B2202/331
3193,B1661/000
3194,B1600/000
3195,B2300/304
3196,B1098/201
3197,B1674/068
3198,B64004/0001
3199,B1113/022
3200,B2922/101
3201,3512999100
3202,8667
3203,4279
3205,2816
3206,3061
3207,3079
3208,2119
3209,4034
3210,7954
3211,13497
3212,13495
3213,2088
3214,99740
3215,3247
3216,3225
3217,3224
3218,54125
3219,34401
3220,2340
3221,3063
3222,3089
3223,3093
3224,2037
3225,3075
3226,13493
3227,13494
3228,3222
3229,3223
3230,3022
3231,80063
3232,4280
3233,2123
3234,3090
3235,12885
3236,12886
3237,190013
3238,A040586
3239,598301
3240,593214
3241,254536
3242,110025
3243,598801-50
3244,596321
3245,598402
3246,598502
3247,926594
3248,595812
3249,213215
3250,595811
3251,417060
3252,G066
3253,G065
3254,6243/066
3255,6220
3256,60A
3257,40M
3258,ST198211
3259,30125
3260,EFC000E019
3261,EFC000E405
3262,3SA015
3263,F3133/901
3264,F3195/012
3265,ESC030E101
3266,ESC040E101
3267,ESC050K001
3268,ESC050K002
3269,Z066930
3270,EB546E
3271,10078
3272,STJW36
3273,STJW49
3274,STJW4C
3275,STJW10RP
3276,STJW11RP
3277,600194
3278,600274
3279,600275
3280,600276
3281,600264
3282,600259
3283,600255
3284,764
3285,409
3286,0903011P0003
3287,21156
3288,85121
3289,21394
3290,BAND084BP
3291,BAND083BC
3292,BAND151P
3293,HO228B
3294,HO099C
3295,BAND055M
3296,BAND058P
3297,HO210BC
3298,HO211BC
3299,HO212BC
3300,BAND150M
3301,HO019BC
3302,HO236C
3303,HO237C
3304,HO238C
3305,BAND122M
3306,BAND123M
3307,HO012B
3308,BAND147B
3309,HO385C
3310,HO012M
3311,BAND107P
3312,MB2150
3313,MB2250
3314,PM105
3315,PM100
3316,PM103
3317,PM150
3318,PM07
3319,GR4422IX
3320,800119
3321,800123
3322,802212
3323,10128VD
3324,REF68
3326,STJW162
3327,STJW252
3328,STJW362
3329,STJW492
3330,STJW92
3331,STJWP
3332,STJW253
3333,STJW363
3334,52772
3335,52739X
3336,STJW9
3337,ST04
3338,ST06
3339,ST08
3340,ST07
3341,ST10401-A
3342,ST6504
3343,GE11000
3344,ST10401-F
3345,ST1010XFT
3346,ST10812
3347,ST1010XRP
3348,ST13002SPX
3349,ST13004X
3350,ST11003
3351,ST1010FFQ
3352,292322
3353,ELEBLME
3354,ELEBLLA
3355,WBWR1
3356,604496040
3357,1208066049
3358,1208056040
3359,637206040
3360,684426040
3361,637006041
3362,637016041
3363,637036041
3364,637046041
3365,637106041
3366,637116041
3367,5500846040
3368,673106041
3369,637206041
3370,673106042
3371,5500856040
3372,623426040
3373,625096040
3374,5500596040
3375,661396030
3376,5500646040
3377,683916040
3378,680196040
3379,617606040
3380,5500356040
3381,5500656040
3382,5500586045
3383,672656040
3384,684406040
3385,676606040
3386,638016040
3387,635016040
3388,638086040
3389,635076040
3390,638026040
3391,635026040
3392,635066040
3393,5500466040
3394,5500476040
3395,5500506040
3396,615246040
3397,5500706040
3398,5500606040
3399,655946040
3400,647536040
3401,5500696040
3402,3633309501
3403,604716040
3404,671136040
3405,1208096040
3406,1208076040
3407,1283436042
3408,1283866042
3410,ST1010SSQ
3411,ST1095RSF
3412,ST1010XSFQ
3413,ST610001W
3414,ST610001K
3415,1169W
3416,1192W
3417,M1193W
3418,M1193WH
3419,1171W
3420,1174W
3421,1117W
3422,1118W
3423,1175W
3424,1188W
3425,M1189W
3426,63304
3427,62978
3428,62344
3429,1283866041
3430,1283816041
3431,1283816042
3432,1208046040
3433,1283446040
3434,1284236040
3435,1283956040
3436,6025089990
3437,6025069990
3438,638076040
3439,5500339990
3440,638066040
3441,1284246040
3442,1288416040
3443,1289606049
3444,1288616041
3445,668936040
3446,1289606042
3447,1208356042
3448,617706040
3449,618656040
3450,618666041
3451,627876041
3452,633906040
3453,633956040
3454,5500556040
3455,5500756040
3456,5500806040
3457,3633309803
3458,660636030
3459,5500636040
3460,1283416040
3461,636456040
3462,682546040
3463,669036040
3464,5500736040
3465,5500666040
3466,1969076440
3467,671206040
3468,633356040
3469,639456040
3470,660626030
3471,5500626040
3472,5500396040
3473,5500346040
3474,604686040
3475,5500416040
3476,5500316040
3477,627876042
3478,615206040
3479,682406040
3480,5500616040
3481,663596040
3482,JD08PJC
3483,ST90512JC
3484,STA0002
3485,ST90512F
3486,925051060
3487,987000300
3488,3561211100
3489,35212011000
3490,3561274100
3491,3561233100
3492,3521202100
3493,925010030
3494,825010100
3495,63731
3496,63761
3497,63751
3498,215589
3500,63741
3501,62307
3502,68017
3503,63700
3504,TRU72FSE7402BG
3505,1812-424B-??
3506,405810
3507,498860PC
3508,ST105CIC
3509,1288126040
3511,DCP14N
3512,1210001
3513,50017583
3514,30018481
3515,64510339
3516,60016621
3517,30004118
3518,13440117
3519,64510405
3520,17891023
3521,13300362
3522,50011798
3523,50008492
3524,60017616
3525,14625600
3526,12400006
3527,12440405
3528,12221601
3529,64791728
3530,64791725
3531,50012923
3532,60006648
3533,17891022
3534,64510100
3535,50021352
3536,64510097
3537,64510096
3538,64510103
3539,60011408
3540,60010397
3541,13070189
3542,13620252
3543,14625000
3544,50010667
3545,50017586
3546,50010730
3547,50008640
3548,13702005
3549,30018409
3550,13702006
3551,4824902
3552,60006868
3553,14390018
3554,50012518
3555,50016532
3556,17461998
3557,50010024
3558,60001045
3559,13741604
3560,50008644
3561,60001044
3562,14280082
3563,50010791
3564,14314213
3565,14540103
3566,60003249
3567,60004120
3568,60010369
3569,50017134
3570,14530103
3571,14722421
3572,60003239
3573,34510341S
3574,14920004
3575,14314217
3577,14212411
3578,14212418
3579,50006000
3580,13620259
3581,17891012
3582,60013123
3583,13480218
3584,50010655
3585,30010182
3586,60004211
3587,50011999
3588,13620127
3589,14410590
3590,60018171
3591,14410589
3592,60012447
3593,60005489
3594,50010848
3595,60012402
3596,60011466
3597,60016445
3598,17461903
3599,60016446
3600,17461902
3601,17461904
3602,17461901
3603,30018795
3604,60007349
3605,34510284S
3606,13120918
3607,13120908
3608,50016248
3609,13741605
3610,14240540
3611,14241540
3612,14241940
3613,596
3614,4302
3615,HM1174GNT
3616,HM1174RT
3617,HM1174BLT
3618,HM1117BLT
3620,HM1117RT
3621,HM1175GNT
3622,17461906
3623,HM1175RT
3624,13070190
3625,13070188
3626,5501226040
3627,13070191
3628,13120910
3629,HM1175BLT
3630,60006317
3631,60006315
3632,50011956
3633,12SV
3634,14222120
3635,50011857
3636,60010189
3637,60010184
3638,1471
3639,60011797
3640,60010188
3641,1474
3642,60010190
3643,60011794
3644,WPA5BK
3645,707B
3646,131B
3647,50011969
3648,60005108
3649,4333
3650,17466914
3651,14249902
3652,4334
3653,4304
3654,50008624
3655,4314
3656,64740061
3657,17461803
3658,4309
3659,12600520
3660,12630412
3661,4311
3662,50007946
3663,60004699
3664,30014066
3665,CR3
3666,PM1918
3667,1908
3668,2303
3669,SMA720WT
3670,4CHR
3671,SMA510WT
3672,797
3673,MCTRA4LB
3674,MCTRA4BL
3675,MCTRA4GR
3676,MCTRA4WR
3677,MCRCA4BL
3678,MCRCA4RD
3679,MCTRWCBL
3680,MCRCWCBL
3681,MC4A4BLSET
3682,MCTIA4
3683,SMA720V4
3684,BLSMA100V7
3685,SMA510V8
3686,SBDBL85
3687,SBDWTE85
3688,SBSBL120
3689,SBSWTE120
3690,FBTACHAMP
3691,FBTACOCKTAIL
3692,FBTACHEF
3693,FBTAWINE
3694,FBTAPIZZA
3695,FBTAPLATE
3696,FBTACUP
3697,4331
3698,56C
3699,H121
3700,83S&P
3701,30S&P
3702,FBTCUP3
3703,WBWBL3040
3704,WBWTE3040
3705,WBWBL4060
3706,WBWTE4060
3707,WBWBL6080
3708,WBWTE6080
3709,FBBOTTLE
3710,FBGLASS
3711,FBCUP
3712,ELEBLSM
3715,76969
3716,0717021P0004
3717,02330313P2005
3718,0305032P2004
3719,0215014P0013
3720,0204021P1008
3721,47853
3722,600198
3723,600192
3724,600203
3725,600265
3726,600199
3727,600193
3728,0707F
3730,3DE044
3731,1DI002
3732,3ZU007
3733,F3195/011
3734,BB619
3735,Z036050
3736,3ZU045
3737,ETO015E100
3738,FR036030
3739,3KU007
3740,ECO006E100
3741,3EI014
3742,CE056
3743,143015
3744,142020
3745,DC003OPVC
3746,ECO008E004
3747,BSC020G
3748,BSC050G700
3749,SP111
3750,ASC050T
3751,Z046925
3752,3SA002
3753,Z076930
3754,FC077
3755,86015
3756,86025
3757,3GL003
3758,BB803E
3759,4PL005
3760,BB535
3761,CE011
3762,DTG001F
3763,3DE005
3764,DTG002G
3765,3DE017
3766,3DE027
3767,BB526
3768,CE029
3769,CE026
3770,DTG005
3771,FC031
3772,CE062
3773,AB556
3774,EB506G
3775,BB539E
3776,FC079
3777,PR3512
3778,BB539G
3779,3DE055
3780,3DE054
3781,5217013
3782,FC048
3783,8DE008
3784,6891714
3785,5292820
3786,CT138
3787,0228011P0015
3788,0254031P0003
3789,0259021P1001
3790,5465225G
3791,0254031P2003
3792,201531
3793,5861610
3794,0229411P
3795,4892088
3796,PR3503
3797,0108031P0007
3798,4292002
3799,PG016
3800,0229391P
3801,4891714
3802,311145
3803,6021862
3804,FK49240
3805,0131071P0006
3806,1991712
3807,0131071P0005
3808,2791711
3809,FK49241
3810,2255521
3811,0209014P0012
3812,DTG006
3813,7268932
3814,0209014P0024
3815,0246014P0004
3816,5205629
3817,FK49242
3818,0209014P0031
3819,2763215
3820,0209014P0032
3821,7285528
3822,FK49243
3823,0209014P0030
3824,4891711
3825,0305032P2009
3826,826
3827,6067423
3828,TL003
3829,0301122P1004
3830,6691711
3831,0305102P6005
3832,8656521
3833,A813
3834,FK48558
3835,0215014P0012
3836,0322011P0002
3837,TR2444
3838,5292725
3839,PRGFNC2
3840,29813701
3841,PR6700
3842,980157
3843,L220568
3844,C916
3845,4011
3846,FK14083
3847,ID57770
3848,388
3849,920
3850,5616
3851,PR-GP350
3852,PB42244
3853,MS31717
3854,MS26245
3855,PR8050
3856,5467421G
3857,6070046
3858,4869221
3859,6892725
3860,FK-45262
3861,MS81670
3862,6891716
3863,4892820
3864,PR4050
3865,105759
3866,8655521
3867,PRHGS2
3868,5492820
3869,7291711
3870,FK-41812
3871,2254541
3872,2768932E
3873,5805339
3874,5877814
3875,5805520
3876,2985528
3877,4869225
3878,8405311
3879,8422920
3880,9710015
3881,9710017
3882,4863216
3883,PB53643
3884,9710008
3885,6085540
3886,4867421
3887,PB10584
3888,9710025
3889,5805316
3890,FK14085
3891,5464219
3892,9710013
3893,2864219-5600
3894,8422100
3895,9710011
3896,4865221
3897,9710014
3898,9710012
3899,4868932
3900,8422436
3901,3469030
3902,9710010
3903,9710003
3904,PLUG12R
3905,235
3906,739
3907,1317
3908,1306
3909,1311
3910,1314
3911,9728
3912,M2225VM
3913,M2227PT
3914,M0953OC
3915,CE070
3916,NF7002
3917,NF7433
3918,CE064
3919,NF7025
3920,CE030
3921,NF7322
3922,NF7063
3923,DU013
3924,FC034
3925,SP106
3926,DT003FO
3927,NF6311
3928,NF7863
3929,NF7227
3930,NF5902
3931,DC006
3932,NF7163
3933,NF6514
3934,NF5543
3935,NF5744
3936,NF5545
3937,NF5843
3938,NF7660
3939,NF5844
3940,NF7700S
3941,NF5343
3942,NF5344
3943,DUG003B
3944,CE020
3945,CE048
3946,STJW6090C
3947,STEM2002
3948,CE050
3949,135092075
3950,ST76036704
3951,STD101GIWP
3952,ST05
3953,STJ102FP
3954,747000040
3955,STDB20
3956,STDB10SG
3957,ST350/07
3958,STDB10G
3959,747000070
3960,ST03
3961,ST2705G
3962,1212000100
3963,STD201G
3964,STD101G
3965,STD101
3966,ST6702-1
3967,257000075
3968,STC30101
3969,9111000013
3970,557888030
3971,1702M
3972,1204M
3973,1703
3974,D40BR3PBNE
3975,C40BR3FUNE
3976,CE049
3977,C60BR3SSNE
3978,D55BR3BKNE
3979,C55BR3CWNE
3980,P040
3981,101868017
3982,155974032
3983,155974007
3984,315800025
3985,1581048002
3986,21096342
3987,22002525
3988,21096340
3989,21096341
3990,22002524
3991,1011013004
3992,21096335
3993,21096402
3994,21096351
3995,21096358
3997,21096359
3998,21090487
3999,22002526
4000,37001181
4001,21096372
4002,21082116
4003,21096367
4005,ST13002OVX
4006,557000060
4007,UST18603M
4008,UST18606M
4009,3542000065
4010,ST130170
4011,925051100
4012,ST11975DL
4013,ST11975DD
4014,330355328
4015,875051100
4016,STSJ-RR
4017,692000065
4018,HM1174R
4019,30185241
4020,697000150
4021,ST241
4022,ST239
4023,31052
4024,99118
4025,HM1117BL
4026,99707
4027,52120RR
4028,STSJ-RR20
4029,4032
4030,31076
4031,HM1117R
4032,HM1174GN
4033,HM1175R
4034,ST10401-1C
4035,ST10401TAP
4036,1070
4037,51050
4038,62767
4039,50037S
4040,12884
4041,50041S
4042,50046S
4043,540350575
4044,50025S
4045,54035
4046,63476
4047,105820
4049,55052
4050,114356
4051,50224
4052,34035
4053,A114355
4054,50123S
4055,50140S
4056,190125
4057,PC1501
4058,50127S
4059,A210142U
4060,63478
4061,A190043
4062,50136S
4063,4918-800
4064,601175
4065,50145S
4066,601172
4067,EP075-150N
4068,23322
4069,A190142
4070,69032
4071,A039907
4072,MS-65032
4073,63721
4074,64752052
4075,66818
4076,PR-GCSS1
4077,64742104
4078,10990002
4079,23624
4080,MS80151
4081,30010855S
4082,A300049
4083,23628
4084,60018303
4085,PB43634
4086,60006596
4087,A037146
4088,23641
4089,60008503
4090,23620
4091,23636
4092,150981
4093,HO-MB21WT
4094,13690127
4095,23612
4096,A190102
4097,51628
4098,13690240
4099,A190122
4100,51620
4101,51624
4102,60011969
4103,601161
4104,50023543S
4105,51632
4106,601182
4107,54600241
4108,PB53653
4109,L25428L
4110,5002507
4111,A190009
4112,FK43066
4113,13620240
4114,FQ70102
4115,64742004
4116,PR7434
4117,25420
4118,34752282S
4119,1503096
4120,MS50153
4121,4830025
4122,114210
4123,EVPG1
4124,19835000
4125,62922
4126,FK42815
4127,4800019
4128,FQ70101
4129,4820019
4130,63623
4131,FK42816
4132,63627
4133,2200003
4134,63631
4135,MS-87505
4136,2200002
4137,2200001
4138,KSM64
4139,2200035
4140,FK1818
4141,2200007
4142,2200004
4143,2000030
4145,EV-LSS
4146,PRGOC310
4148,MS49802
4149,LH-144040S2M4
4150,FK42798
4151,A190041
4152,FK43780
4153,A150135
4154,PK20F
4155,601170
4156,5116
4157,140050
4158,C120100
4159,190122
4160,A041314
4162,935714
4163,933174
4164,933180
4165,924130
4166,924340
4167,937970
4168,937990
4169,924715
4170,932601
4171,302611
4172,932605
4173,932603
4174,302612
4175,302613
4176,CT13M
4177,BD12M
4178,CT8M
4179,CT20M
4180,PB12M
4181,CX174V
4182,CT21M
4183,CT40M
4184,CT39BD
4185,CT22M
4186,9144
4187,9283
4188,9265
4189,9497
4190,7110
4191,C85030/3441
4192,C85005/3434
4193,6150
4194,C20313/0009
4195,9286
4196,C61050/3416
4197,9112
4198,C10906/0008
4199,1330
4200,C61050/3409
4201,C10906/0001
4203,C85006/3434
4204,9109
4205,C20131/0009
4206,1187
4207,C61063/3052
4208,B4769/312
4209,1213
4210,C61063/3420
4211,9176
4212,9113
4213,9312
4214,9177
4215,9302
4216,9254
4217,S032012
4218,S032003
4219,9440
4220,9540
4221,DT55010
4222,DT55000
4223,DT00601
4224,DT05010
4225,DB03000
4226,DT20000
4227,DS5814
4228,DS5852AV
4229,B50101/010
4230,DB02050
4231,C204
4232,611
4233,201C
4234,560
4235,C301
4236,203
4237,401
4238,550
4239,520
4240,570C
4241,63637
4242,60030
4243,51223
4244,51225
4245,51219
4246,51221
4247,51220
4248,51224
4249,51222
4250,51218
4251,50918
4252,50920
4253,50924
4254,50928
4255,50932
4256,50936
4257,50940
4258,50945
4259,R62472A
4260,23830
4261,68200
4262,62797
4263,63022
4264,62923
4265,68512
4266,68612
4267,68406
4268,69123
4269,R61420P
4270,R61420A
4271,67433
4272,66823
4273,66738
4274,23618
4275,62462
4276,62488
4277,66921
4278,57636
4279,57640
4280,62989
4281,62317
4282,R63033
4283,61420
4284,62310
4285,67003
4286,63035
4287,4005
4288,501S
4289,501P
4290,HP1446
4291,HE0994/S
4292,HP1304
4293,HE0447
4294,HE0164
4295,GX6020
4296,GX6080
4297,GX6010
4298,GX8020
4299,GX8022
4300,GX0013
4301,GX0014
4302,310103
4303,332225
4304,690032M
4305,GX0012
4306,GX0052
4307,GX0082
4308,GX0003
4309,GX6030
4310,GX6070
4311,GX6060
4312,GX6050
4313,GX6040
4314,GX6180
4315,GX0004
4316,GX0062
4317,GX0463
4318,GX0029
4319,GX0001
4320,GX0127
4321,GX0468
4322,24284
4323,936114
4324,926909
4325,GX0475
4326,GX0027
4327,926918
4328,REF088
4329,926935
4330,655
4331,77220
4332,382
4333,PV293
4334,072617A
4335,128
4336,129
4337,72635
4338,PV203
4339,772
4340,72640
4341,757VD
4342,PV164
4343,164AM
4344,701871
4345,179
4346,701874
4347,177
4348,156P
4349,PV200
4350,701876
4351,711525
4352,922794
4353,598601-40
4354,86111
4355,23224
4356,10183117
4357,10183119
4358,10183110
4359,10183112
4360,10183118
4361,10183120
4362,10183115
4363,10183116
4365,10183111
4366,10183113
4367,10183114
4368,KCM086
4369,KCM9129
4370,KCM6107A
4371,KCM3071
4372,24151
4373,KCM6149
4374,KCM080
4375,26017
4376,691020
4377,694028
4378,190125
4379,113331
4380,113332
4381,263512
4382,141012
4383,150241
4384,150244
4385,113035
4386,113045
4387,716526
4388,113825
4389,713014
4390,112836
4391,713810
4392,263528
4393,936107
4394,332227
4395,932614
4396,932615
4397,52811
4398,932617
4399,932324
4400,712332
4401,675020
4402,932336
4403,M154001
4404,550577
4405,150104
4406,568143
4407,568228
4408,345151
4409,568164
4410,550656
4411,345112
4412,568159
4413,568923
4415,345658
4416,257911IN
4417,257914
4418,383720
4419,257922IN
4420,383640
4421,257916IN
4422,191270
4423,257913
4424,257904IN
4425,191250
4426,142160
4427,128455
4428,129430
4429,257931IN
4430,384530
4431,129470
4432,383606
4433,380253
4434,257921IN
4435,258221
4436,692028
4437,692032
4438,700020MT5321590
4439,700020MT5321591
4440,4304K
4441,128960
4442,400852
4443,419310
4444,405840
4445,412600
4446,412610
4447,126N
4448,127
4449,412640
4450,N129
4451,418240
4452,130
4453,N128
4454,418230
4455,ST40303D
4456,419320
4457,ST40303E
4458,180860
4459,ST4693B
4460,IS014YM
4461,COMP03G
4462,DS203B
4463,BSD13PC
4464,BSD14J
4465,IS022LM
4466,BSD24WW
4467,BSD21WW
4468,728025094
4469,183021073
4470,4804012112
4471,761004012
4472,817007100
4473,779004100
4474,761008017
4475,183028100
4476,167012077
4477,175028107
4478,299013220
4479,779004012
4480,183021107
4481,2291005214
4482,94025007
4483,299016220
4484,272022100
4485,272008077
4486,787023108
4487,779008017
4488,248028228
4489,183027908
4490,108050007
4491,141010051
4492,2640027109
4493,1856018108
4494,1856013274
4495,2771030108
4496,2780015214
4497,558014214
4498,2691018014
4499,1856016108
4500,175023908
4501,248032908
4502,248025073
4503,2089012014
4504,248036908
4505,248028908
4506,9202NA
4507,TM202
4508,9606
4509,9803PRT
4510,9200NA
4511,3900NPRL
4512,3900NBRL
4513,9903BRA
4514,PAE24
4515,20421/720
4516,20550/710
4517,62464/200
4518,62463/240
4519,61043/011
4520,20570/720
4521,30347
4522,30367
4523,30327
4524,20949
4525,30627
4526,3100020
4527,9024420
4528,9026420
4529,60180
4530,47133
4531,47132
4532,62165
4533,61147
4534,67509
4535,94300
4536,95300
4537,95600
4538,52133
4539,670925080
4540,620956044
4541,671126040
4542,1128096040
4543,1128076040
4544,1288566040
4545,1128016040
4546,1128046040
4547,1298756040
4548,1128666049
4549,1128039689
4550,1128356043
4551,1128066049
4552,1128789680
4553,1128786049
4554,1128356042
4555,1128056040
4556,1289936040
4557,1083626060
4558,620959990
4559,632736040
4560,6068559990
4561,620876044
4562,604476010
4563,638536045
4564,12695
4565,EZSERV200MECO
4566,6088810110
4567,620826044
4568,374500
4569,3632626115
4570,3632626116
4571,780
4572,451
4573,505
4574,508
4575,0770PL
4576,520
4577,540
4578,410
4579,0420P
4580,FOD04WW
4581,BRD23TG
4582,330
4583,FRD34LT
4584,FRD31MC
4585,TP1012
4586,FOD03WW
4587,M1065
4588,FU003FR
4589,PSEC
4590,BSD01
4591,M1008
4592,IS012FR
4593,3963173901
4594,IS013TG
4595,TP1013/1035
4596,T0A3BB
4597,TP1014
4598,BSD23WW
4599,LIXEIRA86L
4600,FSD03BB
4601,ESSEC
4602,FSD04BB
4603,M1019
4604,IH1FBB
4605,IH1/2BB
4606,H30BR
4607,LIXEIRA240P
4608,EESEC
4609,PU001WW
4610,BO204TG
4611,H50
4612,FRW13T
4613,M1012
4614,DU202WW
4615,M82
4616,PA374
4617,BUD12YW
4618,M1022
4619,PA372
4620,ST424L
4621,M1014
4622,63100004
4623,62459
4624,T1406
4625,MY4361R
4626,Q416
4627,6018
4628,6061
4629,M252
4630,1263
4631,60710010
4632,3154-06
4633,130185240
4634,1612
4635,13071
4636,1606A
4637,T1403
4638,BUGN1/1R
4639,LXBS30
4640,LXBS51
4641,1117
4642,5204103
4643,D5-SF031
4644,G78112
4645,D5-SF041
4646,5501602
4647,2534
4648,4112509
4649,201000000
4650,60780006
4651,WC100CWHN
4652,MY4300
4653,VL3253
4654,2025
4655,GL4002
4656,VL3753
4657,HT12CW
4658,900P
4659,16CW
4660,12CW
4661,22CW
4662,34CW
4663,40CWD
4664,20PPD
4665,30PPD
4666,SFC6
4667,40CWCH
4668,60CWCH
4669,40SC
4670,3SC500G
4671,40PPSC
4672,60PPSC
4673,90PPSC
4674,6227A
4675,6243/065
4676,6022A/066
4677,6233/065
4678,6002A/065
4679,1510M
4680,60AMS
4681,607657
4682,SM407
4683,607658
4684,698803
4685,552607
4686,550607
4687,9115710
4688,5109207
4689,9373212
4690,9373220
4691,561007
4692,698603
4693,698403
4694,5554637
4695,9377961
4696,5554437
4697,ST420031
4698,ST420011
4699,ST815400
4700,STDB305.
4701,ST015280
4702,ST015200
4703,ST015240
4704,ST398000
4705,9135015
4706,ST437010PAN
4707,ST770350
4708,ST711603
4709,ST711608
4710,9375800
4711,ST336010
4712,9375813
4713,ST437010SU
4714,9375810
4715,9375812
4716,ST437010S
4717,9184020
4718,ST469000
4719,9304020
4720,9137018
4721,9331821
4722,9371624
4723,9351231
4724,304080
4725,9402022
4726,553026
4727,9371525
4728,332201
4729,332200
4730,170560
4731,170760
4732,170460
4733,171260
4734,193601
4735,193401
4736,190401
4737,191601
4738,192122
4739,485800
4740,488600
4741,535630
4742,356510
4743,180260
4744,585.24.2
4745,585.26.2
4746,585.28.2
4747,585.34.2
4748,585.40.2
4749,WH10
4750,WPA5B
4751,4716
4752,CBBBL
4753,CBBW
4754,CBBR
4755,187B
4756,AB1111
4757,T274
4758,ST544
4759,HM1118Y
4760,1076BK
4761,1185W
4762,3715P
4763,4335
4764,3715
4765,9300020
4766,377
4767,9371520
4768,376T
4769,9300026
4770,9363165
4771,9396107
4772,H1235
4773,9322632
4774,P10Y
4775,9365168
4776,9377921
4777,9377940
4778,9377930
4779,9377931U
4780,9377910
4781,9377911
4782,9377901
4783,9377900
4784,9377905
4785,9027511
4786,355068
4787,354130
4788,654612
4789,153323
4790,174020
4791,657009
4792,657018
4793,657109
4794,152039
4795,252620
4796,252632
4797,650321
4798,656096
4799,656657
4800,256110
4801,152046
4802,906228
4803,655268
4804,655272
4805,655222
4806,655275
4807,655225
4808,655235
4809,902682
4810,MC3CYA4BR2
4811,MCRCA4BU
4812,MCRCA4WT
4813,MCRCA4OR
4814,MCRCA4GR
4815,MCRCA4VI
4816,MCLDA4CP
4817,MCLDA4BL
4818,MCLDA4SL
4819,MCLDSPCP
4820,MCLDSPSL
4821,MCLDSPBL
4822,MCBOXTRA4LB
4823,MCBOXTRA4BL
4824,TAGA8WT
4825,MCBOXDRA4C
4826,BLSMA510YE
4827,BLSMA510BU
4828,BLSMA510WT
4829,BLSMA510GD
4830,BLSMA510OR
4831,BLSMA510SL
4832,BLSMA510PI
4833,BLSMA510GR
4834,BLSMA510RD
4835,BLSMA510VT
4836,BLSMA100V4WT
4837,BLSMA100V4COL
4838,BLSMA100V4TRO
4839,SMA720V4WT
4840,SMA510V4WT
4841,SMA510V4
4842,LBDB56
4843,FBHEART
4844,FBFLOWER
4845,ELESLA
4846,ELESME
4847,ELESSM
4848,MINIB1
4849,MCDRA4CROC
4850,MCDRA4PAISLEY
4851,MCDRA4REPTI
4852,SP01
4853,MCLD45CP
4854,MCLD45SL
4855,MCLD45BL
4856,MCS4A4BLSET
4857,LH2196
4858,MCDRWCCOR
4859,MCLIA4IJ
4860,KDL515VM
4861,MCLIA4LJ
4862,ELEMSM
4863,ELEMME
4864,ELEMLA
4865,FBTABEER
4866,FBTTEAPOT
4867,FBTHOUSE
4868,FBTPLATE
4869,FBTCUP
4870,FBTMEMO
4871,FBTAMENU
4872,FBTASANDWICH
4873,FBTAICECREAM
4874,WBWTE2024
4875,WBWTE2040
4876,FBTPLATE3
4877,MCLDMC10
4878,WBWR3
4879,9377960
4880,B1160/130
4881,B2923/101
4882,B1331/065
4883,B1510/035
4884,B3090/202
4885,B2154/000
4886,B3003/201
4887,B2200/180
4888,46510
4889,B2200/160
4890,B2200/140
4891,B0302/021
4892,86113
4893,62309
4894,ECO4681S0
4895,SP1001430
4896,61160
4897,KP21905
4898,5290360
4899,ECO9211S0
4900,2176
4901,5290540
4902,RS609WORKS00CJ
4903,47122
4904,2170
4905,R29460
4906,61145
4907,2171
4908,2174
4909,BG374818S
4910,GN120065001
4911,1617
4912,2180
4913,VG2900300PC
4914,RS994OFRS00PC
4915,K110
4916,K260
4917,K506
4918,MX400140
4919,K256
4920,9001F
4921,C04S
4922,C04R
4923,C031LL
4924,VG2900100PC
4925,G01W9004
4926,I4219001
4927,M253
4928,MX400340
4929,TI10010
4930,HZ100234
4931,6002803
4932,9406
4933,RS995OFRS00PC
4934,6003800
4935,3306
4936,S1000L
4937,BG05
4938,MX200740
4939,7001302
4940,S1000BG
4941,MX200840
4942,S200AZ
4943,6001001
4944,PK28F
4945,S300P
4946,RS769LVNS
4947,6003804
4948,S450
4949,9407
4950,UB105
4951,S500
4952,S300AZ
4953,1028
4954,UTP25
4955,4615
4956,TI10013
4957,T1413
4958,Q610
4959,PA50-002
4960,Q630
4961,DM24012
4962,1111R
4963,3308
4964,UC57
4965,M136
4966,P5002BR
4967,UMP32
4968,P5003CF
4969,1006
4970,PA700028
4971,P5014BR
4972,9G58-00
4973,P5008AM
4974,6143
4975,P5003VO
4976,P5001MO
4977,9T84
4978,UMP22
4979,P5003AB
4980,3353-88
4981,P5007BR
4982,UMP318
4983,T1414
4984,UMP0918
4985,6143BR
4986,9C74
4987,UMP0935H
4988,H146
4989,ST0103
4990,R2802
4991,UMP0939
4992,9T78
4993,R4756
4994,R20059
4995,3315
4996,R20026
4997,ST0003
4998,UMP309
4999,R6778
5000,4614
5001,9T72
5002,R20207
5003,ST0010
5004,4091PR
5005,UT84016
5006,ST0002
5007,211P
5008,SB10
5009,R7202
5010,ST0007
5011,PA50-032
5012,R7003
5013,ST0001
5014,R10753
5015,TC1470
5016,ST0009
5017,41
5018,R18036
5019,R7012
5020,R12280
5021,R10805
5022,ST0108
5023,R7517
5024,SOC10G
5025,ST0102
5026,R1120
5027,BGM03
5028,R2800
5029,ST0107
5030,CLNBRAV
5031,R1052
5032,CLNSRAV
5033,COM1050
5034,R7972
5035,EZS1002
5036,ST0101
5037,PA50-006
5038,GM130
5039,R9449
5040,UCP09
5041,ST0006
5042,OW700
5043,R20178
5044,UMP12825
5045,CLNWSBAV
5046,R9323
5047,ST0005
5048,JJ40013
5049,SPS720SI
5050,UT41
5051,R3012
5052,ST0106
5053,JJ10074
5054,R3193
5055,AP411
5056,UMP1722
5057,R20175
5058,UMP1728
5059,R2845
5060,JJ40004
5061,R20046
5062,ST0004
5063,UMP1718
5064,R3014
5065,ST0105
5066,JJ40003
5067,5012
5068,R7020
5069,R7022
5070,ST0011
5071,R12093
5072,COM0565
5073,JJ10073
5074,R4140
5075,ST0104
5076,TC14210
5077,R6911
5078,UMP12830
5079,JJ20061
5080,R7019
5081,DFL2-057
5082,R7268
5083,R7313
5084,UMP148
5085,JJ20062
5086,R12095
5087,16514086
5088,L1777
5089,UT20003
5090,16700738
5091,Z102
5092,JJ60002
5094,UT55001
5095,Z101
5096,JJ20063
5097,T3243
5098,T3244
5099,10400133
5100,JJ60041
5101,T3249
5102,T3213
5103,17551304VD
5104,T3233
5105,JJ60003
5106,17551304VH
5107,JJ10055
5108,18117205
5109,23050405
5110,JJ40011
5111,R1054
5112,17551371VD
5113,4175/12
5114,R9013
5115,23050401
5116,6130/05
5117,JJ60013
5118,R3013
5119,17551371VH
5120,JJSCG016SW
5121,R3005
5122,23050400
5123,R7848
5124,JJ60014
5125,R7851
5126,R3016
5127,23050407
5128,R3671
5129,18604797
5130,R3015
5131,JJ10072
5132,311302756
5133,R2806
5134,23050402
5135,311404802
5136,R7409
5137,JJSCR016SW
5138,311009226
5139,18603294
5140,R1161
5141,DM24017
5142,R2805
5143,JJ40002
5144,18603295
5145,R1762LA
5146,17551314
5147,R1761VM
5148,17551344VD
5149,JJ40001
5150,R1764AZ
5151,R2804
5152,17551344VM
5153,311101091
5154,R1214
5155,311009299
5156,R1763VM
5157,JJ40014
5158,311101092
5159,RCN023
5160,R6740
5161,UA-20060
5162,20140210470013
5163,R3017
5164,JJ40020
5165,311302886
5166,R3011
5167,311007159
5168,AP0007
5169,UA-20063
5170,311019030
5171,R20779
5172,20140170310055
5173,R20780
5174,UA-19803
5175,20140170310042
5176,UT55002
5177,AP900BCF
5178,VD23020
5180,RE01333
5181,1331123601
5182,UB06783
5183,IC00201
5184,BT0533
5185,TE04683
5186,PO00863
5187,PO00883
5188,100804139
5189,100804324
5190,100807274
5191,100800052
5192,100806049
5193,32326106802
5194,100807347
5195,100805008
5196,100010893
5197,GN12000T001
5198,D6646
5199,TC21030
5200,GN110150001
5201,GN110100001
5202,33348
5203,40308
5204,28306
5205,28405
5206,19182
5207,33362
5208,9282
5209,MSV041
5210,L220259
5211,E9350
5212,IN8089
5213,263BA
5214,L220382
5215,E7173
5216,CLX90
5217,PS363
5218,G2593
5219,E7043
5220,IN7181
5221,IN9307
5222,264BA
5223,80721
5224,D6665
5225,PFL100BCF
5226,87400
5227,FP559950
5228,75201
5229,FT1441
5230,4020055
5231,HSKH087S
5232,70361
5233,9100135
5234,FT819
5235,LF5000B
5236,12404
5237,LF5000P
5238,FT1868VD
5239,G2410
5240,30160104
5241,FD12
5242,H4411N
5243,220172812
5244,FD09C
5245,TPMCVL
5246,FD19
5247,MB7S
5248,12252
5249,V100
5250,1530
5251,11266
5252,ABC2448
5253,H4412N
5254,41415
5255,G2411
5256,G8420
5257,62542
5258,R7036
5259,G8416
5260,G8419
5261,R6853
5262,R1923
5263,53808
5264,R7032
5265,R7024
5266,R20812
5267,3312V
5268,2025V
5269,DC052
5270,R1925
5271,H05C4
5272,R4769
5273,H05A7
5274,R6744
5275,DC066
5276,R20813
5277,PDZ019
5278,R28070
5279,H05A8
5280,R1264
5281,DZ065
5282,R1265
5283,PDZ022
5284,R1377
5285,DC027
5286,R20208
5287,DZ026
5288,R4175
5289,R1924
5290,DX121
5291,PDZ094
5292,PDZ028
5293,388462
5294,61483
5295,388456
5296,393533
5297,61378
5298,393532
5299,388464
5300,61219
5301,393534
5302,PB249463
5303,PB249462
5304,PB136452
5305,PB136453
5306,PB61559
5307,PB136456
5308,PB136454
5309,PB249464
5310,PB61553
5311,PB249456
5312,PB61554
5313,PB61917
5314,PB61556
5315,PB61916
5316,PB61931
5317,PB61933
5318,388463
5319,388455
5320,BAMBO044
5321,GL500
5322,ON008
5323,BAMBO043
5324,GAF002
5325,SAVI002
5326,COVI003
5327,BOMBO01
5328,HP094
5329,DSSI001
5330,HP095
5331,HB018
5332,ECO011
5333,HB007
5334,BA052
5335,RELO001
5336,RELO006
5337,311305276
5338,COM2070
5339,TCGASTRO03
5340,AC24041
5341,311007084
5342,311007163
5343,FBQ104
5344,311101082
5345,311302770
5346,UMP103
5347,311302757
5348,JA602
5349,311405221
5350,AC24043
5351,UT55005
5352,311104007
5353,311302779
5354,CH30
5355,311302930
5356,311015709
5357,UMP307
5358,311302754
5359,311101085
5360,311009218
5361,UT55012
5362,311105093
5363,311015152
5364,UT39
5365,311301089
5366,UT55007
5367,UMP0410
5368,VD24047
5369,UMP046
5370,UMP047
5371,CSP712
5372,PA800028L
5373,F0A85001
5374,UT55003
5375,UMP048
5376,UMP1018
5377,BU10002
5378,UMP2312X
5379,P105
5380,516
5381,X438
5382,MA10
5383,8111020001
5384,VD24048
5385,57605
5386,PFL300BCF
5387,Y56172
5388,Y01505
5389,Y8108010008
5390,Y8104110040
5391,LM300
5392,Y59241
5393,Y6942
5394,PFL400BCF
5395,AB17
5396,Y81070100060
5397,CH25LS
5398,Y64252
5399,Y56356
5400,Y63156
5401,8108010045
5402,Y66799
5403,Y00454
5404,PA50-021
5405,Y63149
5406,Y64368
5407,RE120
5408,Y69097
5409,Y69219
5410,UMP1140
5411,Y8105030026
5412,Y8105030027
5413,SP05
5414,Y63163
5415,Y66966
5416,8105070034
5417,VD24049
5418,Y01406
5419,UMP27
5420,UMP1835
5421,UT102017
5422,UMP121GR
5423,REL25
5424,UT55004
5425,TRV4040TR
5426,UMP07
5428,UMP249
5429,TRV4030TR
5430,TRV4035TR
5431,TRV4040TB
5432,TRV5026TR
5433,UMP0228
5434,UMP6114BR
5435,UMP1022
5436,TRV4030TB
5437,TRV4035TB
5438,UMP6116BR
5439,UM99
5440,TRV5026TB
5441,UMP0220
5442,UMP1219
5443,UMP06
5444,UMP0240
5445,GA30PRO
5446,8503921-12
5447,UA-19801
5448,UA-21237
5449,UA-20059
5450,MS50681
5451,UA-20968
5452,KSM280
5453,FL8220
5454,UA-19186
5455,MS49556
5456,UA-19937
5457,UA-21450
5458,UA-22187
5459,TAQP
5460,UA-19187
5461,1011013003
5462,UA-22146
5463,UA-19181
5464,UA-21642
5465,PR3405
5466,KAEX
5467,UA-20255
5468,UA-19997
5469,21096366
5470,8503921-05
5471,MS2944
5472,UA-21467
5473,UA-21347
5474,PR-GMMC73
5475,21082117
5476,MA015VD
5477,MS50436
5478,21096338
5479,BD002VM
5480,20110170330004
5481,DS5977
5482,9101715-02
5483,BD003VM
5484,20110170330007
5485,21096339
5486,ASA8
5487,AP0033
5488,AP0026
5489,21096369
5490,LDMP
5491,30952
5492,WL-992009
5493,AP0009
5494,459100
5495,PR1000S
5496,21096368
5497,W1051
5498,CJ609521
5499,AP0020
5500,COL939114
5501,SN165
5503,20140170300102
5504,DK476705S
5505,22002527
5506,W1028
5507,TI200
5508,TC23228
5509,DE315928F
5510,W1079
5511,LH-192818M4
5512,20110170330009
5513,DK476805C
5514,21002753
5515,JJ33
5516,20110170330005
5517,1331123701
5518,423-210149
5519,20140160270021
5520,M720
5521,21083882
5522,JO05002
5523,TE8779
5524,20140160270032
5525,DI412H
5526,VD23210
5527,537-66443
5528,3936173312
5529,21096373
5530,COL939521
5531,VD23211
5532,DS6153
5533,20140170310053
5534,21096352
5535,086-343922
5536,20140170310054
5537,PRCJ3
5538,L220561
5539,20140160270014
5540,21090219
5541,20140170310102
5542,5500986040
5543,20140170310103
5544,439-355877
5545,22000567
5546,617676040
5547,20150170310006
5548,624339990
5549,1431123701
5550,VD24070
5551,21096336
5552,DTFS
5553,3531123701
5554,676836040
5555,FK48125
5556,672616040
5557,11376
5558,675866040
5559,PFL200BCF
5560,MJNJ10
5561,20140210470011
5562,21096370
5563,FK42907
5564,20120160230002
5565,11381
5566,JJ40065
5567,20120160270017
5568,MJNC10
5569,11383
5570,20140160270007
5571,JJ40066
5572,21082118
5573,EVPSN100PK
5574,JJ40062
5575,11326
5576,VD24071
5577,J093
5578,JJ40061
5579,L220218
5580,624269990
5581,30953
5582,R185
5583,1231123701
5584,ICP30
5585,20140170340087
5586,620826231
5587,133R
5588,21090672
5589,20070180370052
5590,LICZ0040UTR
5591,20140170340085
5592,LICO0013UTR
5593,60031
5594,21082108
5595,IDGA/025
5596,20070180370062
5597,LICO0006UTR
5598,5900808290
5599,20070180370050
5600,LICZ0039URS
5601,10070
5602,8002CT/1
5603,LYCZ0042UPR
5604,LICA0079URS
5605,21096362
5606,5500346140
5607,FK20992
5608,8002CT/2
5609,KK0001Y
5610,LICO0005UTR
5611,21002756
5612,1775/1
5613,KK0019Y
5614,KK0030Y
5615,1261BP
5616,MS-28293
5617,21082110
5618,KK0021Y
5619,315/1G
5620,315/1M
5621,BM19127
5622,21002759
5623,58320
5624,16220037001
5625,75025638
5626,21096334
5627,16220066001
5628,FK42524
5629,75006451
5630,75005203
5631,PR-3519
5632,1680/1
5633,21090488
5634,75005202
5635,294
5636,DS5649
5637,FK15231
5638,75005206
5639,5900758290
5640,DS5622
5641,75005546
5642,85026099
5643,21094112
5644,102784
5645,102449
5646,21096361
5647,YX-8014R
5648,102450
5649,0153316058P
5650,100843
5651,85027040
5652,75005955
5653,1572
5654,101530
5655,21090485
5656,85027038
5657,100845
5658,1515
5659,49001
5660,21096363
5661,85006726
5662,100844
5663,330A
5664,85026098
5665,DS5780
5666,21090484
5667,75006170
5668,102640
5669,1469A
5670,21082111
5671,75005205
5672,75025166
5673,1577
5674,102639
5675,1575
5676,MS78136
5677,101801
5678,1480
5679,75005204
5680,75006413
5681,1481
5682,14680
5683,75025639
5684,BM20134
5685,28790311
5686,9075
5687,75006169
5688,1662267
5689,85006725
5690,WL996005
5691,28389
5692,14664
5693,28800311
5694,58367
5695,23248
5696,25850311
5697,75005207
5698,28390
5699,75006415
5700,100789
5701,25376SM
5702,PS24FJ
5703,421459
5704,75006528
5705,PS20CJ
5706,102481
5707,1662283
5708,BRZL1005012
5709,RAVI
5710,75025578
5711,1622143
5712,BRZM1101012
5713,58470
5714,787610422
5715,1622145
5716,70025413
5717,1231123601
5718,32591311
5719,380610
5720,1431123601
5721,75025115
5722,32589311
5723,MS78938
5724,70025414
5725,32587311
5726,3531123601
5727,510319
5728,75005966
5729,66949537
5730,85027039
5731,390684
5732,DUO7146PT
5733,MS50233
5734,47365516
5735,85025256
5736,DUO7186PT
5737,281916
5738,75006458
5739,39105743
5740,DUO7185BR
5741,85025255
5742,373077
5743,85025266
5744,130002002UN
5745,DUO7146BR
5746,75006455
5747,135004002UN
5748,59024487
5749,75006456
5750,IS2254
5751,2026
5752,1995
5753,295
5754,IS942
5755,390I
5756,392
5757,I388
5758,AB2461
5759,AB1431U
5760,AB10974
5761,250201001
5762,250101001
5763,980036021
5764,980036004
5765,980036028
5766,980036030
5767,980036002
5768,BRTA20LG
5769,BRTA5LG
5770,S215080
5771,41234
5772,S174601
5773,S196605
5774,S104635
5775,S104633
5776,41235
5777,S139601
5778,S221605
5779,41210
5780,S193260
5781,41220
5782,S193207
5783,S193201
5784,50010
5785,S193222
5786,S193203
5787,41250
5788,S193240
5789,41230
5790,41240
5791,50010U
5792,2053
5793,85006703
5794,75006198
5795,75025082
5796,85006704
5797,70005364
5798,75025579
5799,75025083
5800,93025423
5801,75025110
5802,79025390
5803,75025108
5804,59024490
5805,75005544
5806,79025393
5807,85006705
5808,75025113
5809,75025076
5810,79025389
5811,70005452
5812,70005451
5813,75025009
5814,79025392
5815,75024967
5816,75024970
5817,58723
5818,75024969
5819,75006544
5820,75006216
5821,75025077
5822,68025738
5823,121240
5824,772008
5825,201508
5826,201003
5827,340221
5828,206565
5829,150219
5830,V20000
5831,5290060
5832,75130
5833,30047V
5834,30067
5835,1223096040U
5836,1999998617
5837,5900418290
5838,624126040
5839,633066044
5840,ST9083021
5841,606036040
5842,1779249801
5843,958565
5844,624329990
5845,958190
5846,603156040
5847,ST928319SQ
5848,16765
5849,627016042
5850,414
5851,75
5852,3713P
5853,T1400
5854,5834
5855,620986042
5856,669516042
5857,611J
5858,1999555614
5859,628686042
5860,627076042
5861,BK2RR
5862,657656030
5863,7805
5864,4CHSBK
5865,513
5866,H159
5867,022CL
5868,57672
5869,MC490
5870,LJ9350PT
5871,021CL
5872,ML775
5873,2850
5874,LJ9330VM
5875,2824
5876,2816
5877,2808
5878,LJ9350VM
5879,2112
5880,ST115
5881,M3000
5882,A362
5883,1606
5884,ST122
5885,T357
5886,21
5887,CBR6BK
5888,ST117
5889,GHC10
5890,ST118
5891,GHC16
5892,GHC24
5893,ST69
5894,187W
5895,AB157
5896,ST76
5897,A1915
5898,ST116
5899,ST119
5900,ST70
5901,ST71
5902,ST72
5903,ST120
5904,ST123
5905,ST121
5906,ST78
5907,ST73
5908,ST74
5909,ST77
5910,ST75
5911,5900398290
5912,638476041
5913,CY-10
5914,1417
5915,LX750
5916,502
5917,BG350
5918,CV310NT
5919,1999999132
5920,1502
5921,PF800
5922,1802
5923,6068519990
5924,100071
5925,PF900
5926,EL9760
5927,1900000008
5928,CTT1000AZT
5929,1935066440
5930,100100
5931,CTT1000RS
5932,100193
5933,5500476041
5934,CTT1000PTF
5935,100196
5936,CTT1000PSF
5937,5500486040
5938,100184
5939,CTT1000BCF
5940,665716040
5941,SW3730VD
5942,6031309991
5943,100064
5944,CL510NT
5945,SW3730NT
5946,1971486440
5947,671456040
5948,ER9745
5949,671476040
5950,100980
5951,1971476440
5952,LX3500
5953,671466210
5954,670896040
5955,CE7830AZ
5956,5500546040
5957,5500536040
5958,BJ500NT
5959,100390
5960,CE7830VD
5961,1279096040
5962,1142096090
5963,CP3780
5964,1202096040U
5965,CE7830NT
5966,1248096040
5967,100191
5968,TS750
5969,1101106040
5970,1202076040U
5971,SS6690NT
5972,1219076040PVDPG
5973,SS6650NT
5974,1279076040
5975,AF100
5976,1142076090
5977,1176016040
5978,LX3000
5979,CW7760NT
5980,MA346VD
5981,1219016040PVDPG
5982,PC620
5983,1253016040U
5984,1229016040
5985,MA158VD
5986,1255016040
5987,1132016041
5988,1279016040
5989,MA340VM
5990,1142016090
5991,1011016060
5992,SL773AI
5993,1206016040
5994,MA031PR
5995,1248106040
5996,SL156AI
5997,SL764AI
5998,SL766AI
5999,MA313VM
6000,MA237AI
6001,MA351MC
6002,624106040
6003,5500949990
6004,620106044
6005,1983896440
6006,683446040
6007,5500776040
6008,632966030
6009,683376040
6010,620076041
6011,747256031
6012,632836440
6013,632666040
6014,633036210
6015,632956230
6016,624236040
6017,3320366000
6018,1974736440
6019,6030330690
6020,632936043
6021,5500676040
6022,632926030
6023,1999996190
6024,628476210
6026,3306809000
6027,620956046
6028,1283876042
6029,3632626122
6030,3632626121
6031,1283876041
6032,682326040
6033,1134046040
6034,610826044
6035,1279046040
6036,1142046090
6037,1176106040
6038,624706040
6039,1999555594
6040,6030469990
6041,1779289801
6042,620836033
6043,1779209801
6044,5800900059
6045,1999993119
6046,1999995082
6047,1048666069
6048,1255356043
6049,MA345MCPT
6050,MA358MC
6051,SL673AI
6052,SL676AI
6053,MA341MC
6054,MA339LA
6055,638536044
6056,3632626111
6057,669516041
6058,1770286041
6059,682526040
6060,678196040
6061,627886041
6062,618496040
6063,1288036046
6064,5800910058
6065,5800910057
6066,1740096040
6067,1279056040
6068,1134056040
6069,1101156042
6070,1134356042
6071,1255356042
6072,1253406040
6073,1011026060U
6074,1142026090
6075,1134026040
6076,1279026040
6077,1219026040PVDPG
6078,134056060
6079,1248056040
6080,1262356042
6081,1248356042
6082,101026060
6083,5472646040PVDGM
6084,5473646040PVDG
6085,1219646040PVDPG
6086,1253646040PVDBZ
6087,619066040
6088,655776040
6089,1248786049U
6090,1248786049
6091,1248786048
6092,0101066069U
6093,1176356043
6094,1248066049U
6095,1202066049U
6096,1262356043
6097,0134356063U
6098,1134356043
6099,1147356043
6100,1254786049
6101,1255066049
6102,1248066049
6103,0101036069U
6104,1128036049
6105,1176066049
6106,1176036049
6107,1147786049
6108,624356040
6109,5416666049
6110,624366040
6111,1142666099
6112,1279666049
6113,632976040
6114,1248666049
6115,633346210
6116,1147666049
6117,5500216040
6118,1128039689U
6119,1279036049
6120,682426040
6121,1229036049U
6122,1255036049
6123,682576040
6124,1134036049
6125,1219036049PVDPG
6126,1999996182
6127,CE079
6128,CE013
6129,CE058
6130,DUG011S
6131,CE067
6132,DUG004W
6133,CE009
6134,CE053
6135,DTG007
6136,DUG004B
6137,DTG001GU
6138,PG022
6139,SP108
6140,CE065
6141,CE047
6142,CE024
6143,CE074
6144,CE060
6145,CE018
6146,CE081
6147,CE021
6148,CE046
6149,SP102
6150,FC030
6151,SP040
6152,CE019
6153,CE012
6154,CE057
6155,CE010
6156,SP056
6157,SP107
6158,DPG001G
6159,CE016
6160,DTG001C
6161,DTG001G
6162,DTG002C
6163,DTG002F
6164,JRE3555
6165,PC680
6166,BM500
6167,PC685
6168,PC610
6169,PB550PT
6170,PB550BC
6171,BA3660PTF
6172,PC615
6173,EM9800VM
6174,BA3660BCF
6175,PO1034PT
6176,FS4050
6177,DP9100VM
6178,PC9500VM
6179,PO1034BC
6180,PC555VM
6181,IT2500
6182,JP5250
6183,MV560
6184,PTV510CHF
6185,PC9500PT
6186,88230104
6187,1000009
6188,1000012
6189,1000015
6190,506190
6191,3520010
6192,ST10401CIC
6193,JD08-CN
6194,ST10401-2C
6195,3489
6196,AP409
6197,B3004/201
6198,B2251/311
6199,3350C
6200,CM002C
6201,3646C
6202,2304C
6203,FC013
6204,4865227
6205,4869230
6206,2768932
6207,2256521
6208,6692088
6209,B50301/003
6210,B50301/005
6211,B50301/006
6212,DT13900
6213,DT13540
6214,DT13520
6215,DT13500
6216,B50401/002
6217,B50401/003
6218,B50301/019
6219,DS5796
6220,UMP0935
6221,BMB15
6222,WE4479010100
6223,TR2267
6224,MS-28109
6225,PR-3153
6226,IN14989
6228,572515
6229,GX0469
6230,GX0006
6231,GX0429
6232,TP1022
6233,ASS1309
6234,AC11
6235,AC14555
6236,SN12236
6237,ASA1446
6238,A5000
6239,SN12250
6240,SN14284
6241,ASA1501BZ
6242,AC12537
6243,AC965
6244,AT14IF4
6245,AC7B
6246,VIR261
6247,ADA408
6248,ADR25DA
6249,ADR25DS
6250,ROMAS5
6251,ROMAS
6252,ARA420
6253,ALX03
6254,TC1504
6255,TC1503
6256,BM1421
6257,SN13268LA
6258,SN13265LA
6259,SN13268RX
6260,SN13268VD
6261,SN13265VD
6262,SN13268VM
6263,YK1513
6264,YK1507
6265,YK1510
6266,BM1316
6267,BM1419
6268,AP35
6269,ASA27
6270,ASA51
6271,VIR291
6272,SP13732
6273,SP14738
6274,SP13728
6275,SP13730
6276,NF7132
6278,6190
6279,116006012
6280,2864219-5300
6281,2865226-4700
6282,2864219-4800
6283,2864219-4600
6285,175030211
6286,B1341/065
6287,63950/087U
6288,63950/047U
6289,63950/067U
6290,63950/057U
6291,61030/820
6292,64600/020
6293,25604/180
6294,25604/190
6295,24031/000
6296,61663/490
6297,61491/450
6298,13022/806
6299,13022/808
6300,13022/810
6301,13022/807
6302,20855/024
6303,25126/170
6304,25129/170
6305,25627/170
6306,25125/170
6307,25525/020
6308,13009/450
6309,21575/048
6310,24075/005
6311,20329/014
6312,62835/264
6313,26480/003
6314,26486/000
6315,26485/000
6316,26483/000
6317,26462/100
6318,61650/000
6319,62513/223
6320,20570/020
6321,20868/036
6322,61422/250
6323,25695/170
6324,20899/457
6325,61592/240
6326,61267/300
6327,61140/310
6328,62845/360
6329,21107/070
6330,25771/100
6331,21101/074
6332,21104/073
6333,61154/160
6334,25701/100
6335,61409/420
6336,61438/080
6337,62648/240
6338,62648/200
6339,22969/188
6340,61429/280
6341,63917/080
6342,6398/2080
6343,23367/000
6344,63950/077U
6345,63982/070
6346,25775/100
6347,21103/470
6348,63982/010
6349,25772/100
6350,23756/400
6351,23166/010
6352,63906/040U
6353,63982/040
6354,21157/170
6355,25706/100
6356,62630/240
6357,61040/510
6358,61052/060
6359,61041/110
6360,61042/110
6361,23864/006
6362,25707/000
6363,24671/182
6364,24677/187
6365,25770/100
6366,24005/104
6367,24610/082
6368,24071/005
6369,24008/106
6370,24635/085
6371,24006/106
6372,24011/010
6373,24011/008
6374,24013/110
6375,21115/075
6376,24000/003
6377,24001/103
6378,23361/474
6379,23361/404
6380,63950/037U
6381,63917/830U
6382,63982/030
6383,23859/007
6384,24009/108
6385,24420/082
6386,24020/107
6387,23364/483
6388,23164/013
6389,23364/003
6390,63982/060
6391,63917/980
6392,21100/475
6393,63982/180
6394,25029/180
6395,94714/220
6396,61040/100
6397,20062/020
6398,20065/022
6399,20066/026
6400,61406/200
6401,63950/027U
6402,21102/470
6403,63982/020
6404,23165/010
6405,23365/000
6406,63906/050U
6407,21105/070
6408,63982/050
6409,23865/000
6410,61615/200
6411,21169/190
6412,63800/650
6413,61522/000
6414,61216/120
6415,61532/000
6416,61531/000
6417,26330/180
6418,10025/070
6419,62849/360
6420,37000851
6421,21096346
6422,30954
6423,21098407
6424,21101973
6425,302260G
6426,400811G
6427,405809G
6428,405812G
6429,136140G
6430,ADAP
6431,13012
6432,573181
6433,STMV01
6434,EXT15
6435,SLA2
6436,65506
6437,2105
6438,SPTAMPA
6439,RCI260055J
6440,RCI190095ZM
6441,707M51
6442,677RCG51
6443,657G
6444,647P51
6445,P0868VF
6446,236
6447,17182
6448,18075
6449,18056
6450,18149
6451,757
6452,14460
6453,18954
6454,CC40BR3INVM
6455,20734
6456,44029U
6457,17231
6458,0342011P0002
6459,20735
6460,F416BR3BLNE
6461,15003
6462,18879
6463,0208124P1010
6464,18922
6465,15071
6466,C101PR220
6467,46133
6468,REF.85
6469,21026
6470,REF032
6471,16279
6472,500195
6473,16610
6474,0305094P5011
6475,57269
6476,16220015001
6477,13979
6478,16220007001
6479,0305094P5008
6480,30021F
6481,106530PL
6482,500193
6483,0305191P7001
6484,106536PL
6485,55711
6486,106542PL
6487,600280
6488,56506
6489,1727
6490,0305094P5012
6491,1781
6492,13984
6493,600196
6494,DS10/AC105
6495,13424
6496,1879
6497,600191
6498,188825PL
6499,188830PL
6500,188835PL
6501,118
6502,315/3P
6503,315/3M
6504,315/3G
6505,787
6506,023826P0012
6507,186322BR
6508,023826P0009
6509,186325BR
6510,0238U
6511,57225
6512,186328BR
6513,448
6514,315/1P
6515,R28839
6516,1012
6517,0208074P1007
6521,LH023BR
6522,LH022BR
6523,0208134P1011
6524,BD004BR
6525,CX050BR
6526,100055035
6527,0107011P0003
6528,98101001
6529,100802609
6530,IV1414
6531,100053003
6532,9818
6533,100804030
6534,0107011P0002
6535,103807475
6536,086-324154
6537,0107011P0004
6538,87090112
6539,1652197
6540,1662270
6541,9601-0105
6542,1652209
6543,0209014P0005
6544,1662269
6545,1652229
6546,0209014P0021
6547,9601-0107
6548,1652228
6549,19133
6550,1652222
6551,PRATOLM
6552,1662261
6553,0138011P0004
6554,1602093
6555,0321011P0002
6556,1622147
6557,1602092
6558,1622146
6559,19102
6560,1030
6561,0133241P0001
6562,0711034P2001
6563,0208104P1008
6564,0237011P0032
6565,0237011P0035
6566,1032
6567,0237011P0009
6568,0237011P0008
6569,12828C
6570,0139091P0002
6571,0133241P0002
6572,PDZ103
6573,0305094P5004
6574,PDZ026
6575,0262011P0005
6576,980186
6577,13034
6578,0329011P0004
6579,980158
6580,17026
6581,64416
6582,947
6583,57260
6584,0139091P0001
6585,0234174P2010
6586,18204
6587,5519
6588,0234174P2006
6589,18168
6590,854
6591,0237011P0031
6592,0139081P0001
6593,20085
6594,503
6595,0902041P0002
6596,17062
6597,0131191P0003
6598,18246
6599,0131191P0006
6600,17134
6601,17450
6602,0902051P0001
6603,17142
6604,0123021P0007
6605,616
6606,17141F
6607,0135022P0002
6608,D431
6609,1797194
6610,0205011P0049
6611,693
6612,424
6613,108
6614,1165
6615,0205011P0043
6616,10424
6617,218
6618,101885
6619,35
6620,7226L
6621,0138011P0001
6622,SF1150
6623,377093
6624,FG1102
6625,1704
6626,0902031P0002
6627,F421BR3SINE
6628,12197
6629,0304031P0014
6630,18410
6631,16201
6632,56956
6633,20198
6634,17352
6635,15052
6636,0304031P0002
6637,46220
6638,0301122P2004
6639,17600
6640,17602F
6641,13072M
6642,17601F
6643,18777
6644,62704
6645,0305154P4011
6646,6646
6647,82977
6648,76327
6649,56947
6650,0135022P0003
6651,0903011P0007
6652,0304031P0022
6653,0304031P0001
6654,0111011P0012
6655,17795
6656,0304031P0018
6657,0103011P0007
6658,70691
6659,0357011P0004
6660,0304031P0011
6661,0304031P0012
6662,0205011P0006
6663,0205011P0027
6664,0305164P4008
6665,LCT45VP
6666,0305184P4007
6667,BAND081BC
6668,HO204BC
6669,HO205BC
6670,HO139BP
6671,HO263C
6672,HO206BC
6673,HO385M
6674,BAND026M
6675,HO144M
6676,HO138BP
6677,HO012C
6678,HO790M
6679,HO099B
6680,BAND162C
6681,MA345MCVD
6682,MA345MCVM
6683,SL798MCPT
6684,SL798MCVM
6685,PM150U
6686,70724
6687,70728
6688,387770MC1
6689,77
6690,184179
6691,146160
6692,146150
6693,184169
6694,135729MS7
6695,135729MV1
6696,359920
6697,357760MQ
6698,365641MQ
6699,357750MQ
6700,365642MQ
6701,302200
6702,302262
6703,365742
6704,365710
6705,431260
6706,431250
6707,431270
6708,EB581E
6709,BAO001G
6710,ST1211801
6711,10401BB
6712,STJ302B
6713,STJ302ROXO
6714,ST13005C
6715,ST13005A
6716,STDB10SKNH
6717,STDB10KNH
6718,ST61207BR
6719,ST61210BR
6720,ST1010SS
6721,ST664000CBT
6722,ST77804TSS
6723,ST30663
6724,ST30688
6725,50220R
6726,62758
6727,372204
6728,257929IN
6731,D5-SFT124/Y
6732,LD108
6733,LD121
6734,60010398
6735,4750019
6736,50017582
6738,64741002
6739,RCH21
6740,56W
6741,56B
6743,190014
6744,105913
6745,700020MT5321589
6746,300340
6747,F3195/010
6748,25424
6749,R69032A
6750,258205
6751,9360170
6752,9304010
6753,4740002
6754,867935
6755,706658
6757,6030539990
6758,5501336040
6759,5501326040
6760,1291626046
6761,6030659990
6762,6031309992
6763,5501349990
6765,624319990
6766,5500426040
6767,638106040
6770,5416106040
6771,5416726040
6772,1134076040
6773,101076060
6775,101016060
6776,1048016060
6777,1223896040
6778,5416116040
6779,1134016040
6780,1248016040
6781,1055016060
6782,134016060
6783,5416896040
6784,134036069
6785,1132066049
6786,134066069
6787,1134666049
6788,1248036049
6789,1048036069
6790,5416786049
6791,651716040
6792,5472646040
6793,1048026060
6794,1132056041
6795,1255026040
6796,1248026040
6797,134026060
6798,5416406040
6799,5416646040
6800,5418646040
6801,101056060
6802,132056061
6803,324186811
6806,0134076060U
6807,1128026040
6811,WL992555
6812,WL992486
6813,WL994000
6814,WL976114
6815,WL996093
6816,WL996037
6817,WL971128
6818,WL992023
6819,WL971120
6820,WL997001
6821,WL973110
6822,WL972430
6823,52740X
6824,52765
6825,52764
6826,JP7508C
6827,AR182TR
6828,MA067AM
6829,MA067PI
6830,MA151PR
6831,OG110TR
6832,PG090BP
6833,CC800CB
6834,SZ024VD
6835,MA045MC
6836,KR343CO
6837,KR343DR
6838,KR470TR
6839,WE091BR
6840,WE078BR
6841,WE048BR
6842,MA036MC
6843,SM610TR
6844,HE099TR
6845,SM609TR
6846,YY024BR
6847,SL713RX
6848,YJ007MA
6849,MA034MC
6850,P008BC
6851,P008PT
6852,A2.13
6853,B1682/040
6854,B1660/303
6855,1652224
6856,899
6857,9516
6858,13643
6859,BC160KB
6860,REL35
6861,10010003
6862,10010006
6863,10010009M
6864,18702203
6865,18702202
6866,11010150
6867,16701665
6868,17551371
6869,870903173
6871,C109
6872,30010007
6873,30010008
6874,30010010
6875,30010012
6876,39000024
6877,30020059
6878,GX9040
6879,GX0038
6880,GX8211
6881,GX8220
6882,GX0101
6883,GX9039
6884,GX0182
6886,LIXEIRA25
6887,SN13265RX
6888,AC703
6889,YK1512
6890,REF085
6892,2089008014
6893,175026073
6894,175019073
6895,1301523
6896,978483
6897,395000490
6898,405111210
6899,405111190
6900,336200090
6901,118256
6902,118257
6904,118255
6905,109398
6906,118254
6907,118253
6908,405108070
6909,405108060
6910,405111610
6911,405111600
6912,405108100
6913,405108090
6914,405111490
6915,405111480
6917,24642/084
6918,61050/020
6919,24671/180
6920,PB95105
6921,24671/184
6922,FK42961
6923,FK45821
6924,2467/188
6925,MS78169
6926,24627/880
6927,24627/082
6928,FK42568
6929,FK44480
6930,MS49733
6931,TR2070
6932,IL-SH1R
6933,CA9700
6934,CO9720
6935,ER9740
6936,OU9000
6937,PM9710
6938,XP1250
6939,MS400
6940,AP900VM
6941,AP900PTF
6942,PD05
6943,PD04
6944,PD03
6945,PD02
6946,PD01
6947,PC04
6948,PC03
6949,PC02
6950,PC01
6951,BX06
6952,9411
6953,BX05
6954,BX04
6955,BX03
6956,BX02
6957,TALHERSN-01
6958,CT08
6959,CT07
6960,CT06
6961,CT05
6962,CT04
6963,CT03
6964,CT02
6965,CT01
6966,PX10
6967,PX09
6968,PX08
6969,PX07
6970,PX06
6971,PX05
6972,PX04
6973,PX03
6974,PX02
6975,PX01
6976,T07
6977,T06
6978,T05
6979,T04
6980,T03
6981,T02
6982,T01
6983,UT09
6984,UT08
6985,UT07
6986,UT06
6987,UT05
6988,UT04
6989,UT03
6990,UT02
6991,UT01
6992,248026220
6993,248028220
6994,906013063
6995,20123/020
6996,24671/186
6997,20896/060
6998,61050/060
6999,RF080
7000,1000CWN
7001,A1515
7002,2000.45
7003,STDF-001
7004,405812
7005,73201
7006,100126
7007,111035
7008,111046
7009,112015
7010,112298
7011,113025
7012,113525
7013,113535
7014,115053
7015,115054
7016,120006
7017,121100
7018,140028
7019,150101M
7020,150320
7021,167141
7022,210358
7023,215040
7024,215505
7025,250331
7026,250500
7027,251003
7028,629
7029,C716
7030,260432
7031,736
7032,696
7033,776
7034,756
7035,262002
7036,3883-057
7037,263520
7038,CKSTSM3892
7039,263523
7040,PL2-057
7041,263524
7042,SD2022PT
7043,264906
7044,310612
7045,310713
7046,311119
7047,312126
7048,312503
7049,336009
7050,336017
7051,336023
7052,336128
7053,336340
7054,340635
7055,341706
7056,PE1802IX
7057,371421
7058,371422
7059,371612
7060,371614
7061,371616
7062,421700
7063,1253066049
7064,421706
7065,702620
7066,702622
7067,1219066049
7068,702626
7069,1219026040
7070,702630
7071,1219056040
7073,702636
7074,702640
7075,703019
7076,703020
7077,703025
7078,703030
7079,703035
7080,703040
7081,711002
7082,750115
7083,758100
7084,8422422
7085,8422427
7086,8422432
7087,C0310801
7088,C0319016
7089,C0319032
7090,C0319046
7091,2062013014
7092,ST10502
7093,GX0405
7094,S10401-2L
7095,664
7096,146582
7097,113545
7098,CH049001
7099,700028
7100,66733
7101,60364
7102,123529
7104,19931
7105,69132
7107,6380809990
7108,6389100691
7109,KAT17
7110,639409993
7111,9116
7112,9117
7113,9118
7114,9503
7117,G1115015
7118,TCP11200
7119,G1210023
7120,G1215009
7121,1400-35
7122,79288305
7123,79292205
7124,79291305
7125,CATALOGUE
7126,79291405
7127,79291505
7128,166008
7129,ST0090
7130,JD08LID
7131,ST0096
7132,9302728-62759
7133,JD08IT
7134,CS400
7135,DP9100PT
7136,STDB380
7137,296
7138,C0309032
7139,UB200
7140,24681/182
7141,QM470
7142,PQ555
7143,17212050
7144,6031309996
7145,6031309993
7146,6031309997
7147,6031309998
7148,651706040
7149,619056040
7150,R2776
7151,R3019
7152,R5323
7153,R6743
7154,56011B
7155,R8062
7156,PA50-001
7157,PA700032
7158,VC84
7159,GN1/2200
7160,GN1/4150
7161,7027-14
7162,24607/010
7163,2461/858
7164,24602/055
7165,24642/054
7166,24642/014
7167,34810LBRA
7168,34800LRA
7169,3554
7170,27288
7171,27287
7172,R2968
7173,R6927
7174,R2971
7175,R2972
7176,R2973
7177,R4112
7178,R5005
7179,R7904
7180,R10980
7181,R11577
7182,R30087
7183,R30089
7184,B2310/306
7185,B64005/0001
7186,11428GBR
7187,XSC050E004
7188,XSC025E004
7189,XMC030E001
7190,F3188/400
7191,F3188/150
7192,NFC000B402
7193,NB001E
7194,NFC030B302X
7195,V139
7196,V133
7197,NB004E
7198,208
7199,NFC000E401
7200,CA10T
7201,MC2100ST
7202,NFC030E301X
7203,9300026-62766
7204,R4703
7205,DA950VM
7206,QJ385BCF
7207,G2616
7208,PS1050
7209,MV540
7210,CI-036
7211,CI-005
7213,B50701/001
7214,B50801/001
7215,B52801/008
7216,B50101/001
7217,B50101/002
7218,B50301/002
7219,B50301/004
7220,B50301/020
7221,V010553024
7222,B50801/002
7223,B50301/008
7224,9030581MDO
7225,9030581MSP
7226,9030581MAR
7227,V760552008
7228,V760552002
7229,V4180
7230,V0203
7231,V770552DCA
7232,GRM21DZ
7233,V0372A
7234,V010501035
7235,V010501060
7236,V010502035
7237,V010502060
7238,V010503035
7239,V010503060
7240,V010508150
7241,V010504280
7242,HCFS01
7243,9030686A
7244,9030686B
7245,CAN55
7246,CAN55R
7247,CP105
7248,CP115
7249,9030581MGH
7250,CP101
7251,CP102
7252,CP131
7253,CP132
7254,CP121
7255,CP122
7256,CP111
7257,CP112
7258,V770452R39
7259,STJWESP19
7260,LT-DOW-SIF
7261,V010515C14
7262,V010515C18
7263,V760552010
7264,CI-020
7265,CI-CART
7266,CI-ARQM
7267,CI-PASTA
7268,CI-SKP21
7270,CI-SKP41
7271,CI-PSEDA
7272,CI-PPRES
7273,CI-HP29
7274,CI-HP44
7275,CI-FTADES100
7276,CI-SKRAFT60
7277,CI-FST50
7278,CI-PBOLHA
7279,1104016040
7280,BOMB002
7281,EVEASITAG
7282,EVCLBC
7283,PRLGK3621
7284,FK45000
7285,FK47159
7286,PR-3089
7287,PB55012
7288,PB550022
7289,FK02508
7290,PB95240
7291,PB95200
7292,PRCSS2
7293,PR10
7294,PB10424
7295,CI-MDEDO
7296,CI-TV32
7297,V202
7298,CI-ELAST
7299,CI-BORR
7300,CI-DIVISORIA
7301,CI-RFBASTAO
7302,CI-BATALC
7303,63934/120
7304,CI-ACUCAR
7305,CI-ASANITARIA
7306,CI-CAFE
7307,ABC12096
7308,16804
7309,16807
7310,CI-SPBPAL
7311,B2351/001
7312,B2352/001
7313,CI-FVARQ
7314,B1109/204
7315,B1109/207
7316,6081249990
7317,B1697/100
7318,B3040/202
7319,B3040/203
7320,B3040/204
7321,B3032/206
7322,B3032/205
7323,B3033/203
7324,B2080/307
7325,4401C
7326,1488
7327,167
7328,311143
7329,686
7330,B20315/0009
7331,B20313/0009
7332,B20303/0009
7333,B10906/0001
7334,B10906/0053
7335,B10906/0008
7336,B61050/3416
7337,B61050/3409
7338,B11068/3007
7339,B89004/2401
7340,B89004/2402
7341,B89002/2401
7342,H4413
7343,H4414
7344,LR04
7345,LC08
7346,ELAB
7347,ELEA
7348,SASL
7349,SASE
7350,SPSL
7351,SPSE
7352,SAFF
7353,MPES
7354,MWRS
7355,7269030
7356,5885528
7357,5805334
7358,5805317
7359,3467428
7360,B61050/3415
7361,UMP138G
7362,515006BA
7363,5153BA
7364,UMP0115
7365,UMP0135
7366,UMP0147
7367,UMP0521
7368,UMP2312
7369,LJ9330PT
7370,LC600
7371,783
7372,703
7373,743
7374,723
7375,763
7376,605
7377,CI-COAD
7378,CI-DESINF
7379,LV015
7380,GL369
7381,GL370
7382,PRAV005
7383,410813
7384,192342
7385,192352
7386,1083426060
7387,192351
7388,192348
7389,192343
7390,70005458
7391,V120613001
7392,V520513001
7393,9030581MMU
7394,V760524001
7395,192341
7396,1248076040
7397,CI-DET500
7398,CI-FIBRALT
7399,CI-FLAN
7400,CI-GNMESA
7401,CI-MARG
7402,CI-DESOAMB
7403,CI-PPHIG
7404,CI-PPTOALHA
7405,CI-PANOALV
7406,CI-RODO
7407,CI-SAB
7408,CI-SBPO
7409,CI-SACOLX
7410,CI-SAPOLIO
7411,CI-ALCOOL
7412,CI-EDFACE
7413,CI-FPAPEL3
7414,CI-LPVIDROS
7415,CI-LIMPM
7416,CI-X14
7417,263540
7418,CI-PPA4
7419,CI-BALDE
7420,CI-PEROX
7421,CI-ESPAUTO
7422,CI-ESCROUPA
7423,CI-CINZAL
7424,CI-VENRATO
7425,CI-CLIPS
7426,63934/140
7427,63934/150
7428,CI-GRAMPO
7429,CI-PCQUAD
7430,5259
7431,CI-ATOMICO
7432,CI-MARCT
7433,CI-GRAF
7434,CI-LAP
7435,111790
7436,CI-021
7438,3052924581
7439,3052924582
7440,DA950PT
7441,3250524579
7442,3250524580
7443,CI-FITARQ
7444,CI-SPC90
7445,CI-GOMADA
7446,27850.0035I
7447,27825.0006I
7448,PUD03WW
7449,4600020
7450,4600024
7451,LGPPAZ
7452,LGPPPR
7453,4600026
7454,LGPPVM
7455,4600030
7456,4780002
7457,4780003
7458,4790019
7459,B53705/002
7460,4790020
7461,BRD12ASF47
7462,B53707/002
7463,26022
7464,26262
7465,26753
7466,NF5413
7467,4790023
7468,NF5415
7469,BRD13C-AC19DP-N
7470,NF5414
7471,SB508L
7472,BRD13C-AC20DP
7473,SPRC128-AC10DP
7474,BRD14TA-AC20
7475,SPRC128-AC20DP
7476,BSQ113AS-AC19DP
7477,BSQ113AS-AC20DP
7478,SPRC169-AC10DP
7479,SPRC169-AC20DP
7480,BSQ113ASF44
7481,NF5416
7482,NF7056
7483,NF7956
7484,NF7156
7485,NF7856
7486,NF7304
7487,NF7501
7488,NF7651
7489,4126R
7490,4881-057
7491,BBKR-057
7492,2610W-057
7493,2610R-057
7494,5970-057
7495,5800101
7496,LX2
7497,LX3
7498,LX9
7499,SS762B
7500,SS764B
7501,2663315
7502,ABC5296
7503,30004118S
7504,4790024
7505,4790025
7506,ETO350E100
7507,4790026
7508,4790030
7509,4790029
7510,GX0061
7511,1000016
7512,58490
7513,158070
7514,R29461
7515,R29596
7516,198487-N
7517,DKCLD
7518,251488-N
7520,258487-N
7521,791487-N
7522,73194
7523,BSQ113ASF47
7524,73195
7525,3355
7526,CL2024
7527,CL2026
7528,1083
7529,2013
7530,3000
7531,3001
7532,CL3003
7533,BSQ113ASF48
7534,3004
7535,8312-05
7536,8312-07
7537,9631
7538,9641
7539,10108C
7540,10110
7541,10108GBR
7542,10110GBR
7543,10114GBR
7544,10120GBR
7545,10124GBR
7546,10128GBR
7547,10428GBR
7548,10624GBR
7549,10628GBR
7550,11424GBR
7551,11432G
7552,130131GBR
7553,130132GBR
7554,11008
7556,11010
7557,11008GBR
7558,11010GBR
7559,11014GBR
7560,11020GBR
7561,11024GBR
7562,11028GBR
7563,10114VD
7564,10120VD
7565,10124VD
7566,CF1692
7567,52537
7568,MRS
7569,MRSC
7570,PMM
7571,46024
7572,BSQ123AS-AC19DP
7573,46028
7574,45034
7575,45038
7576,BSQ123AS-AC20DP
7577,45046
7578,46032
7579,A10614
7580,11923
7581,54228
7582,D2213L
7583,55014
7584,DB712PLDG
7585,11921
7586,11994
7587,B53405/001
7588,11995
7589,55029
7590,55124
7591,55134
7592,ECO412RT-N
7593,57022
7594,57822
7595,67550
7596,74550
7597,45134
7598,B53505/001
7599,280500
7600,VCNGAS
7601,ECO7014RT
7602,14
7603,17
7604,29
7605,34
7606,39
7607,44
7608,49
7609,54
7610,B53505/002
7611,59
7612,ECO7213RT
7613,350
7614,351
7615,ECO93PP
7616,352
7617,353
7618,354
7619,355
7620,356
7621,512
7622,155002
7623,ECO93RT
7624,9805
7625,IOV1210ME00-AC
7626,S505055
7627,505555
7628,8603CB
7629,8603CP
7630,9200R
7631,9300R
7632,90450
7633,24562
7634,22536
7635,2377
7636,34754BRA
7637,34764BRA
7638,34234BBR
7639,34860BRA
7640,39881
7641,256008228
7642,167011228
7643,2798016214
7644,S850
7645,S950
7646,61415/360
7647,V135
7648,V137
7649,V154
7650,V124
7651,V126
7652,V198
7653,V750
7654,V751
7655,V752
7656,V753
7657,V754
7658,V755
7659,V756
7660,V757
7661,V759
7662,V760
7663,V761
7664,V762
7665,V764
7666,V758
7667,V770
7668,V771
7669,V772
7670,V774
7671,V821
7672,V825
7673,10765
7674,P1269
7675,P3375
7676,F511-BR3-RE-NE
7677,P3376
7678,IRC1311ME00-AC
7679,M11SQPTBCY
7680,M11SQPTCBR
7681,M124RB
7682,TC13835
7683,61680
7684,321009
7685,B53705/001
7686,M1325SQCBR
7687,M1325SQWWG
7688,BW36C-573577X
7689,110
7690,1008
7691,1010
7692,M138OVBCY
7693,M138OVWWG
7694,B53609/001
7695,M168OVB-N
7696,M168OVNW
7697,COMPACTSERV
7698,557000030
7699,B53609/002
7700,M615B
7701,M615NW
7702,MSP12BCY
7703,MSP12CBR-N
7704,MSP12SBCY
7705,MSP12SCBR
7706,MSP12SWWG
7707,MSP12WWG
7708,PD250L
7709,PDRD84SS
7710,M127RCDW-N
7711,M9RWDW-N
7712,B53801/001
7713,BOV1210ME310-N
7714,BOV1210ME045
7715,BOV1210ME381-N
7716,1288616040
7717,BOV1513ME020
7718,BOV1513ME045-N
7719,BOV1513ME310-N
7720,BOV1513ME381
7721,5501246040
7722,BOV1712TA-AC20
7723,B53801/002
7724,R35224
7725,5501259990
7726,BRC1311ME310-N
7727,BRC1311ME381
7728,BRD11C-AC19DP
7729,BRD11C-AC20DP
7730,40031
7731,925630
7732,925640
7733,0492.09
7734,3468.02
7735,4386.01
7736,4386.02B
7737,598403
7738,598403-20
7739,4550.14
7740,598502-20
7741,4557.20
7742,4734.01
7743,4880.18
7744,4923
7745,4954.02
7746,4962
7747,4982
7748,4982.09
7749,4987.02
7750,5145
7751,5244.17
7752,5317
7753,5416
7754,5423.01
7755,5423.02
7756,5424
7757,5740
7758,5741
7759,8018.01
7760,8018.02
7761,8043.01
7763,9455810
7764,MINIBL1
7765,MINIM1
7766,MSC4A4BLSET
7767,125160
7768,4921-201B-04
7769,4921-201S-040
7770,130210
7771,192346
7773,170470
7774,365750
7775,DWP14N
7777,TB222SG??02B
7778,1000014
7779,42438
7780,TRB82FSC??02DG
7781,598503
7782,TRB82FSE??02BG
7783,TRT82FSC??02DG
7784,TRT82FSE??02BG
7785,TRU82FSE??02BG
7786,311142
7787,18198
7788,25790
7789,21549
7790,18167
7791,27638
7793,10789
7794,28022
7795,201110000
7796,20138.1000I
7797,201570001
7798,61000101
7799,V718
7800,133000054
7801,230010094
7802,278500001
7803,321250000
7804,336000027
7805,36600.0003I
7806,367250000
7807,387000091
7808,392000006
7809,393000004
7810,427000200
7811,427000051
7812,436000024
7813,394000001
7814,WCT815EBZL
7815,BK156GOD
7816,278250006
7817,39795.0003I
7818,CATSCH21-22
7819,341000020
7820,357000049
7821,PC655
7822,281925
7823,CI-MARCP
7824,281929
7825,1902466
7826,AR-TT1055-CO
7827,CI-CAD
7829,CI-GRAMPD
7830,AR-TT906-CO
7831,CI-CALC
7832,CI-REG
7833,CI-TTCAR
7834,CI-BLREC
7835,CI-ENVPLAST
7836,CI-PTCART
7837,175030220
7838,LIS-1,5-N
7841,52761
7843,52767
7845,52768
7847,52769
7848,MB2350
7850,52770
7852,52771
7854,52779
7856,52780
7858,52781
7860,52782
7862,52783
7864,52773
7866,52774
7867,STJ302R-U
7869,52775
7871,52776
7873,52777
7874,28135
7876,52785
7878,52786
7880,52787
7882,52788
7884,52740
7885,312
7886,20140170300058
7887,1001
7888,1325
7889,1533000
7890,1533001
7891,1533003
7892,1555
7893,1745
7894,112641
7895,S1980
7896,P104
7897,4600016
7898,1997
7899,1996
7900,V746
7901,V747
7902,V748
7903,V749
7905,CI-ALCMAOS
7906,CI-LUVA
7907,CI-RRFSAB
7908,CI-SABLIQ
7909,CI-PULVERIZADOR
7910,CI-PANO
7911,CI-PSTSANIT
7912,263542
7913,CI-TELAMIC
7914,CI-INSET
7915,ES
7916,1C
7917,L1792
7918,357768MQE
7919,3069780
7921,NF2510
7922,NF2910
7923,NF4010
7924,LS-04MB-N
7925,SP010
7926,SP147
7928,WCT850E
7929,CTS1000BZL
7930,2020198
7931,CI-AGUAMN
7932,SN-98252002
7933,28577
7934,28982
7935,29124
7936,6702-WP
7937,CI-FITAD
7938,CI-COLA
7939,CI-BOBCALC
7941,CI-PILHA
7942,CI-COPO
7943,CI-CAN
7944,CI-TECIDO
7945,SN-98252003
7946,PB-80345
7947,CI-NOBREAK
7948,141370
7949,141360
7950,302259
7951,10659
7952,10680
7953,13544
7954,13537
7955,13551
7956,10215
7957,10147
7958,10161
7959,75450
7960,FLG117
7961,FLZ281
7962,LBZ017
7963,LBZ020
7964,LBZ021
7965,OLZ187
7966,LBZ207
7967,LBZ202
7968,LBZ216
7969,ATZ048
7970,ACE047-BG
7971,MOV025
7972,LUM032
7973,LNT016
7974,MED038
7975,3115
7976,LNT022
7977,9293
7978,QEE017
7979,GAN005
7980,A4401
7981,CI-APFITA
7982,665356040
7983,665146040
7984,EXB-N
7985,ESBSUPER-N
7986,LT-1,5-N
7987,LI-1,5-N
7988,LVS-1,5-N
7989,LS-08MB-N
7990,LS-04MB-HD
7991,LB-25MB-N
7992,PAS-7L
7993,311009219
7994,MB146
7995,MB183
7996,DS56391
7997,43131
7998,4145/12
7999,RCI101048
8000,R6619
8001,RB8146U
8002,24608/180
8003,AC22375
8004,100394
8005,TNRESESWT
8006,13172812
8007,27
8008,30
8009,283
8010,30131AZD
8011,30132AZD
8012,PC555PT
8013,10891111I
8014,10891112I
8015,10891113I
8016,10891114I
8017,10891115I
8018,10891116I
8019,10891117I
8020,10891118I
8021,3PO049
8022,3KU017
8023,3KO010
8024,9411ST
8025,8693CEG
8026,100474
8027,123KIT.OUV
8028,39.ESRSVM
8029,CI-LUSTRA
8030,CI-POLIDOR
8031,CI-CPDESC
8032,5464219SNC
8033,674
8035,29172
8036,63641
8038,1117B
8039,2322C
8040,108P-86
8041,121P-86
8042,B2202/339
8043,M1010
8044,M1013
8045,14458AM
8046,B1626/000
8047,9248
8048,703
8049,498860G
8050,498890D
8051,102213
8052,102417
8053,106189
8054,102418
8055,103773
8056,103274
8057,106186
8058,102214
8059,106187
8060,103086
8061,100836
8062,104012
8063,STJWDC240D
8064,L12276
8065,CASTICAIS
8066,ACESSORIOS
8067,R1827
8068,R1828
8069,R1844
8070,1881781
8071,9T72R
8072,1901705
8073,1901704
8074,CI-TELHA
8075,CI-MANTA
8076,CI-EXTG
8077,CI-ORGESC
8078,CI-FTBOBINAS
8079,CI-CORR
8080,61137
8081,61138
8082,61206
8083,61207
8084,61208
8085,61384
8086,61467
8087,61482
8088,61484
8089,61518
8091,61519
8092,61520
8093,F2AG
8094,61542
8095,SADL
8096,61543
8097,RSDJ
8098,DB-06-N
8099,CA-300L
8100,LT-2,0SUPER-N
8101,PAIE-S-N
8102,61544
8103,61550
8104,S4D0-I
8105,FGSC-I
8106,61551
8107,61552
8108,61554
8109,61916
8110,61917
8111,61931
8112,61932
8113,61933
8114,61986
8115,61987
8116,61988
8117,249462
8118,249464
8119,285519
8120,285542
8121,285543
8122,285544
8123,61382
8124,923
8126,LH-244422PP02
8127,WE-8539100
8128,WE-8544100
8129,FL-8204
8130,FL-8210
8131,MS-80666
8132,PR-HG1200
8133,FK-45410
8134,PR-HG1400
8135,EK-465700
8136,FK-28488
8137,FK-48181
8138,FK-45438
8139,FK-24984
8140,FK-44412
8141,FK-2254152
8142,1544
8143,1644
8144,FK-46779
8145,1658
8146,MS-49003
8147,1764
8148,FK-06222
8149,FK-41423
8150,1998
8151,2020
8152,JO-06001
8153,2203
8154,2233
8155,FK-61388
8156,2265
8157,FK-61216
8158,2399
8159,2401
8160,2472V
8161,2473
8162,2712
8163,CC040BR
8164,CC040PR
8165,CC040VM
8166,CC041BR
8167,CC041PR
8168,CC041VM
8169,CC042BR
8170,CC042PR
8171,CC042VM
8172,CC043BR
8173,CC043PR
8174,CC043VM
8175,CC047BR
8176,KR339AM
8177,KR339PL
8178,KR369TR
8179,KR411TR
8180,KR445PI
8181,KR447LA
8182,PG017MA
8183,PG017NA
8184,PG018MA
8185,PG018NA
8186,PG090PI
8187,PG090VD
8188,PR012AC
8189,PR013AI
8190,PR014AI
8191,PR016AC
8192,SH144CZ
8193,R2853
8194,R2872
8195,B2092/110
8196,B4720/100
8197,6030010690
8198,TN-11-20-WT
8199,9T73-L4
8200,24024/107
8201,20099/020
8202,B2364/100
8203,82502
8204,3KO009
8205,3KU016
8206,345109
8207,3PO048
8209,1262026040
8210,1262036049
8211,1262046040
8212,1262056040
8213,1262066049
8214,1262076040
8215,1262096040
8216,1262666049
8217,1262786049
8218,311016651
8219,311016652
8220,311310013
8221,311310011
8222,311310010
8223,311302846
8224,311302823
8225,311302811
8226,311203016
8227,311203017
8228,311302220
8229,311302221
8230,311308358
8231,311308359
8232,311007061
8233,311308372
8234,311308373
8235,R2875
8236,R3096
8237,R5200
8238,R5270
8239,R5747
8240,R6939
8241,R7654
8242,R8920
8243,R30137
8244,R70153
8245,R70154
8246,R70156
8247,R70158
8248,R70163
8249,R70164
8250,R70165
8251,R70166
8252,CI-WINDSVRCAL
8253,H3
8254,E1
8255,E3
8256,E5
8257,E10-S
8258,H3660
8260,24193/007
8261,CI-TELFOX500
8262,CI-PURIFIC
8263,FK-42096
8264,CI-ENV
8265,CI-EXT
8266,CI-FTLINHA
8267,61765/000
8268,CI-ADAPTEE
8269,CI-CBRJ
8270,CI-FTDEMARC
8271,9411A
8272,CI-PPESP
8273,B2310/100
8274,B2348/100
8275,EB703E
8276,17368
8277,92099
8278,17337
8279,34983
8280,76907
8281,10376
8282,15906
8283,85145
8284,15913
8285,70943
8286,63488
8287,70431
8288,81437
8289,57166
8290,63501
8291,10062
8292,10628
8293,49260
8294,76372
8295,11144
8296,10253
8297,11175
8298,11151
8299,82526
8300,82496
8301,87262
8302,15876
8303,13520
8304,8108010068
8305,8108010064
8306,8108010124
8307,8108010032
8308,8111030002
8309,8108010020
8310,245560
8311,CT530
8312,D3550
8313,D7570
8314,JV550
8315,OG460
8316,OP590
8317,PB550NT
8318,PT800
8319,RM9700
8320,SST5630
8321,HO228MAR
8322,HO099MAR
8323,ST613631U
8324,11210
8325,11212
8326,11211
8327,999995
8328,2101290247
8329,224174812
8330,224173312
8331,2130270829
8332,2111272694
8333,2101291404
8334,2111290377
8335,82173311
8336,2111181767
8337,2130274964
8338,SL784PRWMF
8339,2137267140
8340,6036
8341,6043
8342,S6050
8343,6051
8344,6058
8345,6057
8346,S6004
8347,6045
8348,6037
8349,6046
8350,7184GD
8351,7185
8352,7000
8353,7185MPD
8354,7185MBD
8355,7000PP
8356,7142D
8357,7142P
8358,7184GDN
8359,9516539875
8361,9008320059
8362,CA30
8363,AD411
8364,AD230
8365,MJ002
8366,AP022/1
8368,ST613631KNB
8369,C300
8370,BOMB001
8371,CI-SACO200
8372,SST5650NT
8373,SST5690NT
8374,3ST156
8375,3ST152F
8376,63908/690
8377,2577824
8378,2577818
8379,2510001
8380,2510002
8381,2520002
8382,2520003
8383,2520004
8384,7279100
8385,PA10005P
8386,B2512/309
8387,B2512/303
8388,B1649/100
8389,B1677/000
8390,1255
8391,645
8393,25108101
8394,25108151
8395,25105121
8396,25100952
8397,25100953
8398,25105001
8399,8056
8400,3355
8401,3357
8402,3362
8403,8540
8404,3903
8405,8447
8406,8451
8407,8452
8408,8657
8409,8021
8410,3990
8411,8512
8412,8511
8413,8533
8414,7774
8415,7773
8416,7771
8417,7772
8418,7776
8419,7777
8420,7779
8421,7780
8422,50000157
8423,50000355
8424,8222
8425,8221
8426,8232
8427,ST6504-WP
8428,ST6704H
8429,2302
8430,3675
8431,MERG186
8432,MF156
8433,3619
8434,3623
8435,3026
8436,7726
8437,2434
8438,56879
8439,ST12201
8440,EZM015
8441,G07220
8442,FP500904
8443,CI-LVCOR
8444,FK687141
8445,5101
8446,CI-CCHOPP
8447,5142
8448,BX10440
8449,M510RCDW-N
8450,M12RWDW
8451,M510RCHW-N
8452,B53914/001
8453,M9RWHW
8454,B53914/002
8455,M510RCSB
8456,B53902/003
8457,B53902/004
8458,M510RCBB-N
8459,M127RCBB
8460,M9RWBB
8461,M12RWBB-N
8462,32690040637
8463,32690040447
8464,FP501104
8465,500ALP-PRE
8466,500ALP-VER
8467,FP549950
8468,FK-49337
8469,PR-9101
8470,54118
8471,2881350
8472,2881351
8473,2881352
8474,2881353
8476,2881355
8477,2881356
8478,2881359
8479,2881360
8480,2881361
8481,2881354
8482,2881357
8483,2881358
8484,KT-MLN22CK00
8485,CI-AGD
8486,CI-BP
8487,KT-IN20CK00
8488,NG-AKC06
8489,CI-TESOUR
8490,FK-40808
8491,CI-ROTULADOR
8492,FK-48203
8493,FK687978
8494,196
8495,CI-BC6
8496,CI-AP10
8497,CI-ABC6
8498,445670
8499,CI-SPPRAT
8500,CI-PAFMAD
8501,CE7830LA
8502,CE7830VM
8504,9741
8505,29173
8506,29660
8507,ABC2660
8508,9207
8509,MWQS
8510,MPGD
8511,5121.02.1.00
8512,263543
8513,263545
8514,99995
8515,9400027
8516,9014212
8517,CI-LVRPROT
8518,CI-FITA
8519,9014185
8520,9014715
8521,FGG78112
8522,FG263200
8523,267000075
8524,FG263100
8525,FG264000BLA
8526,LI-2,0-N
8527,834
8528,B1360/160
8529,ATS1041
8530,SASQ
8531,25028/180
8532,61220/251
8533,61220/181
8534,61227/140
8535,619
8536,29661
8537,1408525
8538,29662
8539,30029
8540,BAK2231
8541,BAK2937
8542,BD102
8543,BD105
8544,BD106
8545,BD110
8546,BD111
8547,D13700
8548,PA200-5PPR
8549,644
8550,750301
8551,780301
8552,2860301
8553,1290301
8554,10100/050
8555,3012
8556,20582/720
8557,AW6
8558,AT14IF2
8559,ADA415
8560,SP13710
8561,ASA1328
8562,ASA1329
8563,SN1065
8564,SN1501
8565,ASS1415
8566,ADA389
8567,YEN07
8568,YU1207
8569,YU1206
8570,YAD101P
8571,YAR1414
8572,16302
8573,9894
8574,PUM952
8575,YGF08
8576,L220613
8578,1021665
8579,SWV082855220
8580,9336007
8581,CI-MALOTE
8582,ASA52
8583,3014Y
8584,AX100
8585,AX220
8586,RRRAOC26
8587,L7KS3MAMO
8588,L7KS3MAWO
8590,4131B
8591,LS0085
8592,30020038
8593,CI-LCRABR
8594,7837T
8595,HB0180
8596,LS0119
8597,DS5745
8598,DT03440
8599,631306042
8601,PLT018
8602,ACE046BG
8603,LNT014
8604,LNT017
8605,CI-GRAMPOT
8607,1074070
8608,BD50CZ
8609,BD60BC
8610,LX3CZ
8611,3154-88
8612,CI-LIQUID
8613,CI-CAPACD
8614,CI-CDDVD
8615,9130027
8616,CI-RFSOFTY
8617,1279786049
8618,85107
8619,ABC3674
8620,CI-QDDIS
8621,DSC14P
8622,W5094101
8623,W5094102
8624,W5094103
8625,W5094105
8626,W5094106
8627,W5094104
8628,SAS21B24
8629,MBE01
8630,MBD01
8631,ELM01
8632,1040012
8633,B2109/100
8634,1000ALM-PRA
8635,4781002
8636,CI-LAMIN
8637,9335706
8638,9014410
8639,FWPGBXI5GWIFISW
8640,55LS75A5B
8641,42027837
8642,114191/35
8643,112968/35
8644,115018/35
8645,112966/35
8646,114105/35
8647,114810/311G
8648,SM-ST350
8649,112896/90
8650,111096/90-PP
8651,114664/35
8652,113027/90-28
8653,38890/90
8654,100405/90
8655,115149/00-P
8656,36550/90-P
8657,100446/92
8658,82672/00-P
8659,36550/93-P
8660,945/33-32
8661,67570/92-P
8662,105762/90-PP
8663,67988/33-PP
8664,67989/33-P
8665,60834/33-P
8666,113597/92-14H3
8667,33560/90
8668,111096/99-P
8669,CI-RFFILTRO
8670,370105
8671,CI-TBEB
8672,1531502
8673,654-4
8674,660-5
8675,9014135
8676,370141
8677,CI-MICT
8678,CI-PARAF
8679,CI-PAS
8680,370142
8681,370143
8682,CI-TBESG
8683,370145
8684,TCP11100
8685,782
8686,510016
8687,CI-EST
8688,BLSMA100V7WT
8689,SMA720V8WT
8690,MCTR45BL
8691,MCTR45WR
8692,MCTR45LB
8693,MCTRBPBL
8694,FBFISH
8695,FBCHICKEN
8696,FBTPIG
8697,FBTCIAO
8698,FBTKISS
8699,FBTLOVE
8700,FBTTEAPOT3
8701,ELES-LA
8702,PFTTELA
8703,TAGA4WT
8705,PFWA4BL
8706,MCTRBCWT
8707,MCTRWCWT
8708,MCTRA4WT
8709,MCDRA4DUNE
8710,MCDRA4VOGUE
8711,MCCRA4BI
8712,MCCRA4BR
8713,MCCRA4BL
8714,MCCRA4WR
8715,MCCR45BL
8716,MCCR45WR
8717,MCCRBPBL
8718,MCDR45CROC
8719,MCDRA4VELVET
8720,MCBRWCBL
8721,MCBRA4WR
8722,MAGNET-16
8723,MCCRA5WR
8724,MCCRA5BI
8725,MCCRA5BR
8726,MCCRA5BL
8727,MCBRA5WR
8728,MCBRA5BL
8729,MCWRA4
8730,MCWRA5
8731,MC3CYA4BR3
8732,SECSTN-5
8733,MCTRA5BU
8734,B1649/303
8735,B2107/002
8736,112643
8738,CI-TONER
8739,CI-CAB
8740,CI-TECLADO
8741,CI-MOUSE
8742,CI-HDEXT
8743,114191/35P
8744,114191/35M
8745,114191/35G
8746,112968/35-28
8747,112968/35-30
8748,112968/35-32
8749,112968/35-34
8750,112968/35-36
8751,112968/35-38
8752,112968/35-40
8753,112966/35-0
8754,112966/35-2
8755,112966/35-4
8756,112966/35-6
8757,112966/35-8
8758,112966/35-10
8759,112966/35-12
8760,112966/35-14
8761,112966/35-16
8762,115018/35-0
8763,115018/35-2
8764,115018/35-4
8765,115018/35-6
8766,115018/35-8
8767,115018/35-10
8768,115018/35-12
8769,115018/35-14
8770,115018/35-16
8771,114810/311PP
8772,114810/311P
8773,114810/311M
8774,114810/311GG
8775,114105/35-34
8776,114105/35-36
8777,114105/35-38
8778,114105/35-40
8779,114105/35-42
8780,114105/35-44
8781,114105/35-46
8782,943458/99-P
8783,943458/99-M
8784,943458/99-G
8785,112896/35-PPP
8786,112896/35-PP
8787,112896/35-P
8788,112896/35-M
8789,112896/35-G
8790,114664/35-2
8791,114664/35-4
8792,114664/35-6
8793,114664/35-8
8794,114664/35-10
8795,114664/35-12
8796,114664/35-14
8797,1147016040
8798,1147026040
8799,1147036049
8800,1147046040
8801,1147066049
8802,1147056040
8803,111096/90-P
8804,111096/90-M
8805,111096/90-G
8806,111096/90-GG
8807,113027/90-30
8808,113027/90-32
8809,113027/90-34
8810,113027/90-36
8811,113027/90-38
8812,113027/90-40
8813,115149/00-M
8814,115149/00-G
8815,115149/00-GG
8816,36550/90-M
8817,36550/90-G
8818,36550/90-GG
8819,82672/00-M
8820,82672/00-G
8821,36550/93-M
8822,36550/93-G
8823,67570/92-M
8824,67570/92-G
8825,67570/92-GG
8826,67988/33-P
8827,67988/33-M
8828,67988/33-G
8829,67988/33-GG
8830,105762/90-P
8831,105762/90-M
8832,105762/90-G
8833,105762/90-GG
8834,67989/33-M
8835,67989/33-G
8836,67989/33-GG
8837,60834/33-M
8838,60834/33-G
8839,60834/33-GG
8840,945/33-34
8841,945/33-36
8842,945/33-38
8843,113597/92-15H5
8844,113597/92-16H5
8845,113597/92-17H7
8846,111096/99-M
8847,111096/99-G
8848,111096/99-GG
8849,NG-AKC02
8850,NG-AKC04
8851,NGAKG01
8852,NG-AKC05
8853,NG-AKS01
8854,HH0120
8856,FK-42569
8857,PR-3146
8858,FK-11740
8859,FK-29595
8860,V-PS-N-100PK
8861,FK-56901
8862,52120K
8863,52122K
8864,136200
8865,6144BC
8866,PB-10486
8867,FK-40895
8868,PR-3498
8869,PR-3300
8870,EK-417700
8871,FK-49471
8872,WE-2748130100
8873,ID-630-76
8874,WE-4400015100
8875,EV-MBC
8876,CI-VENTMESA
8877,70616
8878,70634
8879,70684
8880,77227
8881,712632
8882,CATALOGO
8885,510021
8886,510023
8887,CI-VENTPAREDE
8888,CI-PERFUR
8889,CI-APAG
8890,ST1178902
8891,50135S
8892,136210
8893,136230
8895,3555
8896,34830BRA
8897,CI-LEITORB
8898,CI-LEITORCB
8899,510124
8900,510128
8901,B5114/125
8902,MCTRA4BU
8903,MCTRA5BL
8904,430230
8905,128755
8906,192346DUP
8907,192344
8908,192345
8909,430220
8910,318423
8911,318426
8912,318424
8913,390700
8914,390710
8915,365786
8916,365787
8917,365788
8918,387592
8919,365756
8920,365757
8921,540620
8922,470160
8923,470240
8924,470210
8925,430280
8926,136120N
8927,365785
8928,365781
8929,365782
8930,235683
8931,235682
8932,365783
8933,365780
8934,365784
8935,365745
8936,430210
8937,430200
8938,430290
8939,416831
8940,416832
8941,141332
8942,149210
8943,793304505
8944,CATPRO19V1
8945,71212305
8946,71212405
8947,CATPSB
8948,357768MQ
8949,357754
8950,357769
8951,365600
8952,349750
8953,349760
8954,365160
8955,314730
8956,314740
8957,314720
8958,540621
8959,365746
8960,3072
8961,14016-15916
8962,MCTRA5LB
8963,LGTB59
8964,LGPP3
8965,LGTB45
8966,LGBF
8967,311412637
8968,311310117
8969,311403709
8970,311310034
8971,311013105
8972,311302665
8973,311302824
8974,311007210
8975,311007213
8976,311007211
8977,311007042
8978,311001137
8979,311012083
8981,UT8310
8982,UT83-12
8983,CI-LPEDRAS
8984,1812-624B-24
8985,R30377
8986,R10790
8987,R5879
8988,R27006
8989,R8258
8990,R7376
8991,R30378
8992,R30139
8993,R7446
8994,R9311
8995,R30174
8996,R2939
8997,R5440
8998,R5437
8999,ST10401TAPN
9000,PSEE-98MHD-N
9001,BPS-05-N
9002,2101299103
9003,511216
9004,70530
9005,7377814
9006,192001
9007,PCA23P
9008,CX19P
9009,SW100
9010,BP300
9011,3PO021
9012,3DE085
9013,1365
9014,1340
9015,TP020BT
9016,TP021BT
9017,TP100GE
9018,TP101GE
9019,TP108GE
9020,TP111GC
9021,TP114GC
9022,TP200AG
9023,TP203AG
9024,TP204AG
9025,TP303AG
9026,TP400SA
9027,TP459SA
9028,TP470SA
9029,TP613SP
9030,TP670SP
9031,TP679SP
9032,TP666SP
9033,TP650SP
9034,TP659SP
9035,TP676SP
9036,TP103GE
9037,19490
9038,17141
9039,16022
9040,19201
9041,19202
9042,16467
9043,16468
9044,17196
9045,MB37R
9046,AV1902
9047,BA0214
9048,CM0413
9049,GT0716
9050,PM1114
9051,PM1161
9052,PM1170
9053,PM1171
9054,SG1603
9055,SG1619
9056,VM1700
9057,VM1702
9058,VM1703
9059,VM1704
9060,VM1705
9061,VS1750
9062,VS1751
9063,VS1752
9064,STJVPRUB01
9065,E07746
9066,01-9129-300FR
9067,B300-F-STAND
9068,220999075
9069,CI-MOUSEPAD
9070,CI-APTEC
9071,CI-PDUREX
9072,01-9129-330FR
9073,R8556
9074,63800/845
9075,1902465
9076,60010921
9077,60003886
9078,60003887
9079,64600290
9080,60003935
9081,54600300
9082,60003645
9083,60008175
9084,60008176
9085,64600231
9086,60003672
9087,64600232
9088,54600341
9089,60003606
9090,60010684
9091,64600601
9092,54600577
9093,54600136
9094,54600137
9095,14314223
9096,50007488
9097,50007489
9098,30023408S
9099,17448907
9100,64600185
9101,50008295
9102,50008294
9103,60003643
9104,64600417
9105,60017951
9106,54600578
9107,635126040
9108,635136040
9109,679556040
9110,CI-FRIG
9111,2026
9113,52784A
9114,52763
9115,018167XX
9116,44715
9117,17733
9118,18211
9119,CATSCH23-24
9120,30160
9121,531000503
9122,42700.0250IG
9123,39795.0004N
9124,6.7113.3G
9125,6.7118.3G
9126,6.7903.12B
9127,6.8003.12G
9128,6.8003.15G
9129,6.8003.19G
9130,6.8063.20G
9131,6.8523.17G
9132,76073
9133,7.6075.1
9134,76078
9135,76857
9136,76924
9137,78715
9138,96155
9139,CI-LIX
9140,V723
9141,3028175
9142,3028178
9143,3028176
9144,3028177
9145,3028179
9146,890
9147,3521218100
9148,UT111001PR
9149,UT111002PR
9150,AC22396
9151,UT111004PR
9152,UT111005VM
9153,UT111006VM
9154,UT111007VM
9155,S032002
9156,295T
9157,568744
9158,CI-LAPIS
9159,511221
9161,60900/010
9162,CI-LAMP
9163,682
9164,882
9165,684
9166,832
9167,833A
9168,843A
9169,717
9170,1001A
9171,720
9172,1075
9173,1213A
9174,1200A
9175,206
9176,200082
9177,511227
9178,2000008926065
9179,623A
9180,624A
9181,634
9182,829
9183,1444
9184,809
9185,CI-SQLAMP
9186,CI-SPOT
9187,CI-EMBLAMP
9188,CI-TELEFONE
9189,511231
9190,706908
9191,302326
9192,302329
9193,303063
9194,303165
9195,303171
9196,CI-SLDIC
9197,10239/097
9198,ABC5272
9199,ABC2707
9200,6380701190
9201,R2278
9202,62334
9204,60011409
9205,6011409S
9206,K3713
9207,CI-LPLAST
9208,CI-PROTAUR
9209,CI-CBTEL
9210,CI-CARRAP
9211,CI-INTERRUP
9212,305758
9213,CI-TOMAD
9214,UT111005PR
9215,UT111001VM
9216,UT111002VM
9217,UT111007PR
9218,UT111006PR
9219,UT111004VM
9220,57110
9221,54316
9222,55044
9223,22024
9224,29224
9225,7263216
9226,7264220
9227,7292088
9228,7265226
9229,7291715
9230,172705
9231,7292720
9232,7292820
9233,7292078
9234,7291712
9235,GX0472
9236,322033
9237,7267423
9238,B1682/048
9239,CI-RJF
9240,323830
9241,CI-CORD
9242,CI-QSDISJ
9243,CI-CCB
9244,CI-DISJ
9245,324000
9246,CI-PREGO
9247,CI-RODP
9248,CI-SILIC
9249,CI-FILTROAUT
9250,602030
9251,CI-LUB
9252,CI-OLEOMT
9253,036406-G
9254,036406-P
9255,CI-SWITCH
9256,357760MQG
9257,357750MQG
9258,65650/280
9259,CATAL
9260,ST613631P
9261,ST51363P
9262,J7271
9263,J7272
9264,13702008
9265,13741608
9266,34740250S
9267,CI-BOBRELP
9268,691817
9269,BD101
9270,D62077
9271,D62377
9272,RDC107
9273,SA115
9274,SK001
9275,SK002
9276,SM227
9277,SM144
9278,SM163
9279,SA124
9280,SA123
9281,114001
9282,9326918
9283,9305168
9284,9305159
9285,9355268
9286,9356918
9287,9320017
9288,9320020
9289,9320028
9290,9302928
9291,9331221
9292,9014130
9293,9014340
9294,9014725
9295,9320122
9296,9322727
9297,9355262
9298,9356907
9299,9331913
9300,9336205
9301,9331227
9302,9336107
9303,9353162
9304,9021322
9305,9336305
9306,9327904
9307,9332630
9308,9338900
9309,9351828
9310,9356210
9311,9358900
9312,9336215
9313,9321912
9314,795
9315,8150
9316,8151
9317,4681.S
9318,4881.26
9319,4982.06
9320,8016.01
9321,8017.80
9322,8152.EU
9323,SERV02
9324,9333366
9325,9028538
9326,9332333
9327,9893264
9328,9021328
9329,9336121
9330,9332222
9331,9332226
9332,9332320
9333,9336115
9334,9323264
9335,9323285
9336,9323290
9337,9333370
9338,2730008
9339,2137267171
9340,2137274407
9341,179263
9342,604466040
9343,638096040
9344,672626040
9345,675506040
9346,676806040
9347,682316040
9348,1999998640
9349,CI-CADEIRA
9350,1253096041
9351,BJ520NT
9352,CL710NT
9353,CO9460VM
9354,CV510NT
9355,JV5000NT
9356,KC660BC
9357,PC660BCF
9358,SG990BC
9359,TS710NT
9360,8108010072
9361,8108010079
9362,8108010074
9363,8108010128
9364,8108010061
9365,8108010043
9366,8108010042
9367,8108010047
9368,8111030003
9369,8108010006
9370,8107040005
9371,8107040007
9372,233049
9373,1713142
9374,1713141
9375,1602090
9376,1602091
9377,520170
9378,520169
9379,520171
9380,1301136
9381,1301137
9382,1301138
9383,482849
9384,11725
9385,332454
9386,281337
9387,281334
9388,642923
9389,280934
9390,644655
9391,621630
9392,RCH41
9393,166F
9394,M4024*X
9395,M4026*R
9396,CWDC1030
9397,CWDC1050
9398,M4004*LG
9399,TWBK3
9400,BDG2000
9401,BC56
9402,BK256
9403,HB3
9404,BDGTUB
9405,161
9406,WPA5SS
9407,335W
9408,846
9409,1291416040
9410,1291636040
9411,2151171829
9412,CWLH3632
9413,8106030017
9414,50029
9415,50033
9416,50037
9417,50041
9418,50140
9419,50135
9420,50216
9421,63479
9422,50916
9424,51625
9425,51629
9426,51633
9427,50032
9428,50131
9429,4401-86
9430,4093L1CZ
9431,611
9432,7151.07
9433,1437
9434,FK-42310
9435,FK-40217
9436,B2202/366
9437,FK-687711
9438,FK-29711
9439,FK-29712
9440,FK-50362
9441,FK-41377
9442,PR-GBK8
9443,PB-10485
9444,FK-1641
9445,SN-5582000
9446,BRD13C-AC19DP
9447,BOV1210ME310
9448,BOV1210ME381
9449,BOV1513ME045
9450,BOV1513ME310
9451,BOV1513ME381I
9452,BRC1311ME310
9453,SSDR3BI
9454,B53002/024
9455,ECO412PP-I
9456,ECO412RT
9457,M124RB-N
9458,M168OVB
9459,M179PLDG-I
9460,MSP12CBR
9461,M127RCDW
9462,M9RWDW
9463,M510RCDW
9464,M510RCHW
9465,M12RWHW-I
9466,M510RCBI
9467,M127RCBI
9468,M510RCBB
9469,M12RWBB
9470,1400025EL087
9471,58486
9472,058490-I
9473,198487
9474,199490
9475,251488
9476,258487
9477,791487
9478,D62977
9479,D63177
9480,D61877
9481,63950/210
9482,ST90512TAP
9483,HD-30
9484,OD154
9485,WE-149
9486,SV-50
9487,MP-4
9488,R2969
9489,R6803
9490,R6854
9491,R30290
9492,1202106040
9493,CI-PTREVCAR
9494,691824T
9495,706817
9496,8108010001
9497,33246
9498,33211
9499,60010393
9500,60010394
9501,S850T
9502,61106/000
9503,704004
9504,704005
9505,CI-AQUECEDOR
9506,M124RNW
9507,127001
9508,128301
9509,150101
9510,1089
9511,5222
9512,131201
9513,53
9514,MEP41
9515,B3040135
9516,B01030067
9517,B3040132
9518,B3050008
9519,664000RHS
9520,664000MR08
9521,B3040129
9522,B3040125
9523,3292820
9524,3191714
9525,3192088
9526,3191711
9527,2095
9528,201381000
9531,MEX55
9532,9504
9533,CI-ESTAB
9534,CI-HD
9535,CI-CXSOM
9536,469000001
9537,469000002
9538,469000003
9539,9811
9540,431241
9541,431242
9542,27069
9543,28063
9544,28065R
9545,28111
9546,28112
9547,28114
9548,28207
9549,B10862/0008
9550,2764220.07-7205
9551,80603
9552,80600
9553,120661
9554,B2345/100
9555,432001
9556,80428
9557,54600601
9558,5211050
9559,5244050
9560,DT03450
9561,3EI100
9562,3EI101
9563,TP6522
9564,NLA3024
9565,TP6523
9566,NLA3028
9567,NLA3224
9568,NLA2020
9569,NLA2024
9570,NLA2028
9571,NLA1028
9572,BDP
9573,PGP11M
9574,PGP11P
9575,PGP11V
9577,3111PR
9578,3111BR
9579,NFC030B302
9580,NFC030E301
9581,5679
9582,5686
9583,2128
9584,2111
9585,2142
9587,3095
9588,19157
9589,1817
9590,90491
9591,YK11608
9592,D010
9593,D011
9594,V7805200011401
9595,V780520002
9596,V010520674
9597,V760552009
9598,V760552003
9599,V780520014
9600,V780581SHA2B
9601,V780881SHA2B
9602,V811220001
9603,V811220002
9604,V811220003
9605,V010541016
9606,V010542032
9607,V010523T38M
9608,V010523G11M
9609,V010523T38
9610,V010523G11
9611,3050552576
9612,9031281C15MI
9613,9031281C15PI
9614,E00496
9615,9305530
9616,5420016040
9617,5420026040
9618,5420036049
9619,5420046040
9620,5420056040
9621,5420066049
9622,5420076040
9623,5420096040
9624,300
9625,9002
9626,3723
9627,988810
9628,3065227
9629,140036
9630,8422250
9631,2664318
9632,5877818
9633,5877822
9634,4050059
9635,F1735
9636,2100019
9637,3521312
9638,2669028-05
9639,2869232.10
9640,2256521-10
9641,2254541-10
9642,3521112
9643,3521012
9644,3521412
9645,3521512
9646,B1578/101
9647,NF7051
9648,NF7151
9649,NF7148
9650,102356
9651,9744006
9652,5244050.10
9653,2255521-10
9654,5214169.10
9655,2767428.05
9656,8422920.10
9657,5292726.10
9658,5291714.10
9659,42690
9660,150000
9661,99139224
9662,5420366040
9663,5420666049
9664,5420786049
9665,B1360/140
9666,B1360/190
9667,116601
9668,7277824
9669,3ST152
9670,3ST156I
9671,BAN1
9672,5420406040
9673,27899/027
9674,MPED
9675,PA25005
9676,28203
9677,28057
9678,ECO006
9679,JGQJ010
9680,ON015
9681,YK11604
9682,YK11605
9683,YK11606
9684,29341
9685,27120
9686,B5100/107
9687,5215004.10
9688,5661207.05
9689,5661208
9690,5661210.05
9691,SP13736
9692,TC1505
9693,ASA1509
9694,BM1505
9695,BM1602
9696,BH1610
9698,11400181
9699,11300160
9700,11500192
9701,10860706
9702,13042017
9703,16600134
9704,18028715
9705,18028725
9706,24021525
9707,13503025
9708,25017359
9709,20130839
9710,20140839
9711,18077775
9712,30501001
9713,30501003
9714,13510004
9715,18806404
9716,1000
9717,28128
9718,1812
9719,B10006/0007
9720,B21002/0009
9721,B20201/0009
9722,B10573/0001
9723,B61051/3409
9724,B60201/0009
9725,B10626/0001
9726,B20571/0009
9727,B1649/339
9728,B2050/027
9729,B2051/319
9730,B2202/315
9731,88008
9732,PS20FJ
9733,PA900026L
9734,PA900031L
9735,SP11702
9736,10239/162
9737,3500
9738,1407011
9739,V
9740,Z3
9741,Z5
9742,H7
9743,W3
9744,000041CL
9745,000097CL
9746,000131CL
9747,000285CL
9748,000296CL
9749,000375CL
9750,000428CL
9751,000431CL
9752,000511CL
9753,000534CL
9754,000536CL
9755,000561CL
9756,000660CL
9757,000664CL
9758,42600
9759,42685
9760,42705
9761,44210
9762,44910
9763,46812
9765,572979
9766,ABC6231
9767,TP1004
9768,517520D
9769,CI-ARG
9770,CI-CADEADO
9771,CI-ESTIL
9772,CI-AMAC
9773,CI-PA
9774,CI-CABIDE
9775,STGP128
9776,REMOVEDOR
9777,STGP015
9778,STGP126
9779,STGP120
9780,STGP093
9781,STGP091
9782,509
9783,1789
9784,1793
9785,14646
9786,62795
9787,32305
9788,26671
9789,C2690
9790,G4394
9791,G4391
9792,G4396
9793,G4398
9794,G4395
9795,G9822
9796,G4399
9797,H9984
9798,J7429
9799,H9982
9800,J6992
9801,J7889
9802,EXPBRM01
9803,2026
9804,101230N
9805,1531600
9806,BAD1500
9807,63651
9808,63661
9809,63671
9810,BDG1000
9811,BDCHBD
9812,P16
9813,5CHBAMCP
9814,CWDC1020
9815,CWDC1060
9816,CW2070
9817,CW2072
9818,CW2074
9819,CW2076
9820,833
9821,850
9822,GT159
9823,GT1515
9824,GT2313
9825,30142
9826,301425
9827,5068
9828,5063
9829,5064
9830,VT400
9831,SL730
9832,CL720
9833,JL5600NT
9834,CL5260
9835,MSH270VMF
9836,MSH270BCF
9837,QJ485
9838,CM507
9839,PN9110PTF
9840,QM570
9841,BJ560
9842,AC57
9843,M57W
9844,M57BK
9845,UT47313
9846,PMA10
9847,BK271182
9848,UTP75
9849,BK27508
9850,BK27409
9851,FOA1027
9852,BK171182
9853,FOA2029
9854,GT33
9855,FOA85002
9856,GT44
9857,FOA4527
9858,H2900
9859,UT66
9860,BX20252PT
9861,40149/200
9862,BX20652PT
9863,252072
9864,H2902
9865,H2903
9866,H2904
9867,BAMDCB35
9868,8104120117
9869,8104120106
9870,8104120124
9871,8103010103
9872,8103010102
9873,CI-TRENA
9874,8108010127
9875,8104110063
9876,8104110078
9877,8104110110
9878,8104110112
9879,FLIGHT2
9880,MB94ACA
9881,R2347
9882,R2929
9883,R7937
9884,CI-J1MINI
9885,R8624
9886,R11939
9887,R30161
9888,R30291
9889,R30370
9890,57975N
9891,L1076
9892,L2023
9893,L3126
9894,L3127
9895,L3139
9896,L31779
9897,L3755
9898,L6298
9899,L6340
9900,L6341
9901,L6404
9902,L6417
9903,L6459
9904,L8125
9905,SC306BR0
9906,SC306MA0
9907,SC308AZ1
9908,SC308BR0
9909,SC308MA0
9910,SC309AZ1
9911,SC309BR0
9912,SC309MA0
9913,SC313AZ2
9914,SC313BR0
9915,SC313MA3
9916,SC314AZ2
9917,SC315BR
9918,SC315MA0
9919,SC321AZ2
9920,SC321BR0
9921,55753
9922,21271
9923,20719
9924,21038
9925,56161
9926,57640F
9927,64002073
9929,57811
9930,TOR105
9931,46317
9932,63952015
9933,63952009
9934,18943
9935,J1118
9936,J1119
9937,J1120
9938,J1121
9939,J1126
9940,J1128
9941,J1129
9942,J1125
9943,J8490
9944,J8488
9945,J8493
9946,L3263
9947,L2786
9948,L2785
9949,55049
9950,8482M
9951,8101
9952,8102
9953,8103
9954,8104
9955,8105
9956,8106
9957,CH25
9958,CH25PS
9959,25330/118
9960,25330/107
9961,8482
9962,NF7560
9963,NF7637
9964,NF7537
9965,40375
9966,21554
9967,G2639
9968,C9063
9969,B1688/001
9970,BD69M
9971,BD69P
9972,BD70M
9973,BD70P
9974,CX20M
9975,CX20P
9976,CX20V
9977,LX10M
9978,LX10P
9979,PGP12M
9980,PGP12P
9981,69000/011
9982,B10572/0001
9983,B10107/0007
9984,B10146/0007
9985,B10146/0008
9986,B10147/0007
9987,69000/012
9988,B10147/0008
9989,B10148/0007
9990,B10148/0008
9991,B10500/0007
9992,B10500/0008
9993,B10503/0008
9994,B10504/0007
9995,B10504/0008
9996,B10563/0007
9997,B10612/0007
9998,B10612/0008
9999,B10618/0007
10000,B10618/0008
10001,B10625/0001
10002,1400AZM
10003,ABC8013
10004,ABC8419
10005,8603CS
10006,ABC8433
10007,ABC4039
10008,B10625/0008
10009,ABC5883
10010,ABC5333
10012,ABC6415
10013,B10626/0008
10014,ABC6446
10015,B10707/0008
10016,ABC6477
10017,ABC6507
10018,7204110
10019,324AU
10020,362
10021,7211075
10022,364U
10023,7244050
10025,376
10026,B332
10027,C1243
10028,1026
10029,999
10030,133
10031,354
10032,503
10033,504C
10034,534
10035,355
10036,356
10037,357
10038,358
10039,359
10040,360
10041,361
10042,21147/190
10043,125140
10044,5065/38
10045,149280
10046,5075/38
10047,133420
10048,133430
10049,330245
10050,2520001
10051,2520005
10052,2520006
10053,2577814
10054,2577822
10055,5292825
10056,182
10057,199
10058,249
10059,184
10060,185
10061,239
10062,345
10063,247
10064,198R
10065,248R
10066,197
10067,228
10068,R211
10069,369
10070,209
10071,458
10072,264
10073,2083
10074,2014/1312
10075,2014/4506
10076,2074
10077,7909/4
10078,LGPPBR
10079,LGAG
10080,LGBPBR
10081,V218
10082,V220
10083,2665324
10084,TOR104
10085,SAN611
10086,ST425430N
10087,BB4610FM
10088,BC710NT
10089,BL510NT
10090,105983
10091,CSH265BCF
10092,CSH265PTF
10093,KC630
10094,MSH270PTF
10095,PA455BCF
10096,PA455NT
10097,25623/100
10099,51
10100,CEL310
10101,PO7034NT
10102,B10111/0007
10103,SU3760NT
10104,B10111/0129
10105,B10111/0463
10106,SU3760PT
10107,B10111/0460
10108,TG250BCF
10109,ML9527
10110,TG250PTF
10111,TH500BCF
10112,CEL810
10113,1915000
10114,TH500PTF
10115,TH510BCF
10116,TH510PTF
10117,GARB003
10118,TP255BCF
10119,TP255PTF
10120,TU260NT
10121,GARG001
10122,TU260PTF
10123,GARM002
10124,TU270NT
10125,GARP004
10126,TU270PTF
10127,MAC15
10128,PA300-C22PR
10129,600299
10130,PA300C22VM
10131,PA300-C24PR
10132,PA300C24VM
10133,600301
10134,PA300-C26PR
10135,PA300C26VM
10136,600302
10137,PA300F22PR
10138,PA300F22VM
10139,PA300-F26PR
10140,24190/003
10141,PA300F26VM
10142,160303
10143,BB802E
10144,PA300-P20PR
10145,PA300P20VM
10146,LGPOLV
10147,PE75-31PR
10148,CI-TELSF
10149,UC28
10150,UMP1224
10151,UMP21
10152,DA24000
10153,UT47002
10154,UT47007
10155,UT623P
10156,SN23160
10157,ML9522
10158,ML8035
10159,CSA10
10160,PS14LJ
10161,MET789S
10162,STRCH41
10163,GX5356
10164,GX5357
10165,DA2020
10166,DA208S
10167,DA301CS
10168,8137
10169,8182
10170,8199
10171,40977
10172,40793
10173,40748
10174,40946
10175,GX5396
10176,GX5405
10177,GX5426
10178,GX5423
10179,ASA31
10180,MX1000XTXBZL
10181,BP100
10182,BZD01
10183,BP200
10184,SB101
10185,SW101
10186,SW102
10187,NF5110
10188,SW103
10189,SW104
10190,SW105
10191,NF5547
10192,WP101
10193,WP201
10194,NF5638
10195,WP301
10196,WPG250EBZL
10197,NF5910
10198,NF7031
10199,711220
10200,NF7131
10201,711228
10202,711230
10203,SE1000
10204,701928
10205,NF7448
10206,711920
10207,711932
10208,NF7664
10209,717232
10210,711830
10211,NF7831
10212,712328
10215,711532
10217,1122
10218,1121
10219,1157
10220,1110
10221,9320032
10222,1120
10223,1123
10224,1124
10225,9320130
10226,1159
10227,1111
10228,1155
10229,1156
10230,1158
10231,1106
10232,177FT
10233,380
10234,390
10235,SUQI049
10236,130401
10237,FB01
10238,FR01
10239,9351832
10240,9377950
10241,9377970
10242,1208726040
10243,512628
10244,516128
10245,796200
10246,901829
10247,670926
10248,671827
10249,115/1L
10250,671022
10252,115L
10253,672132
10254,215LG
10255,691823
10256,40L
10257,5065LG
10258,5065LP
10259,691828
10260,690030
10261,512GG
10262,P06060
10263,X06060
10264,P05200
10265,691832
10266,X05200
10267,620L
10268,691830
10269,G01040
10270,900L
10271,G02077
10272,G03135
10273,858636
10274,915LG
10275,G04210
10276,858436
10277,915LP
10278,G12055
10279,T09300
10280,T02350
10281,T10190
10282,T11310
10283,T12480
10284,G08040
10285,G09077
10286,G10135
10287,G11210
10288,61610/001
10289,5514
10290,5996
10291,6018
10292,STGP380
10293,IR3197
10294,5781
10295,5595
10296,6001
10297,5999
10298,STGP063
10299,6002
10300,6004
10301,5845
10302,IR3227
10303,YEN02
10304,YEN01
10305,YEN06
10306,YEN05
10307,11674
10308,711630
10309,932332
10310,516180
10311,98402
10312,98397
10313,98973
10314,95561
10315,43324
10316,95200
10317,53518
10318,53568
10319,41813
10320,647516040
10321,53952
10322,662446040
10323,5501216043
10324,101956062
10325,53942
10326,53962
10327,55002
10328,55012
10329,55022
10330,440037
10331,397950200
10332,44404
10333,42199
10334,55861
10335,44315
10336,44575
10337,44872
10339,55141
10341,80030
10342,44835
10343,51078
10344,44109
10345,95756
10346,95040
10347,42464
10348,42815
10349,42565
10350,42550
10351,42585
10352,41500
10353,5102
10354,44074
10355,44044
10356,5107
10357,52552
10358,52206
10359,8223
10360,8227
10361,8228
10362,88230105
10363,88230203
10364,88230204
10365,84012001
10366,TAGHLDBL
10367,84010861
10368,840121019180
10369,6035309992
10370,84012013
10371,TAGBUBBLE5
10372,84010871
10373,TBABLA5
10374,840121038130
10375,TBABLA8
10376,1820029
10377,2150029
10378,TAGRECTANGLE5
10379,L2678
10380,L3531
10381,JJ10012
10382,JJ10093
10383,JJ60001
10384,JJ60005
10385,JJ60011
10386,156
10387,JJ60015
10388,028C
10389,034C
10390,029C
10391,JJ70072
10392,035C
10393,8107020002
10394,8107030012
10395,8107030014
10396,LBG002
10397,8107030016
10398,LMM002
10399,LBP002
10400,LBZ021-BG
10401,TAZ308
10403,LBZ218
10404,8107030018
10405,ICZ384
10406,8108010024
10407,UTZ030
10408,8104120115
10409,CEC041
10410,BAN003
10411,8104120116
10412,8107040022
10413,8104110008
10414,8104110010
10415,8104110060
10416,8104110066
10417,8104110070
10418,8104110096
10419,00TK81A
10420,00TK81B
10421,00TK82A
10422,00TK82B
10423,00TK82C
10424,00TK79
10425,IR3204
10426,SOPHIE20
10427,633336040
10428,2101297048
10429,2101298120
10430,2151171843
10431,5472106040
10432,69138
10433,53836
10434,B1576/105
10435,B2118/101
10436,B7070/162
10437,BH001
10438,BH002
10439,00120BG
10440,BH004
10441,BH005
10442,BH006
10443,BH007
10444,01020PPCRBG
10445,BAH001
10446,ST505CHF
10447,BAH003
10448,BAH004
10449,BAH005
10450,BAH006
10451,BF301BCF
10452,SBD107
10453,HBD106
10454,STBD111
10455,STBD105
10457,STBD110
10458,STBD102
10459,A03003
10461,SSW101
10462,STSW103
10463,SSW100
10464,STSW102
10465,SSW104
10466,STSW105
10467,SBP200
10468,STWP201
10469,SBP100
10470,STWP101
10471,SBP300
10472,STWP301
10473,STSB101
10474,STWBAM3
10475,STWBK3
10476,LR02
10477,RH3331
10478,TVK8001
10479,PG02
10480,33258
10481,PG20
10482,PG01
10483,BOP04113
10484,XBS03
10485,ZR662
10486,ZR641
10487,4498
10488,102566201
10489,POR02
10490,EGH002
10491,692000150
10493,PA-7LE-N
10494,CU2026
10495,CO322+HD22
10496,CUR920
10497,CUR715
10498,221000035
10499,278250005
10500,4781001
10503,4781003
10504,4790016
10505,53573
10506,600321
10507,19065
10508,250528
10509,250538
10510,250544
10511,C076310
10512,56954
10513,30056
10514,76617
10515,44708
10516,MCCBBPBR
10517,MCMGA4BL
10518,MCMGA4BR
10519,MCRCA4BLFK
10520,CSOVAL8
10521,FBTMIX3
10522,SBSBMNI
10523,MNIBKR1
10524,TAGBUTTERFLY5
10525,TAGFLOWER5
10526,CSWALL100
10527,PFTACVA4
10528,PFTACLA4
10529,PFTACYA6
10530,336046
10531,336003
10532,336170
10533,215155
10534,215513
10535,251001
10536,6924340
10537,6357800790
10538,6382030690
10539,6382040690
10540,6502H
10541,CI-HEADSET
10542,44134
10544,420225
10545,51068
10546,400060
10547,30133AC
10548,B50099/001
10549,HM160PR
10550,KR104SM
10551,KR104TR
10552,KR342PR
10553,KR435TR
10554,OG206AZ
10555,PG099AI
10556,PR001AC
10557,PR004AC
10558,SM608TR
10559,SM635TR
10560,SM664OL
10561,FG263200YEL
10562,6146AZ
10563,11209
10564,FLDST
10565,EZL005
10566,EZP002
10567,EZH001
10568,B53601/001
10569,B53601/002
10570,1935016440
10571,1935026440
10572,1935076440
10573,1935146440
10574,720302
10575,720312
10576,43143
10577,DC4333
10578,DCSTJVP400NM
10579,DC12SV
10580,DCST101614
10581,DCST101805
10582,23799/083
10583,60900/020
10584,682536040
10585,64250/740
10586,13176/050
10587,26499/002
10588,61653/000
10589,61652/000
10590,63934/100
10591,65510/200
10592,24192/006
10593,61806/130
10594,20536/722
10595,1347
10596,20540/610
10597,FG619900BLA
10598,FG619500BLA
10599,24686/180
10600,25610/180
10601,25611/180
10602,4308
10603,311310105
10604,311310109
10605,311310126
10606,311310110
10607,311302898
10608,311007206
10609,311009419
10610,311005285
10611,311302776
10612,311302856
10613,311302817
10614,311101081
10615,311412686
10616,A01002057
10617,PA900026PR
10618,R2684
10619,111788
10622,CI-ARELGIN9
10623,706918
10624,805688
10625,9008352838
10626,9008320745
10627,MM01
10628,263544
10629,MM02
10630,MM03
10631,360010641901001
10632,360020641901001
10633,388169000932211
10634,388179000932211
10635,600027
10636,2166
10637,2159
10638,38691
10639,38639
10640,28777
10641,19119
10642,062085C
10643,12SVN
10644,511327
10645,511331
10646,516919
10647,514919
10648,S7030DR006
10649,S7032DR006
10650,S7030DR004
10651,S7032DR004
10652,S7030DR009
10653,B53501/001
10654,B53501/002
10655,BOV1513ME020N
10656,33245
10657,ASA1309
10658,SP13727
10659,TC13805
10660,TC13812
10661,TC13813
10662,TC13815
10663,CI-PIN
10664,YK14639
10665,VD1605
10666,ASA1619
10667,ASA1620
10668,CI-CALC158053
10669,405838D
10670,30010011
10671,B1425/132
10672,ABC3704
10673,CI-ESTMINI
10674,YGF06
10675,M46-R33DO
10676,STCD12LTAP
10677,140
10678,2
10679,444DF
10680,1902467
10681,FG262000BLUE
10682,MT35C
10683,620KUF
10684,ROLLI125
10685,25525
10686,98914
10687,63486
10688,61029
10689,61031
10690,63487
10691,62956
10692,62931
10693,62973
10694,62478
10695,62279
10696,60372
10697,60392
10698,61346
10699,61347
10700,66824
10701,61034
10702,60805
10703,CI-BALAO
10704,TI10005
10705,2202V
10706,63902/211
10707,C0002
10708,C0003
10709,C0006
10710,BK17310
10711,73024
10712,1142
10713,1179
10714,1181
10715,9188
10716,1021
10717,CI-BOTINA
10718,CI-LINHA
10719,CI-ESP
10720,CI-SILICONE
10721,ST141360
10722,3192088EM
10723,3292710EM
10724,ALA1704
10725,ASA1503
10726,1400025EL096
10727,3526312
10728,3528512
10729,VD1640BZ
10730,AW8
10731,TC1724
10732,ALA1705
10733,TC13832
10734,TC13809
10735,3528712
10736,3529212
10737,2310000
10738,2310003
10739,2310029
10740,2310035
10741,1590001
10742,1590002
10743,1590029
10744,1610005
10745,498950G
10746,63489
10747,63771
10748,44829
10749,44809
10750,44799
10751,44819
10752,ST44829
10753,ST44809
10754,ST44799
10755,ST44819
10756,498870G
10757,136300G
10758,B2104/200
10759,400812D
10760,8336
10761,8423
10762,8424
10763,2013
10764,3071
10765,SCH339
10766,8165
10767,TM001
10768,CI-RELPONTO
10769,CI-ALM
10770,41402
10771,41412
10772,41422
10773,44929
10774,52640
10775,53912
10776,55052
10777,80108
10778,440121
10779,440125
10780,440157
10781,440909
10782,28105DJ
10783,28106DJ
10784,112026
10785,112296
10786,113041
10787,113745
10788,686520
10789,686524
10790,686828
10791,691014
10792,693024
10793,693032
10794,694024
10795,697032
10796,697040
10797,CI-CABOMAD
10798,CI-CABOALUM
10799,503003F
10800,503104P
10801,E4961
10802,DKTRP
10803,70003
10804,UD25002
10805,112293
10807,112503
10808,114132
10809,115074
10810,115085
10811,166500
10812,166700
10813,215050
10814,215062
10815,215503
10816,310435
10817,312123
10818,215515
10819,312502
10820,CI-PALITO
10821,B50301/010
10822,B50301/011
10823,RAM3BK
10824,RAM3W
10825,175028073
10826,P015
10827,UMP0234
10828,CI-TELSFPAN
10829,4608
10830,KAEXB
10831,4804012100
10832,24311
10833,12548300
10834,3218300
10835,3238300
10836,PV1202
10837,63814/100
10838,FK1972
10839,330624
10840,30062
10841,B1389/101
10842,1382VM
10843,9318
10844,1475
10845,1601750
10846,9305109-62759
10847,GX5359
10848,GX5400
10849,GX5411
10850,MS19500
10851,MS49289
10852,PB55052
10853,AC01
10854,FK28175
10855,FK28342
10856,FK49823
10857,PB95790
10858,FK42017
10859,PR3931
10860,EVSBR
10861,ASA1500
10862,BZD02
10863,MT50C
10864,SP14744
10865,TC1600
10866,TC1625
10867,278500035
10868,278250006
10869,SN13265VM
10870,B51901/002
10871,B51901/004
10872,623402515
10873,41235U
10874,B1574/100
10875,302258
10876,397
10877,10
10878,B2099/116
10879,B1527/123
10880,B2399/100
10881,B2196/302
10882,B2992/303
10883,RAM2W
10884,RAM2BK
10885,1401
10886,55039
10887,GX8010
10888,TPLX15
10889,388179000932
10890,PRIJS-EN
10891,IMC936300
10892,IMC937300
10893,IMC943300
10894,R938
10895,R062077
10896,ECD064076
10897,R065078
10898,R071111
10899,R075110
10900,R074110
10901,R075111
10902,R075112
10903,R076110
10904,R079111
10905,S063076
10906,3281BRA
10907,388249001111
10908,388259001111
10909,9727
10910,9987
10911,9988
10912,9989
10913,9990
10914,ABC6200
10915,299014055
10916,M46-R34VM
10917,M46-R34DO
10918,M46-R34PT
10919,S065078
10920,CT438
10921,9103000068
10922,CA193
10923,CA297
10924,CA301
10925,CA302
10926,FLE003B
10927,SP098
10928,SP132
10929,SP192
10930,SP193
10931,CX005
10932,PCR001C
10933,2000541
10934,2000543
10935,A01204067
10936,A012040612
10937,20005413
10938,20005416
10939,A040580
10940,MP0007
10941,SA0029A
10942,JI0052
10943,BEI0021
10944,LA0059
10945,JI0008
10946,JI0028
10947,TD0013
10948,DT0306
10949,IM0027
10950,OH0007
10951,OH0044
10952,TG0028
10953,HP0008
10954,HJ0023
10955,XA0082
10956,SKI0002
10957,HJ0003
10958,BEI0139
10959,DR0002
10960,DR0090
10961,NW0020
10962,FA0007
10963,FM7241
10964,SD0110
10965,14324740
10966,1297
10967,5153
10968,5240
10969,8000
10970,54332
10971,ABC13017
10972,ABC13239
10973,82076
10974,82069
10975,99616
10976,99609
10977,XN049
10978,OGB800BMB
10979,POL0150007
10980,9T75
10981,B2251/351
10982,B2250/353
10983,1289606044
10984,130.001002UN
10985,137.003023UN
10986,137.004023UN
10987,137.005023UN
10988,200.007009UN
10989,220.001001UN
10990,231.048018UN
10991,234.001009UN
10992,234.004001UN
10993,244.007009UN
10994,246.002021UN
10995,302.006009UN
10996,500.030013UN
10997,500.032013UN
10998,CAM10141
10999,CAM.1000.1
11000,CAM.1029.1
11001,CAM.1019.1
11002,24313
11003,1289606048
11004,2942-002
11005,2961-001
11006,7341-042
11007,7362-001
11008,0141-008
11009,NF5643
11010,P1860
11011,0141-001
11012,0161-185
11013,0162-186
11014,715159
11015,716909
11016,55242
11017,141370D
11018,175019107
11019,5195
11020,6035309993
11021,9385630
11022,9356110
11023,33603020
11024,32608622
11025,33608726
11026,700009928
11027,705678
11028,655235/657018
11029,655235/657018-0
11030,81854141
11031,1255000
11032,1302200
11033,1302600
11034,1322000
11035,13620239
11036,NF0200
11037,NF4045
11038,NF5548
11039,NF5553
11040,NF5903
11041,NF7348
11042,NF7551
11043,NF7731
11044,700009924
11045,00000OH071024
11046,00000ME089025
11047,00000OH191002
11048,00000OB013002
11049,ST18603M
11050,ST18606M
11051,G01W0409
11052,NF5845
11053,NF5345
11054,NF5848
11055,NF5348
11056,NF4145
11057,20275/610
11058,20536/622
11059,20580/020
11060,22299/059
11061,25228/400
11062,63906/161
11063,27814/012
11064,62511/223
11065,62667/203
11066,91390/108
11067,PP24041
11068,PP24046
11069,PP24047
11070,PP24050
11071,PP200086
11072,PP21839
11073,PP200118
11074,FK30342
11075,FK14092
11076,FK7703
11077,NGYF011
11078,MS50600
11080,NGAKC03
11081,FK29255
11082,FK44411
11083,WE18770100
11084,WTMS135S
11085,R1105
11086,R1130
11087,R2965
11088,R5912
11089,ECD066076
11090,ECD066077
11091,LAC066078
11092,ECD064077
11093,LAC064078
11094,R7389
11095,R25559
11096,R25568
11097,R25569
11098,IMP993900
11099,R25581
11102,R25627
11103,R25641
11104,R30321
11105,25685/100
11106,50008898S
11107,A1550802
11108,1197
11109,57671
11110,1665226
11111,1664220
11112,1667423
11113,1693820
11114,1693088
11115,7377007
11116,193077
11117,193721
11118,193712
11119,193718
11120,2861211
11121,2856521
11122,2855521
11123,2898005
11124,2669028
11125,2668930
11126,2667525
11127,2692088
11128,2692820
11129,5661212.05
11130,2791712
11131,2791715
11132,66902/606
11133,CI-ATTC
11134,H475S&P
11135,CBV2552
11136,6623
11137,1500
11138,1514
11139,2510
11140,2514
11141,335WBK
11142,66130
11143,67012
11144,66120
11145,105249166123
11146,105213964001
11147,107666222296DI
11148,105216068308
11149,107527828390DO
11150,105246066111
11151,108200428547DM
11152,108600328675DI
11153,108600528676DI
11154,107690892632
11155,66140
11156,66199
11157,66103
11158,105215068003
11159,105550990248
11160,67036
11161,67085
11162,66160
11163,8300
11164,8311
11165,9874
11166,9891
11167,9907
11168,100082
11169,1969
11170,B3040124
11172,B102060014
11173,197F
11174,123F
11175,126
11176,119
11177,318
11178,331F
11179,395
11180,340FT
11181,HB100276
11182,643956040
11183,2900792
11184,2900816
11185,7214301
11186,6640
11187,7274
11188,7372
11189,7792
11190,7793
11191,ARACAD
11192,1933306440U
11193,633316210
11194,633326210
11195,3191714EM
11196,3191711EM
11197,105001
11198,306005
11199,32603024
11200,33603024
11201,33608622
11202,33608626
11203,33608722
11204,SP13713
11205,700009828
11206,5000981124
11207,5000991124
11208,5100981224
11209,5100991224
11210,972
11211,973
11212,974
11213,37014
11214,32163
11215,70424
11216,42551
11217,42247
11218,934108
11219,97438
11220,97445
11222,36765
11223,96806
11224,38714
11225,97247
11226,15425
11227,81451
11228,40199
11229,96783
11230,82366
11231,92049/109
11232,20550/610
11233,61105/002
11234,10042/070
11235,61222/185
11236,63999/525
11237,61310/305
11238,61310/395
11239,9030581MIN
11240,9030581MPA
11241,CF7P63
11242,CF7P21
11243,CF7P22
11244,CF7P35
11245,9080500001
11246,9080500002
11247,V760852007
11248,V76085200735
11249,V76085200707
11250,AVARI201
11251,AVARI204
11252,AVARI075A
11253,60006762
11254,9031281C15MD
11255,9031281C15CU
11256,9031281C15CUF
11257,9031281C15ME
11258,9031281C15PA2
11259,9031281C15PAF
11260,3292820EM
11261,92049/007
11262,761005265
11263,2310030
11264,3610010
11265,60424
11266,60029
11267,48822
11268,S15
11269,S3
11270,SYS5FMP
11271,1291476040
11272,1291696040
11273,1291296040
11274,1291736040
11275,1291486040
11276,1297326040
11277,1297336040
11278,1297356040
11279,647906630
11281,660079990
11282,661006030
11283,617706590
11284,617706600
11285,667716040
11286,63729
11287,23632
11288,30012837S
11289,2941-001
11290,2942-001
11291,2941-002
11292,2032V
11293,2710V
11294,2206V
11295,2117V
11296,2119V
11297,2941-123
11298,2942-123
11299,2931-001
11300,2932-001
11301,2931-002
11302,2932-002
11303,2931-123
11304,2932-123
11305,0162-185
11306,0161-186
11307,0141-042
11308,5872029
11309,5872032
11310,53749
11311,LC1701
11312,LC1702
11313,16169
11314,16300
11315,17329
11316,17332
11317,17333
11318,CN801
11319,CN802
11320,CN805
11321,9030584793
11322,9030584797
11323,9030584796
11324,9030584799
11325,100500005
11326,100500002
11327,100500001
11328,100500021
11329,1250500001
11330,1250500002
11331,1250500005
11332,1250500021
11333,1580500001
11334,1580500002
11335,1580500005
11336,1580500021
11337,LC1703
11338,LC1704
11339,B6001/010
11340,B6002/010
11341,B6003/010
11342,B6007/010
11343,B1692/000
11344,B1663/000
11345,B2254/310
11346,B2052/314
11347,838
11348,311005286
11349,311005288
11350,311007228
11351,311016751
11352,311016753
11353,311305287
11354,311310050
11355,311310068
11356,311310085
11357,311007208
11358,311007207
11359,311007225
11360,311007242
11361,AG1632PR
11362,1250500011
11363,1250500012
11364,1250500015
11365,1250500022
11366,B1656/220
11367,B1420/140
11368,B1673/124
11369,B1070/000
11370,B2347/101
11371,B2118/001
11372,B1696/102
11373,B1380/100
11374,B1440/321
11375,B1440/315
11376,B1440/312
11377,B1440/311
11378,B1440/308
11379,B1440/305
11380,B1440/304
11381,B1440/300
11382,B1440/301
11383,B1440/324
11384,20064/024
11385,20056/026
11386,20056/022
11387,20060/024
11388,4577007
11389,6765226
11390,6767423
11391,6764220
11392,6777814
11393,6793820
11394,6793088
11395,3965227
11396,3967423
11397,3964220
11398,3977814
11399,3993820
11400,3993088
11401,913C
11402,912C
11403,906C
11404,905C
11405,930C
11406,931C
11407,929C
11408,153C
11409,148C
11410,149C
11411,143C
11412,144C
11413,17404
11414,1790500S
11415,HT203
11416,HT213
11417,P028BC
11418,P028PT
11419,A026
11420,3003795
11421,A029
11422,A019
11423,LGCBDIS
11424,P030
11425,P031
11426,R004
11427,R001H
11428,R002H
11429,R003H
11430,R004H
11431,R005H
11432,R006H
11433,R007H
11434,R008H
11435,R009H
11436,R010H
11437,R011N
11438,R012N
11439,R013N
11440,R014N
11441,R015N
11442,R016N
11443,R017N
11444,R018N
11445,R019N
11446,R020N
11447,R021N
11448,R022N
11449,R023N
11450,R024U
11451,R025U
11452,R026U
11453,R027U
11454,R028U
11455,R029U
11456,R030U
11457,R031U
11458,R032U
11459,R033U
11460,R034U
11461,R035U
11462,R036U
11463,9030584794
11464,9030584788
11465,P-067C
11466,P-068C
11467,8340PC
11468,JD2274C
11469,JD2271C
11470,JD2273C
11471,JD2270C
11472,JD2268C
11473,JD2269C
11474,JD2272C
11475,G1306
11476,G1606
11477,G1106
11478,G1210
11479,G1215
11480,G1220
11481,G1206
11482,G1310
11483,G1315
11484,JD1320
11485,G1415
11486,G1406
11487,G1410
11488,G1610
11489,G1615
11490,G1910
11491,G1906
11492,G1115
11493,G1120
11494,G1110
11495,G1202
11496,G1601
11497,G1901
11498,G1201
11499,G1301
11500,G1401
11501,G1101
11502,STJWP11SL
11503,STJWP12SL
11504,STJWP13SL
11505,STJWP14SL
11506,STJWP16SL
11507,STJWP19SL
11508,8343PC
11509,P-083C
11510,JD2275W
11511,JD2276
11512,JD2277
11513,1677814
11514,175015107
11515,8161
11516,175026107
11517,175030107
11518,175016212
11519,175021212
11520,183024212
11521,175028212
11522,183027080
11523,2950007214
11524,357280000
11525,24099/021
11526,8175
11527,8168
11528,486
11529,1252015033
11530,15418
11531,30162
11532,1252010214
11533,3101
11534,GX5483
11535,GX5482
11536,97230
11537,GX5481
11538,GX5479
11539,97254
11540,GX5480
11541,GX5383
11542,B52801/009
11543,MH11R
11544,MH10F
11545,MH8S
11546,17787YA31
11547,BRMG033
11548,BRMG038
11549,BRMG049
11550,GX0433
11551,GX0401
11552,B2508/303
11553,B2508/305
11554,112
11555,1012
11556,3100001530
11557,3100001532
11558,408
11559,412
11560,3100001535
11561,006029-057
11562,416
11563,610
11564,3100002524
11565,614
11566,3100002526
11567,618
11568,3100002528
11569,3100003530
11570,3100003544
11571,1420
11572,3100003546
11573,3100004532
11574,3100011622
11575,3100012628
11576,3050212602
11577,3050212603
11578,3100041571
11579,3100043602
11580,3100020558
11581,3100020654
11582,3100020560
11583,3050501611
11584,3050501612
11585,3050502578
11586,3050502579
11587,3050503621
11588,3050503622
11589,3050504584
11590,3050543614
11591,3050512624
11592,3050524561
11593,3050524560
11594,3050520666
11595,3050520667
11596,3050520668
11597,3035552603
11598,3035552549
11599,3055424586
11600,3050552644
11601,3050552633
11602,3050552631
11603,3050552636
11604,3055452634
11605,3050554579
11606,3050554606
11607,3055452641
11608,3050542600
11609,3050543613
11610,135C
11611,167222
11612,167223
11613,170184
11614,194183
11615,194184
11616,350238
11617,354756
11618,354757
11619,357768M04
11620,387140
11621,400886
11622,540622
11623,540624
11624,580214
11625,580215
11626,357750EAL
11627,357750EAM
11628,357750EAN
11629,357750EAO
11630,SP1742RS
11631,SP1743WT
11632,SP1744VM
11633,SP13735
11634,SP13734
11635,SP14746
11636,SP13716
11637,SP13718
11638,SP13717
11639,SP13711
11640,SP13714
11641,SP13726
11642,SP13729
11643,JA1768D
11644,JA1768P
11645,JA1768B
11646,6000800
11647,365642MAI
11648,GX5608
11649,GX5609
11650,LC1708
11651,LC1709
11652,LC12069
11653,DDR3
11654,B1422/137
11655,B6018/010
11656,7962
11657,8064
11658,8123
11659,47026
11660,61697N
11661,61698N
11662,H5641
11663,H5642
11664,H5646N
11665,H7763N
11666,J7266
11667,J7267
11668,J7268
11669,J7269
11670,J7284
11671,J7285
11672,L3500N
11673,L4022N
11674,L4549N
11675,L5272N
11676,L6943
11677,405826
11678,405837
11679,D9611
11680,16171
11681,16172
11682,16173
11683,21136
11684,21139
11685,56077
11686,56079
11687,56112
11688,56140
11689,57311
11690,57817
11691,58148
11692,58149
11693,58150
11694,58151
11695,5215004
11696,STJ104C
11697,10112GBR
11698,10408GBR
11699,10412GBR
11700,10416GBR
11701,10610GBR
11702,10614GBR
11703,10618GBR
11704,11420GBR
11705,11012GBR
11706,10112
11707,10408
11708,10412
11709,10416
11710,PR5300
11711,SL0022
11712,10610
11713,LC1802
11714,LC1803
11715,10614
11716,LC1804
11717,LC1805
11718,10618
11719,LC1806
11720,SS6650
11721,SS6690
11722,TV500
11723,11420
11724,TV520
11725,VT300
11726,112336
11727,VT450
11728,FB02
11729,11012
11730,30552
11731,13213/052
11732,20166/122
11733,20166/222
11734,20770/724
11735,20771/722
11736,20771/724
11737,20772/718
11738,25099/948
11739,25099/952
11740,26479/100
11741,64220/130
11742,64310/114
11743,PS379
11744,RS1537
11745,88230402
11746,C9211-183?-12???
11747,4790136
11748,505
11749,578
11750,582
11751,BE279-S
11752,22/10-T
11753,505-SB
11754,BE584-S
11755,CF24/3
11756,PC28/12
11757,30163
11758,89822
11759,89839
11760,H5604N
11761,L4454N
11762,L5406N
11763,43317
11764,B1440/317
11765,B1440/316
11766,STGP163
11767,LF330AZR
11768,A7501
11769,1250500031
11770,1250500032
11771,1250500053
11772,1250700001
11773,1250700002
11774,1250700005
11775,1250700011
11776,1250700012
11777,1250700015
11778,1250700021
11779,1250700022
11780,1250700031
11781,1250700032
11782,1250700053
11783,1100500001
11784,1100500002
11785,1100500005
11786,1100500011
11787,1100500012
11788,1100500015
11789,1100500021
11790,1100500022
11791,1100500031
11792,1100500032
11793,1100500053
11794,1100500059
11795,1100700001
11796,1100700002
11797,1100700005
11798,1100700011
11799,1100700012
11800,1100700015
11801,1100700021
11802,1100700022
11803,1100700031
11804,1100700032
11805,1100700053
11806,1100700059
11807,1200500001
11808,1200500002
11809,1200500005
11810,1200500011
11811,1200500012
11812,1200500015
11813,1200500021
11814,1200500022
11815,1200500031
11816,1200500032
11817,1200500053
11818,1200700001
11819,1200700002
11820,1200700005
11821,1200700011
11822,1200700012
11823,1200700015
11824,1200700021
11825,1200700022
11826,1200700031
11827,1200700032
11828,1200700053
11829,D30-BR3-RE-NE
11830,C30-BR3-WH-NE
11831,C30-BR3-BK-NE
11832,L4437
11833,28166
11834,28069
11835,L4473
11836,28196
11837,28062
11838,C80-BR3-BK-E
11839,5596A
11840,5501286040
11841,28066
11842,5501306040
11843,28067
11844,28064
11845,1100500009
11846,1100700009
11847,28068
11848,1250500009
11849,1250700009
11850,28004
11852,310000001
11853,310000002
11854,27087
11855,310000005
11856,27786
11857,310000011
11858,310000012
11859,27051
11860,310000019
11861,310000021
11862,310000022
11863,27555
11864,670000001
11865,670000002
11866,27026
11867,670000005
11868,670000011
11869,27566
11870,670000012
11871,670000019
11872,670000021
11873,670000022
11874,200000001
11875,200000002
11876,200000009
11877,200000011
11878,200000012
11879,28172
11880,200000019
11881,28051
11882,200000021
11883,200000022
11884,28153
11885,28195
11886,27072
11887,28101
11888,27066
11889,28052
11890,27067
11891,28053
11892,28173
11893,28054
11894,27599
11895,27080
11896,27081
11897,27047
11898,27610
11899,27048
11900,28134
11901,28159
11902,28158
11903,27116
11904,27117
11905,9200026-62766
11906,28056
11907,28016
11908,28060
11909,28058
11910,28061
11911,28073
11912,27164
11913,28059
11914,27219
11915,28055
11916,27588
11917,27577
11918,27632
11919,27511
11920,27764
11921,27191
11922,27046
11923,27078
11924,27079
11925,27130
11926,27068
11927,27621
11928,27070
11929,28110
11930,28179
11931,28113
11932,28115
11933,28197
11934,28180R
11935,27113
11936,27114
11937,27298
11938,27245
11939,27244
11940,1985
11941,GAVBD106
11942,MADB106
11943,SBD106
11944,B20201/0111
11945,B20201/0129
11946,B20201/0461
11947,ALC1303
11948,AMB1720
11949,BM1305
11950,PM02CZ
11951,SF1623
11952,SN1506
11953,VD1606
11954,9200020-62766
11955,9306909-62759
11956,34244ABRA
11957,6094779990
11958,30001965
11959,FK684801
11960,FK682217
11961,NGYF017
11962,MS46999
11963,PR3570
11964,NGYF008
11965,NGAKS05
11966,MS49505
11967,MS49455
11968,MS66005
11969,MS78027
11970,VPBS18NR
11971,407
11972,600331
11973,R4054
11974,R4056
11975,R4058
11976,R7849
11977,R8656
11978,R27004
11979,R8109
11981,262201
11982,262235
11983,321030
11984,321031
11985,60001773
11986,CI-MESA
11987,558966
11988,CI-DESENT
11989,2101299240
11990,541092
11991,541453
11992,541094
11993,541096
11994,541095
11995,521453
11996,521092
11997,521094
11998,521095
11999,521096
12000,517233
12001,517232
12002,517234
12003,517235
12004,517236
12005,484232
12006,484233
12007,484234
12008,484236
12009,484235
12010,487232
12011,487233
12012,487234
12013,487236
12014,487235
12015,534092
12016,534453
12017,434094
12018,534096
12019,534095
12020,481092
12021,481453
12022,481094
12023,481096
12024,481095
12025,528092
12026,528453
12027,528094
12028,528096
12029,528095
12030,ABC1380
12031,B10863/0008
12032,5500780003
12033,67029
12034,33226
12035,33034
12036,54224
12037,1005
12038,1010
12039,4402
12040,4469
12041,7202
12042,500ALM-PRA
12043,7292720VD
12044,7292078VD
12045,1964220-5200
12046,6164220-5200
12047,796110
12048,792618
12049,792640
12050,416572
12051,598111PQ
12052,AG1633PR
12053,B53009/006
12054,B53009/007
12055,B53001/018
12056,B53009/016
12057,B53005/003
12058,B53005/019
12059,B53016/013
12060,B53005/016
12061,B53005/020
12062,B53016/042
12063,B53002/018
12064,B53009/015
12065,B53005/029
12066,B53001/028
12067,B53004/003
12068,B53005/015
12069,B53003/015
12070,1147096040
12071,1147076040
12072,93126
12073,93119
12074,15395
12075,2135
12076,62078
12077,196744
12078,938885
12079,938779
12080,B53002/022
12081,B53002/021
12082,AG1635DO
12083,2227
12084,7155
12085,7099
12086,7952
12087,ABC12065
12088,24018/109
12089,24027/105
12090,20598/710
12091,20189/014
12092,23039/137
12093,F3001
12094,3DE078
12095,EB591E
12096,431260G
12097,141360GS
12098,768673
12099,192609
12100,933897
12101,933880
12102,933866
12103,933958
12104,946361
12105,195471
12106,4538R
12107,CI-SPC40
12108,CI-SPC60
12109,CI-PHIGR
12110,CI-DETLR
12111,403PTR
12112,1099
12113,1060
12114,1059
12115,1076-2
12116,1040
12117,1039-2
12118,AG1626VM
12119,AG1634DO
12120,PL3100BC
12121,PL200BC
12122,TL230BC
12123,TL220BC
12124,TL260BC
12125,MU3790BC
12126,CL220BC
12127,314720GS
12128,NF5110X
12129,NF7729
12130,NF7948
12131,NF0831
12132,6264220-5200
12133,NF7529A
12134,2018
12135,LAPP4429
12136,AC9188
12137,AZ9185
12138,183023114
12139,6164220-5300
12140,23169
12141,21460
12142,20455
12143,NF0851
12144,1000035Q
12145,NF7819
12146,CI-ACUCAR
12147,175019114
12148,CI-ADOC
12149,CI-QB
12150,CI-SPF
12151,30164
12152,10401-2D
12153,CR5002LR
12154,CR5002PR
12155,CR7102PR
12156,CR7102VM
12157,GRD-11
12158,GS-P01X
12159,NAOX234
12160,RNC-20F/BB
12161,RNC-24F/PB
12162,RNC-26F/YB
12163,RNC-28F/OB
12164,RNC-30F/RB
12165,SB-ABOX23
12166,GE-TAB1CZ
12167,GE-TAB1LR
12168,GE-TAB1VD
12169,MOD001MDPLAS
12170,RNC-SET2/Y
12171,27754N
12172,1479
12173,B5114/132
12174,ABC1212
12175,S400
12176,207
12177,102205017
12178,61222/225
12179,B6004/010
12180,B6006/010
12181,B6005/010
12182,B1561/100
12183,W0103
12184,5800510015
12185,5800520015
12186,5800530015
12187,5800540015
12188,CI_REFABS
12189,3SA011
12190,PG46
12191,PG28
12192,TVK7024N
12193,PG39
12194,PG41
12195,PG40
12196,BGH409
12197,747
12198,1210
12199,849
12200,256
12201,5103
12202,8058
12203,NF2311
12204,CF.2.402
12205,25059
12206,250145
12207,260044
12208,26027
12209,25031
12210,28014
12211,250255
12212,28025
12213,250130
12214,C25109
12215,25019
12216,250181
12217,250182
12218,24014
12219,24013
12220,24012
12221,24011
12222,29055
12223,29051
12224,250222
12225,25060
12226,ST12302TRSH
12227,25263
12228,13701205
12229,13701204
12230,ST15010SK
12231,5596
12232,149230
12233,B10869/0007
12236,9558
12237,1165
12238,1168
12239,9282
12240,1238
12241,B2200/001
12242,B1606/000
12243,902613
12244,MWRD
12246,MPED
12249,NOTEBOOK DELL
12250,319
12251,52774M
12252,52773M
12253,52779M
12254,52781M
12255,52780M
12256,52768M
12257,9130025
12258,9130016
12259,9135170
12260,9136918
12261,613631D
12262,SUPICP30
12263,5708-7
12264,1005394
12265,10010009
12266,12300307
12267,12600570
12268,12610560
12269,12610650
12270,12630550
12271,12630650
12272,34752045
12273,34752211
12274,34752212
12275,34752215
12276,34752216
12277,50013442
12278,60011501
12279,60018920
12280,60019194
12281,60019196
12282,60019209
12283,64752286
12284,64790448
12285,30019151S
12286,692233
12287,692237
12288,696107
12289,691509
12290,691520
12291,691527
12292,692318
12293,692320
12294,692334
12295,692342
12296,9120017
12297,9120022
12298,9120026
12299,9120029
12300,9120031
12301,9120125
12302,9120128
12303,9121216
12304,9121221
12305,9121224
12306,9121227
12307,9121229
12308,9121231
12309,9121321
12310,9121326
12311,9122023
12312,9122030
12313,9122034
12314,9122038
12315,9122618
12316,9122630
12317,9122636
12318,9122779
12319,9123165
12320,9123168
12321,9123810
12322,9123830
12323,9124001
12324,9124010
12325,9124011
12326,9124020
12327,9124030
12328,9124040
12329,9124130
12330,9124345
12331,9124615
12332,9124715
12333,9124730
12334,9124922
12335,9125119
12336,9126919
12337,9125158
12338,9126908
12339,9125172
12340,9125175
12341,9125179
12342,9125187
12343,9125582
12344,9125708
12345,9126572
12346,9126422
12347,9126428
12348,9126579
12349,9126429
12350,9126587
12351,9127500
12352,9127901
12353,9128100
12354,9125169
12355,9126437
12356,171227-380398
12357,701220-730242
12358,701226-360204
12359,701226-730242
12360,701228-360205
12361,701228-360206
12362,510028
12363,905717
12364,513166
12365,800027-815012
12366,805275-815012
12367,806918-815012
12368,701324-815012
12369,9211912
12370,9212633
12371,9212250
12372,9212640
12373,9213966
12374,9213972
12375,9213975
12376,9213978
12377,9216225
12378,9216250
12379,9217910
12380,9217911
12381,9217915
12382,9217922
12383,9217970
12384,90
12385,90
12386,COPONESPRESSO
12387,ADOÇANTE
12388,105C
12389,CAPS_ESP
12390,BROCA
12391,HNH772BK
12392,HU45BK
12393,GTSS33
12394,GRSS1
12395,GRSS2
12396,GRSS3
12397,1116W
12398,1172W
12399,2471
12400,2475
12401,2474
12402,1472
12403,2472
12404,H4258
12405,692327
12406,YAD109
12407,17785
12408,17800
12409,17781
12410,14676
12411,16171
12412,13441
12413,11640
12414,Y4223
12415,11148
12416,3670
12417,9294
12418,18331
12419,ALA1702
12420,ALA1703
12421,BM1503
12422,BM1311
12423,BM1751
12424,BM1310
12425,SN13261
12426,SN1737
12427,SN1736
12428,SN1738
12429,SN1739
12430,SN1741
12431,SN1740
12432,SN1737P
12433,SN1736P.
12434,SN1738P
12435,SN1739P
12436,SN1741P.
12437,SN1740P
12438,AC1804
12439,ASA1502
12440,ASA1501
12441,AM1114
12442,SN11231
12443,SN11232
12444,SN12242
12445,SN11220
12446,SN11224
12447,SN11226
12448,SN1618
12449,AF01N
12450,ASA12184
12451,ASA1345
12452,AJ1785BZ
12453,AJ10129
12454,TC13811
12455,TC13831
12456,ALAI707
12457,ALAI708
12458,AQ01
12459,ASA44
12460,SF1807
12461,TC1725
12462,62624/283
12463,62633/300
12464,RNC-20D/G
12465,RNC-26D/R
12466,RNC-26W/YB
12467,RNC-28W/G
12468,RNC-30W/RB
12469,00112LD
12470,00112VM
12471,BAND058M
12472,R80570
12473,35G
12474,4070021
12475,ST2704
12476,CAFE002
12477,CAFE003
12478,CAFE004
12479,CAFE013
12480,CAFE014
12481,19910031258
12482,19910021258
12483,19910011258
12484,21320031317
12485,21320021317
12486,21320011316
12487,21410031317
12488,21410021317
12489,21410011216
12490,14820031317
12491,14820021317
12492,14820011216
12493,2010031317
12494,2010021317
12495,2010011216
12496,20010030016
12497,20010020016
12498,20010010016
12499,2710030021
12500,2710020021
12501,2710010016
12502,5010030021
12503,5010020021
12504,5010010016
12505,15210030021
12506,15210020021
12507,15210010016
12508,15110030021
12509,15110020021
12510,15110010016
12511,14810030517
12512,14810020517
12513,14810010416
12514,CI-022
12515,CI-FUNIL
12516,CZ22
12517,GREP-4P
12518,GLDF-570
12519,33060403
12520,33353026
12521,12400906
12522,12600616
12523,12600635
12524,12630024
12525,13050036
12526,13620193
12527,13781602
12528,13782002
12529,14082002
12530,14110002
12531,14722421_INATIVO
12532,14920005
12533,15394001
12534,30012443
12535,50011981
12536,50023226
12537,50023323S
12538,60010790
12539,60003232
12540,60005346
12541,64742103
12542,64791660
12543,64752027
12544,64752140
12545,64752238
12546,42441N
12547,29998/027
12548,26441/100
12549,26443/100
12550,26460/100
12551,26461/100
12552,26481/002
12553,26419/085
12554,21199/903
12555,21198/961
12556,22299/013
12557,22299/055
12558,26400/100
12559,26400/101
12560,26417/075
12561,26418/085
12562,21198/914
12563,23498/012
12564,23861/108
12565,23861/107
12566,JW-LBSD24
12567,JW-LBSD12
12568,JW-LBSD8
12569,JW-LBSD32
12570,2668930-05
12571,2664318-07000
12572,2665324.05
12573,2667525-05
12574,2861207.05
12575,2861213-07000
12576,2692088-07000
12577,2791712.05
12578,2692820-07000
12579,2791715-55118
12580,BBQ-3
12581,CF6103
12582,BBQ-5
12583,BAR1103
12584,ZR751
12585,ZR5410301
12586,VDR8647
12587,VDR8708
12588,VDR8791
12589,VDR8760-VM
12590,VDR8739
12591,VDR0625
12592,CVB-12
12593,CUR0920
12594,PA1604711724
12595,PA1605711724
12596,PA1607711724
12597,PA1604712812
12598,PA1605712812
12599,PA1607712812
12600,PA1604703624
12601,PA1605703624
12602,PA1607703624
12603,PA1604904424
12604,PA1605904424
12605,PA1607904424
12606,PA1604900324
12607,PA1605900324
12608,PA1607900324
12609,PA1101922724
12610,PA1101922912
12611,PA1101922024
12612,PA1101923624
12613,PA1101923706
12614,PA1101920324
12615,PA1101924324
12616,C295101
12617,C295102
12618,C295105
12619,C295111
12620,C295112
12621,C295115
12622,C295121
12623,C295122
12624,C295131
12625,C295132
12626,1147106040
12627,50OP1T
12628,LS-10
12629,PA-7
12630,CFI-300L-N
12631,PS-22
12632,CR-8L
12633,4707.PB
12634,3461
12635,3845
12636,4718
12637,4730
12638,4733
12639,4740
12640,4741
12641,4743
12642,4746
12643,Z4747
12644,4760
12645,4761
12646,5254
12647,5352
12648,5425
12649,8201
12650,1668.03
12651,1670.03
12652,2025.26
12653,2178.23
12654,2370.23
12655,2370.28
12656,4601.22
12657,4601.27
12658,4601.33
12659,5290.02
12660,7106.46
12661,8203.01
12662,8204.01
12663,BK010
12664,EZ564
12665,GSP13
12666,GTC50
12667,GTR20
12668,GTR33
12669,GTS14
12670,LD117
12672,PPS10C
12673,PPS8C
12674,SA120
12675,SA121
12676,SG001
12677,SG002
12678,SG007
12679,SG011
12680,60094
12681,60100
12682,987999220
12683,66928/567
12684,511323
12685,515480
12686,525760
12687,704345
12688,2291009214
12689,32361
12690,4489
12691,3855.01
12692,5255
12694,PUD04BB
12695,23167/410
12696,23161/414
12697,23166/410
12698,23162/410
12699,23165/410
12700,23163/410
12701,23164/413
12702,VEM261
12703,VEM263
12704,2131
12705,2160.66
12706,2186
12707,2197
12708,2198Z
12709,5161.31
12710,SM183
12713,CI-PRANCHETA
12714,8203.02
12715,1732
12716,1503
12717,1122M
12718,5.5292820.00
12719,5.5492088.00
12720,MX1500XTXBZL
12721,62823
12722,56761
12723,46725
12724,56111A
12725,NF4235
12726,1438
12727,9106
12728,9119
12729,ST336000CZT
12730,9520
12731,9104
12732,9107
12733,9108
12734,D9502
12735,CF.4.422
12736,MC1100ST
12737,00128VM
12738,01028VM
12739,BX10446
12740,CF4122
12741,7027-8
12742,7027-10C
12743,5012
12744,9217921
12745,61042/110
12746,62635/263
12747,B1573/012
12748,4303010074/005
12749,0601010300/203
12750,62643/400
12751,62501/160
12752,62501/240
12753,24605/017
12754,24609/012
12755,24605/077
12756,24609/072
12757,24625/023
12758,24620/020
12759,24625/043
12760,24605/047
12761,24620/040
12762,24605/057
12763,24609/052
12764,2403010800/005
12765,332A-AM
12766,332A-AZ
12767,332A-VD
12768,332A-VM
12769,313-AZ
12770,313-CF
12771,313-VM
12772,313T-AZ
12773,313T-CF
12774,313T-VM
12775,CI-CARIMBO
12776,62405/160
12777,62505/240
12778,62505/280
12779,62501/200
12780,LAR-25LMB-HD
12781,CI-ARSSIXM12
12782,MX1500XTEE
12783,TRS3642A
12784,62633/300
12785,24000/003XX
12786,50323S
12787,50333S
12788,50833
12789,60016
12790,60020
12791,60024
12792,60028
12793,60032
12794,63914
12795,67011
12796,72045
12797,90347
12798,90384
12799,100110
12800,111026
12801,112021
12802,112023
12803,112404
12804,112405
12805,113501
12806,115045
12807,115084
12808,116451
12809,116452
12810,118306
12811,22537
12812,72703
12813,150201
12814,312504
12815,39004
12816,1141
12817,297
12818,1139
12819,14CWD
12820,16CWD
12821,24CWD
12822,26CWD
12823,34CW
12824,36CWD
12825,64CWD
12826,66CWD
12827,10CWCHD
12828,30CWCHD
12829,60CWCH135
12830,IBS20148
12831,R4105
12832,R25806
12833,R12833
12834,R25808
12835,R30225
12836,R30172
12837,R30306
12838,R4107
12839,R7395
12840,R3370
12841,R27066
12842,20CWCHD
12843,R26377
12844,2027
12845,R26375
12846,R30398
12847,R30367
12848,R25611
12849,TDIV0126
12850,GX0246
12851,30165
12852,CF.3.102
12853,4596/23
12854,4086/9
12855,7377
12856,10CWCHN135D
12857,1826CP148D
12858,18269CWD
12859,18CW135
12860,STN-SS-CO
12861,62401/200
12862,62403/160
12863,62401/160
12864,62403/200
12865,62512/145
12866,62403/240
12867,62410/200
12868,62835/307
12869,KRMN-A13
12870,BAR730194
12871,160/067
12872,01/014
12873,BVSTKT8970-057
12874,62627/160
12875,R69123B
12876,20586/720
12877,280055
12878,BRW71772
12879,21131/198
12880,EVOEVS109
12881,64550/220
12882,KIN1024
12883,KIN1025
12884,KIN1026
12885,26499/042
12886,20182/013
12887,20188/016
12888,26215
12889,19499
12890,62627/161
12891,62621/161
12892,62621/201
12893,62621/241
12894,62625/241
12895,64550/210
12896,10239/615
12897,CN16018D
12898,CN16030D
12899,KIN1060D
12900,CIPCTOFFFY89T7
12901,KIN1061D
12902,KIN1062D
12903,KIN1063D
12904,BRW79747D
12905,MDLES100D
12906,MDLUC58D
12907,MDLUT103019D
12908,PLU350
12909,PYL397
12910,Y39
12912,2
12913,CI-PMULTIROLO
12914,5500786042
12915,5500780005
12916,5500780007
12917,CI-BALANÇAELGIN
12918,CI-CAMISAFEM
12919,62821
12920,62302
12921,60495
12922,CI-CLICHE
12923,PA1604712324
12924,PA1605712324
12925,PA1607712324
12926,PA1604904224
12927,PA1605904224
12928,PA1607904224
12929,PA1604900124
12930,PA1605900124
12931,PA1607900124
12932,CI-MAT CONSTRUÇÃO
12933,CI-MAT CONSTRUÇÃO
12934,PA-7
12935,21199/981
12936,23899/061
12937,CI-MAT CONSTRUÇÃO
12938,CI-MAT CONSTRUÇÃO
12939,CI-MAT CONSTRUÇÃO
12940,CI-MAT CONSTRUÇÃO
12941,CI-MAT CONSTRUÇÃO
12942,CI-MATCONSTRUÇÃO1
12943,CI-MAT CONSTRUÇÃO
12944,A58001
12945,62721/200
12946,62821/123
12947,7001202
12948,K280PC
12950,100198040/105
12951,100198010/105
12952,305G
12953,306G
12954,290
12955,284
12956,CI-MAT CONSTRUÇÃO
12957,CI-MAT CONSTRUÇÃO
12958,CI-MAT CONSTRUÇÃO
12959,CI-MAT CONSTRUÇÃO
12960,CI-MAT CONSTRUÇÃO
12961,CI-MAT CONSTRUÇÃO
12962,1F
12963,CI-MAT CONSTRUÇÃO
12964,CI-MAT CONSTRUÇÃO
12965,CI-MAT CONSTRUÇÃO
12966,CI-MAT CONSTRUÇÃO
12967,CI-MAT CONSTRUÇÃO
12968,CI-MAT CONSTRUÇÃO
12969,CI-MAT CONSTRUÇÃO
12970,CI-CAMISAMASC
12971,CI-MAT ELETRONICO
12972,CI-MAT ELETRONICO
12973,CI-MAT ELETRONICO
12974,CI-MAT ELETRONICO
12975,CI-MAT ELETRONICO
12976,CI-MAT ELETRONICO
12977,CI-MAT ELETRONICO
12978,CI-MAT ELETRONICO
12979,ATS1010
12980,3601010100/103
12981,R8441
12982,R8442
12983,CI-ELETRÔNICO
12984,CI-ELETRÔNICOS
12985,CI-ELETRÔNICOS
12986,61485/160
12987,8
12988,GX5395
12989,25050/100
12990,B51401/001
12991,GX5332
12992,752015265
12993,5012993
12994,17337
12995,17334
12996,17335
12997,52310
12998,72325
12999,100125
13000,112320
13001,112840
13002,112902
13003,112903
13004,115060
13005,115071
13006,115082
13007,116050
13008,116236
13009,118302
13010,118501
13011,118534
13012,118539
13013,118543
13014,118549
13015,118560
13016,120032
13017,120841
13018,130046
13019,130050
13020,130054
13021,130066
13022,130068
13023,130070
13024,140004
13025,140206
13026,150232
13027,150312
13028,150458
13029,262012
13030,262021
13031,262022
13032,262023
13033,262215
13034,262263
13035,310104
13036,310610
13037,310625
13038,312130
13039,321000
13040,330602
13041,331601
13042,332631
13043,336090
13044,340464
13045,341112
13046,345234
13047,42258
13048,345448
13049,345594
13050,345622
13051,345638
13052,345656
13053,345935
13054,346704
13055,346711
13056,371406
13057,455001
13058,510502
13059,652006
13060,710083
13061,773001
13062,773002
13063,773011
13064,773012
13065,17332
13066,32108
13067,111023
13068,112501
13069,112900
13070,112901
13071,116202
13072,118314
13073,141002
13074,160111
13075,215001
13077,215005
13078,251105
13079,251110
13080,260516
13081,262289
13082,262290
13083,262291
13085,331095
13086,340002
13087,371203
13088,371206
13089,371409
13090,431220
13091,310624
13092,118505
13093,20067/026
13094,20051/040
13095,20053/040
13096,32107
13097,3521212
13098,1250
13099,3527212EQ
13100,V272
13101,V260
13102,V248
13103,V600
13104,5013104
13105,5013105
13106,ST011340
13107,STJWC2113
13108,STJWC1310
13109,STJW609
13110,P006A
13111,STJWBC2
13112,STJWBSS
13113,STJWB5B
13114,P013
13115,STJWBSP2
13116,STJWBSP2.5
13117,STJWS81
13118,STJWSEDO
13119,STJWSED
13120,STJWSH9
13121,STJWTC30
13122,STJWHD3624
13123,STJWEPP400
13124,STJWDOW
13125,STJWSIF
13126,STJWFOC
13127,43132
13128,STJWHCC1
13129,STJWHCD2
13130,60010816
13131,62783
13132,CI-PEN
13134,6382130690
13135,101000001
13136,CI-PLSINALSAN
13137,52770M
13138,5464
13139,66249
13140,CAV40
13141,LGDI5
13142,173816
13143,LGC3P
13144,B2600/105
13145,B2204/302
13147,2145
13148,61072/040
13149,63939/520
13150,GX0418
13151,62633/200
13152,62633/260
13153,GX0421
13154,CI-APONT
13155,CI-FITAROT
13156,62624/281
13157,666225
13158,62623/281
13159,666226
13160,666227
13161,62649/400
13162,LF330VD
13163,LF330LR
13164,LF330VM
13165,LF330AM
13166,90615
13167,250108
13168,652013
13169,NF0301N
13170,NF0800N
13171,GX0011
13173,M1035
13174,M1035AZ
13175,TP1013/1035CZ
13176,TP1013/1035AZ
13177,B2550/306
13178,62623/161
13179,62623/201
13180,62624/241
13182,365752
13183,52459
13184,440176
13185,440237
13186,53662
13187,1070
13188,53298
13189,55042
13190,98667
13191,98665
13192,80100
13193,96456
13194,95117-1013017
13195,1076
13196,ABC1205
13197,ABC7948
13198,GX0036
13199,19586
13200,19587
13201,19588
13202,19589
13203,19580
13204,19581
13205,19591
13206,19592
13207,19542
13208,19535
13209,19536
13210,19594
13211,19595
13212,PC12M
13213,BD71P
13214,11902
13215,11908
13216,11923AN
13217,11921AN
13218,BAND107
13219,62625/280
13220,14820061317
13221,14820051317
13222,14820041216
13223,14820091317
13224,14820101317
13225,63951015
13226,21320061317
13227,21320051317
13228,21320041316
13229,21320091317
13230,21320101317
13231,440214
13233,991
13234,992
13235,941
13236,945
13237,998
13238,920
13239,921
13240,922
13241,923
13242,33260
13243,33261
13244,33272
13245,33281
13246,11971
13247,11442
13248,11444
13250,84725
13251,84726
13252,84727
13253,84740
13254,84741
13255,84742
13256,84743
13257,84747
13258,84748
13259,84749
13260,84526
13261,84528
13262,84530
13263,84523
13264,84519
13265,84520
13266,84522
13267,84521
13268,JTG19
13269,84525
13270,84400
13271,84401
13272,84404
13273,84402
13274,84567
13275,84575
13276,84573
13277,84569
13278,84579
13279,84564
13280,84565
13281,84589
13282,84590
13283,84558
13284,84559
13285,84561
13286,84562
13287,84266
13288,84268
13289,84432
13290,84434
13291,84435
13292,84771
13293,84772
13294,84774
13295,84361
13296,84362
13297,84364
13298,83971
13299,84247
13300,84145
13301,84148
13302,84130
13303,84132
13304,84122
13305,83901
13306,83903
13307,83911
13308,83913
13309,84235
13310,84236
13311,84237
13312,84238
13313,84128
13314,84142
13315,84143
13316,83487
13317,83424
13318,83426
13319,83842
13320,83843
13321,83889
13322,250030
13323,CX361
13324,CX364
13325,83887
13326,CX363
13327,83888
13328,84460
13329,30000
13330,30001
13331,30002
13332,33255
13333,33256
13334,10302013
13335,10302012
13336,10302011
13337,10302016
13338,10302015
13339,10302014
13340,10302017
13341,10302018
13342,10302010
13343,10302020
13344,10302019
13345,CHA01
13346,CHA02
13347,CHA05
13348,CHA11
13349,CHA12
13350,CHA15
13351,CHA21
13352,CHA22
13353,CHA32
13354,CHA53
13355,204726
13356,41058
13357,4
13358,4
13359,580518
13360,580519
13361,580517
13362,580513
13363,580512
13364,580511
13365,422312
13366,422311
13367,422310
13368,400856
13369,PA1101700048
13370,402812
13371,402810
13372,PA1101617024
13373,108030007
13374,1808435
13375,1808402
13376,1808417
13377,3760011
13378,3528412
13379,1598812
13380,1599312
13381,1590012
13382,3760035
13383,3760002
13384,3760007
13385,1200019
13386,4250012
13387,4255209
13388,4250046
13389,4250020
13390,11602
13391,11604
13392,1177W
13393,GTSS28
13394,GTSS31
13395,GTSS4
13396,F4891/050
13397,F4891/051
13398,1297346040
13399,619156030
13400,619166030
13401,1875876040
13402,1889706032
13403,1889486032
13404,1880346032
13405,1880396032
13406,1889506032
13407,1889576030
13408,1889646030
13409,5845179150
13410,5845179160
13411,5845179060
13412,5845179065
13413,5845179081
13414,5845179020
13415,5919018190
13416,5919028190
13417,5919038190
13418,5919048190
13419,5919058190
13420,5919068190
13421,5919078190
13422,5919098190
13423,5919358190
13424,5919668190
13425,5919788190
13426,5440016040
13427,5440026040
13428,5440036049
13429,5440046040
13430,5440056040
13431,5440066049
13432,5440076040
13433,5440096040
13434,5440356040
13435,5440366040
13436,PP1607722024
13437,PP1607722612
13438,PP1607722912
13439,PP1607723224
13440,PP1607723812
13441,PP1607807712
13442,PP1607727324
13443,PP1604722024
13444,PP1604722612
13445,PP1604722912
13446,PP1604723224
13447,PP1604723812
13448,PP1604807712
13449,PP1604727324
13450,PP1605807712
13451,PP1605727324
13452,PA1605807412
13453,PA1605807506
13454,PA1604837512
13455,PA1605837512
13456,PA1607837512
13457,PA1101917812
13458,PA1101917612
13459,PA1101497712
13460,PA1101907906
13461,PA1101837812
13462,PA1101929424
13463,PA1101929524
13464,PA1101929624
13465,PA1101927812
13466,PA1101927712
13467,PA1101982724
13468,PA1101983112
13469,PA1101983624
13470,PA1101929812
13471,PA1101929912
13472,PA1101709812
13473,PA1101709912
13474,PA1101610224
13475,PA1101610524
13476,PA1101610024
13477,CL210AMF
13478,CL210AZF
13479,PL3100AMF
13480,PL3100AZF
13481,97142
13482,480170
13483,480190
13484,320750
13485,320751
13486,320752
13487,320754
13488,690566040
13489,NF5909
13490,NF5921
13491,STGP010
13492,B1075/200
13493,STGP011
13494,STGP012
13495,8000
13496,8002
13497,STGP007
13498,STGP008
13499,STGP009
13500,STJWR2700CT
13501,MEF41
13502,HO019BMAR
13503,HO158B
13504,HO207B
13505,HO159B
13506,BAND112
13507,63815/101
13508,63815/091
13509,BAND141B
13510,BAND157
13511,8080
13512,16712
13513,BAND110
13514,62633/267
13515,62633/207
13516,BAND109
13517,BAND108
13518,BAND126
13519,63815/321
13520,63815/221
13521,63815/471
13522,23747/400
13523,23748/400
13524,63800/612
13525,63800/645
13526,62824/264
13527,65824/269
13528,61581/090
13529,61580/090
13530,64580/500
13531,61585/130
13532,25730/100
13533,16QT
13534,61219/081
13535,61219/121
13536,61218/181
13537,62625/243
13538,62648/245
13539,62625/283
13540,62648/283
13541,62646/360
13542,62645/505
13543,62644/360
13544,62623/283
13545,62643/450
13546,62621/163
13547,62621/203
13548,62621/243
13549,62629/160
13550,62629/200
13551,62629/240
13552,62629/280
13553,62639/360
13554,62649/450
13555,62649/500
13556,62633/307
13557,20766/026
13558,20898/030
13559,20122/022
13560,20687/024
13561,61222/200
13562,61222/220
13563,25627/180
13564,L3566
13565,CA615
13566,C8018N
13568,J2996
13569,J0587N
13570,JL6605
13571,V1024
13572,V1026
13573,V1048
13574,V1030
13575,V574
13576,V366
13577,V378
13578,V370
13579,V333
13580,V564
13581,8083
13582,8085
13583,RNH-99
13584,B2204/330
13585,AN859BZ
13586,AN807BZ
13587,AN810BZ
13588,AC1847BZ
13589,AC1848BZ
13590,AC1849BZ
13591,24009/008
13592,24013/010
13593,24001/003
13594,24006/006
13595,24010/006
13596,24014/006
13597,24016/000
13598,24017/010
13599,24621/022
13600,24624/116
13601,24624/156
13602,24635/076
13603,24620/086
13604,24620/088
13605,24620/080
13606,10239/638
13607,20888/024
13608,20888/028
13609,25625/180
13610,61782/110
13611,63800/850
13612,10261
13613,E449
13614,E6894
13615,E438
13616,AN801BZ
13617,3037
13618,2200V
13619,63800/842
13620,6031
13621,5697
13622,6256
13623,E443
13624,E432
13625,E123
13626,E170
13627,E7020
13628,E7021
13629,B2204/331
13630,6442
13631,CL50400
13632,6366
13633,6367
13634,6368
13635,6240
13636,6229
13637,5668
13638,5558
13639,5510
13640,5512
13641,5516
13642,5518
13643,5520
13644,4001
13645,E367
13646,E373
13647,E117
13648,E114
13649,E7062
13650,E7063
13651,E7076
13652,E7077
13653,E58
13654,E62
13655,E134
13656,E137
13657,E6896
13658,E6908
13659,E6910
13660,E179
13661,E185
13662,E6932
13663,E6934
13664,E6917
13665,E6919
13666,E188
13667,E194
13668,E715
13669,E716
13670,E6802
13671,E6803
13672,E277
13673,E283
13674,E7034
13675,E7035
13676,E27
13677,E33
13678,UBO29702
13679,10191
13680,10100
13681,10101
13682,10102
13683,10103
13684,10104
13685,10105
13686,10107
13687,10108
13688,10109
13689,10333
13690,10335
13691,10336
13692,10337
13693,10338
13694,10370
13695,10371
13696,10204
13697,10203
13698,10137
13699,10139
13700,10263
13701,10252
13702,10254AN
13703,10271
13704,10273
13705,10311
13706,84563
13707,83900
13708,83912
13709,97124
13710,ABC16445
13711,11619
13712,11620AL
13713,11609
13714,11626
13715,11625
13716,1046D
13717,985
13718,1058
13719,23731
13720,22731
13721,SN1737P
13722,SN1736P
13723,SN1741P
13724,123P
13725,121P
13726,304P
13727,305P
13728,306P
13729,401P
13730,402P
13731,403P
13732,404P
13733,405P
13734,406P
13735,411P
13736,412P
13737,413P
13738,414P
13739,415P
13740,416P
13741,1306V
13743,3116V
13744,YNG02
13745,YNG01
13746,AN804BZ
13747,AN805BZ
13748,CS620
13749,PA1101982812
13750,PA1101982606
13751,16
13752,235
13753,232
13754,460
13755,46P
13756,47
13757,751
13758,1A
13759,2A
13760,451
13761,N2946-A5N
13762,N2945-A6N
13763,N3567-A6N
13764,N3486-A6N
13765,L6887N
13766,PL200BCF
13767,PL3100BCF
13768,PL3000BCF
13769,ST30666
13770,V1050
13771,V1032
13772,V576
13773,V364
13774,V376
13775,V372
13776,V297
13777,V299
13778,V301
13779,V602
13780,V604
13781,V388
13782,V390
13783,V1036
13784,V1038
13785,V562
13786,V335
13787,V619
13788,V623
13789,V550
13790,V552
13791,V556
13792,V558
13793,V266
13794,TL660BCF
13795,TL670BCF
13796,TL690BCF
13797,990
13798,B53407/001
13799,10063P
13800,10063V
13801,10061P
13802,10061V
13803,10062P
13804,10062V
13805,10070P
13806,10070V
13807,10065P
13808,10065V
13809,8084
13810,8086
13811,AN860BZ
13812,215437
13813,AC46
13814,36G
13815,163915S
13816,8033
13817,178628
13818,292916
13819,8012
13820,LGBP50TR
13821,AC1849
13822,62633/266
13823,810704004
13824,810704006
13825,810704007
13826,810704008
13827,3055452644
13828,3055452636
13829,3054442621
13830,3054442622
13831,3054442623
13832,3055442629
13833,3055442630
13834,3055442631
13835,3056042633
13836,3056042634
13837,3056042635
13838,3054442625
13839,3054442626
13840,3055423853
13841,3054442627
13842,3054442628
13843,3055423854
13844,3055423856
13845,3052924588
13846,WSB50E
13847,WSB60E
13848,WSB70E
13849,WSB40EBZL
13850,WSB33-E
13851,M001
13852,CDSCREW
13853,AT90512S
13854,ST12302TRBASE
13855,30132VM
13856,01424VM
13857,22938/108
13858,LXPP015L
13859,LXPP025L
13860,LXPP050L
13861,LXPP016L
13862,61051/040
13863,61053/040
13864,423
13865,647
13866,QT16
13867,MXE2000
13868,WKS800EBZL
13869,WCO500EBZL
13870,WW180XCE
13871,C0630+BINB530
13872,SCC201
13873,W8
13874,SCWF
13875,CI-IMPRES
13876,F5009
13877,5616
13878,2500
13879,7216
13880,1554027073
13881,27363
13882,B3040133
13883,B3040136
13884,B3040127
13885,664000BR30
13886,664000BFM6
13887,664000SR01
13888,SBP400-A
13889,SBP400-B
13890,BH24088
13891,BH24089
13892,309101
13893,309582
13894,309584
13895,02606-7
13896,00385-7
13897,40030-7
13898,02676-7
13899,744
13900,842
13901,L261AM
13902,L261VM
13903,L261AZ
13904,L261VD
13905,CATSCH24-25
13906,311146
13907,5696
13908,R090078
13909,R091110
13910,R072111
13911,R076112
13912,R506080
13913,LAC510110-S
13914,S511111
13915,SWATCH
13916,PV245
13917,572159
13918,884010220
13919,27816/011
13920,3340281005DX6
13921,1805066
13922,STJWSEDO-H
13923,ABC10535
13924,1288
13925,1215
13926,8117
13927,B2600/304
13928,954136
13929,NF5410
13930,L6531
13931,63355N
13932,23850/103
13933,23851/103
13934,23854/105
13935,23856/106
13936,23856/107
13937,23857/106
13938,23857/107
13939,23858/108
13940,23859/107
13941,23860/106
13942,23861/106
13943,23861/107X
13944,23864/106
13945,23865/100
13946,23868/107
13948,23419/103
13949,23420/103
13950,23422/107
13951,23422/108
13952,23423/106
13953,23424/106
13954,23425/105
13955,23426/106
13956,23426/107
13957,23426/108
13958,23427/100
13959,23428/105
13960,23429/106
13961,23498/028
13962,23498/032
13963,23198/087
13964,23198/187
13965,23198/787
13966,23299/183
13967,23299/783
13968,248
13969,229
13970,229T
13971,B272
13972,24641/108
13973,49228
13974,28283
13975,111678
13976,GA170102
13978,1024
13979,24495
13980,295G
13981,288
13982,891
13983,171451
13984,174278
13985,49307
13986,71100
13987,71009
13988,160996
13989,160934
13990,SSTJC5BBK-57
13991,7065
13992,6255
13993,6631
13994,6529
13995,6051
13996,22MP410-B
13997,6824
13998,11
13999,23264202
14000,23270737
14001,23278137
14002,15
14003,16
14004,5440646040
14005,2738508
14006,2738708
14007,2739208
14008,323165-380170
14009,325528-380170
14010,701220-380170
14011,701226-380170
14012,706918-380170
14013,FRS3642
14014,12440406
14015,60005114
14016,109900005
14017,7395
14018,26884-59097
14019,9722
14020,9510
14021,9750
14022,64780088
14023,64780090
14024,30264
14025,416362
14026,416363
14027,JWP-14SL
14028,5440116040
14029,62820/303
14030,62624/200
14031,779
14032,243TBR
14033,T246
14034,259
14035,61
14036,69062000
14037,23278737
14038,2172501
14039,23148603
14040,23148703
14041,23240801
14042,JWP-11SL
14043,ASA1451
14044,JWP-19SL
14045,STJWSP19
14046,ASA1450
14047,00110AC
14048,LGM10VM
14049,LGM10VB
14050,AX359
14051,LGM20P
14052,LGMGQ28P
14053,LGMC28AZ
14054,LGMC28VB
14055,LGMC24VB
14056,LGMC24AZ
14057,LGMTR10P
14058,LGMTR10BD
14059,ABC5289
14060,TA-02-N
14061,STJ102
14062,701122191021090
14063,701311691021090
14064,701321891021090
14065,701321991021090
14066,9134004
14067,9321533
14068,9322345
14069,9323271
14070,9323278
14071,9381215
14072,9381222
14073,9382233
14074,9383163
14075,9383170
14076,9383174
14077,9385272
14078,9386910
14079,9385278
14080,9386918
14081,AP416
14082,555095
14083,416364
14084,416365
14085,416366
14086,416369
14087,568232
14088,568233
14089,568234
14090,568235
14091,568236
14092,555092
14093,555094
14094,555453
14095,285989
14096,555096
14097,20298/748
14098,10239/017
14099,20582/320
14100,20598/710
14101,20170/720
14102,20520/722
14103,20252/718
14104,20450/712
14105,25126/170
14106,25125/170
14107,559233
14108,559234
14109,516232
14110,516233
14111,526092
14112,526094
14113,526453
14114,586092
14115,586094
14116,586453
14117,571092
14118,571094
14119,571453
14120,538232
14121,538233
14122,538234
14123,559235
14124,559236
14125,516235
14126,516236
14127,526095
14128,526096
14129,586095
14130,586096
14131,571095
14132,571096
14133,538235
14134,538236
14135,446489
14136,01010AC
14137,1010
14138,01010VD
14139,1020
14141,13721604
14142,34752280
14143,12551070
14144,12440110
14145,58152
14146,1000001Q
14147,559232
14148,516234
14149,323989
14150,FG9W21L10000
14151,00310NF
14152,290BC
14153,065N
14154,510970D
14155,125040D
14156,1
14157,002-P
14158,004-P
14159,5
14160,2988
14161,3988
14162,2970
14163,Y2961
14164,2963
14165,2964
14166,2966
14167,003-B
14168,2969Y
14169,2965Y
14170,2962Y
14171,789761G
14172,789756G
14173,789757
14174,789758
14175,789759
14176,789760
14177,FK-44791
14178,FK-42776
14179,FK-43403
14180,FK-42815
14181,FK-5903381
14182,FK-682465
14183,MS-96035
14184,FK-45592
14185,MS-29515
14186,NG-YF001
14187,NG-YF020
14188,MS-29099
14189,NG-HYSHL-0121
14190,PV-TFG15
14191,MS-49115
14192,B54101/006
14193,R062079
14194,R506111
14195,003-A
14196,2968Y
14197,ID-222-00
14198,NG-JSEL316
14199,PR-HPM76R
14200,MS-29516
14201,97212
14202,R639132E
14203,244AZ
14204,DIV01
14205,ST10401-A-HANDLE
14206,DIV02
14207,37137501
14208,33350207
14209,SI6760
14210,5267422
14211,5464220
14212,5465226
14213,631442
14214,00120VM
14215,001020VM
14216,001020LARANJ
14217,001020AC
14218,001020BC
14219,00120LARANJ
14220,00120AC
14221,00120BC
14222,001020PT
14223,00120PT
14224,23330/100
14225,62645/400
14226,PV187
14227,5088990
14228,10400600
14229,10400600VERM
14230,10400600AZUL
14231,10400600AM
14232,10400600BR
14233,180
14234,NF7504
14235,LD111
14236,A167
14237,345201
14238,345657
14239,PV276
14240,UMP0929
14241,NFJ415
14242,B0302/020
14243,804536
14244,LGBPLR
14245,CP1488
14246,9015259-063076
14247,9015630-063071
14248,9021322-063073
14249,9116909-063071
14250,9131520-063077
14251,9331215-063071
14252,9331221-063074
14253,9331232-063075
14254,9332336-063076
14255,9335706-063073
14256,9336664-063081
14257,9336664-063082
14258,9668814PS009000
14259,371228-320408
14260,371223-360190
14261,372229-360190
14262,805268-360190
14263,806918-360190
14264,371220-360191
14265,371230-360191
14266,371324-360191
14267,371230-360208
14268,705258-360208
14269,706908-360208
14270,371220-360209
14271,373370-360209
14272,371228-360210
14273,672136-360210
14274,371318-360212
14275,371324-360212
14276,152637-360213
14277,156671-360213
14278,325678-360213
14279,513063-360213
14280,371328-360214
14281,373370-360214
14282,706918-360214
14283,371318-360216
14284,372229-360216
14285,605758-360216
14286,371215-360217
14287,371230-360217
14288,371324-360217
14289,371220-360218
14290,372229-360218
14291,373370-360218
14292,371230-360226
14293,371324-360226
14294,371230-360229
14295,652126-360229
14296,291790001
14297,221260000
14298,383581000
14299,G8128A
14300,ABC16209
14301,9375802
14302,9375823
14303,9376100-010700
14304,34742039S
14305,2721
14306,310F
14307,310VERD
14308,B53701/002
14309,516685
14310,SPTAMPA2
14311,9396909
14313,ST10401TAP_NUT
14314,SCH011
14315,SCH010
14316,176752066
14317,17645
14318,16112656
14319,161DF02
14320,161DF03
14321,161DF10
14322,161PS10
14323,161DQ08
14324,161DTV
14325,161DT07
14326,161DF05
14327,161DT07
14328,97211
14329,5.5463215.00
14330,62999
14331,PDR45
14332,CPDR
14333,PADR
14334,EPADR
14335,CC100
14336,418960D
14337,418970D
14338,516160D
14339,405811D
14340,5490666049H
14341,371495
14342,373469
14343,3521712
14344,MSP101B
14345,MSP102B
14346,MSP103B
14347,MSP104B
14348,MSP105AB
14349,MSP107B
14350,MSP109B
14351,MSP110B
14352,MSP111
14353,MSP112
14354,MSP113
14355,MSP120B
14356,MSP121B
14357,MSP122B
14358,MSP123B
14359,MSP125B
14360,MSP126B
14361,MSP127
14362,MSP129
14363,MSP132
14364,MSP128
14365,MSP130
14366,MSP131
14367,MSP133
14369,MSP134
14370,MSPL16
14371,MSPL18
14372,MSPL20
14373,MSPL24
14374,MSPL25
14375,MSPL28
14376,MSPL30
14377,MSPL32
14378,MSPL36
14379,MSPL40
14380,MSPL45
14381,MSPL50
14382,MSPL55
14383,MSPL60
14384,MSP210B
14385,MSP220B
14386,MSP230B
14387,MSP310
14388,MSP320
14389,MSP330
14390,MSP340
14391,MSP410
14392,MSP420
14393,MSP430
14394,24099/027
14395,24231/048
14396,62500/240
14397,18
14399,84444
14400,84445
14401,84446
14402,84448
14403,84449
14404,84452
14405,84454
14406,84456
14407,84458
14408,84625
14409,84626
14410,84630
14411,84750
14412,84751
14413,84752
14414,84753
14415,84754
14416,84755
14417,84756
14418,84757
14419,84758
14420,84759
14421,84760
14422,84761
14423,84762
14424,84763
14425,84764
14426,84775
14427,84776
14428,84777
14429,84778
14430,84779
14431,84780
14432,84781
14433,84782
14434,84783
14435,84840
14436,84841
14437,84842
14438,84843
14439,84844
14440,84845
14441,84875
14442,84876
14443,6520
14444,84627
14445,30269
14447,512245
14448,526113
14449,690022
14450,690032
14451,690129
14452,695159
14453,695185
14454,695708
14455,695711
14456,695714
14457,695716
14458,695719
14459,695722
14460,695725
14461,696409
14462,696419
14463,696559
14464,696569
14465,697135
14466,691229
14467,691925
14468,693367
14469,693375
14470,696113
14471,696444
14472,696909
14473,697144
14474,00128VB
14475,01028VB
14476,00628VB
14477,30131VB
14478,01428VB
14479,00412VD
14480,ABC2837
14481,ABC2868
14482,690129-425440
14483,691231-425440
14484,696577-425440
14485,696819-425440
14486,691520-425641
14487,691509-425643
14488,692318-425643
14489,691224-425731
14490,691324-425732
14491,692320-425732
14492,691224-425733
14493,691227-425733
14494,692320-425733
14495,691224-425734
14496,691227-425734
14497,692320-425734
14498,691224-425735
14499,691324-425735
14500,711217-425774
14501,711228-425774
14502,711232-425775
14503,711324-425775
14504,711226-425776
14505,711228-425776
14506,275168-700410
14507,716918-700410
14508,711220-820299
14509,275159-820300
14510,711228-820300
14511,716909-820300
14512,692318-425641
14513,691509-425641
14514,A709007
14515,H005H05
14516,H229H05
14517,HAO260RE
14518,HAO261BL
14519,HAO263BL
14520,R031044
14521,R032044
14522,R069110
14523,R150000
14524,R151010
14525,R156000
14526,R555044
14527,R555096
14528,R813228
14529,R816228
14530,R817228
14531,IMP976900
14532,R983900
14533,R988
14534,R989
14535,R994900
14536,21125/177
14537,1005399
14538,12010CM
14539,27754
14540,FG758088YEL
14541,701182091000000
14542,701260091000000
14543,701260291000000
14544,721430291000000
14545,741580091000000
14546,751760491000000
14547,741890091000000
14548,741890491000000
14549,742890491000000
14550,741890591000000
14551,742890591000000
14552,701122891000351
14553,701311591000351
14554,701312491000351
14555,NR01BK
14556,NR03BK
14557,701540091021090
14559,22
14560,469
14561,3038
14562,6501
14563,10400
14564,10403
14565,10505
14566,10889
14567,11010A
14568,11022
14569,11027
14570,11432
14571,11781
14572,11878
14573,15449
14574,15450
14575,15452
14576,15454
14577,15501
14578,15505
14579,15514
14580,15519
14581,15531
14582,30020
14583,30021
14584,33262
14585,36095
14586,40010
14587,40011
14588,40544
14589,40617
14590,40640
14591,40650
14592,71492
14593,71493
14594,71512
14595,83489
14596,83613
14597,83732
14598,83739
14599,83920
14600,83966
14601,83967
14602,84100
14603,84114
14604,84161
14605,84172
14606,84174
14607,84365
14608,84366
14609,84374
14610,84375
14611,84377
14612,84381
14613,84545
14614,84553
14615,84568
14616,84570
14617,84574
14618,84576
14619,84577
14620,84578
14621,84582
14622,84601
14623,84602
14624,84603
14625,84604
14626,84632
14627,84651
14628,84652
14629,84655
14630,84671
14631,84673
14632,84675
14633,84676
14634,84678
14635,84730
14636,84733
14637,84805
14638,84812
14639,84813
14640,84816
14641,84819
14642,84820
14643,84821
14644,84824
14645,84825
14646,84826
14647,84829
14648,84835
14649,84836
14650,84837
14651,84880
14652,84885
14653,84886
14654,93302
14655,93324
14656,93325
14657,93326
14658,93347
14659,5432026070
14660,5432016070
14661,246P
14662,6512
14663,84379
14664,84830
14665,APS01
14666,696120
14667,E7102
14668,CP06
14669,515258
14670,70097128
14671,45009928
14672,31968
14673,24128
14674,24129
14675,84571
14676,84572
14677,84580
14678,84581
14679,12348
14680,4236
14681,54203
14682,3106
14683,2082
14684,PV1487
14685,PV1443
14686,731
14687,623
14688,1705
14689,2712045113
14690,L4549
14691,L3500
14692,H4908
14693,10407
14694,6652
14695,L4454
14696,L5406
14697,H5604
14698,N6613
14699,N6612
14700,N6611
14701,P4245
14702,P4250
14703,P4126
14704,P4246
14705,P4251
14706,P4127
14707,N3567
14708,N3486
14709,7134
14710,D7358
14711,D6907
14712,D7360
14713,N2946
14714,N2945
14715,P0704
14716,P0703
14717,P0705
14718,P0872
14719,P2612
14720,V5829
14721,P2015
14722,P2614
14723,P2613
14724,P2019
14725,P2013
14726,P2615
14727,E6983
14728,E6982
14729,E6961
14730,11369
14731,11365
14732,E9654
14733,H4412
14734,H4411
14735,C8018
14736,16
14737,V8849
14738,57974
14739,N6393
14740,G9825
14741,43319
14742,L6887
14743,55391
14744,22662
14745,22670
14746,LR03
14747,22837
14748,22720
14749,14611
14750,22712
14751,28891
14752,J0587
14753,H5646
14754,H7763
14755,N6749
14756,P0266
14757,43740
14758,V7535
14759,V7527
14760,N7546
14761,N7536
14762,N7542
14763,N7543
14764,N7676
14765,N7544
14766,42439
14767,42440
14768,43826
14769,42441
14770,P3999
14771,J4159
14772,P3263
14773,P4000
14774,24047
14775,599
14776,9350
14777,9130
14778,9129
14779,BAND066
14780,BAND158
14781,00124VM
14782,01024VM
14783,23498/618
14784,23499/007
14785,20166/322
14786,23499/018
14787,66903/650
14788,25099/948
14789,27899/027
14790,61808/150
14791,25110/180
14792,25155/110
14793,25158/110
14794,25156/110
14795,25157/110
14796,13045050
14797,LGCVH1
14798,10416A
14799,10271115
14800,10271116
14801,10271114
14802,10271118
14803,10271117
14804,GEVP-4
14805,GEPV-6
14806,SCII199
14807,SCH210
14808,TP6520
14809,174551
14810,G08A-0802
14811,2917014214
14813,B10121/0007
14814,B10117/0007
14815,515274
14816,8014
14817,N4583
14818,N4574
14819,N4581
14820,N4580
14821,404
14822,408
14823,26489/001
14824,29814/006
14826,62503/200
14827,62504/160
14828,62504/200
14829,62503/240
14830,9381226
14831,9381231
14832,9384335
14833,9384715
14834,62503/280
14835,62504/240
14836,10239/277
14837,10239/162X
14838,13309/043
14839,U039704
14840,FK-6527
14841,FK-7022
14842,NG-YF009
14843,FK-28183
14844,R26373
14845,R35360
14846,R35359
14848,R25807
14849,10265
14850,OP1-OP06LRJ
14851,OP1-OP07LRJ
14852,OP2-OP03LRJ
14853,OP1-OP06AZ
14854,OP1-OP07AZ
14855,OP2-OP03MOST
14856,10540NP
14857,T-BAL-0010.00
14858,T-BAL-0020.00
14859,TDIV0118
14860,765102
14861,7424.02.0.00
14862,7665.02.0.00
14863,S-UMD-0020.00
14864,55224
14865,55118
14866,62621/140
14867,56553
14868,TP6519
14869,TP6515
14870,456N
14871,276AZ
14872,B51201/001
14873,1223
14874,1227
14875,1231
14876,1235
14877,255
14878,WBWWT3040
14879,WBWGLBL40
14880,T3DTOUC
14881,PFTACMA5
14882,TBABLA6
14883,TBABLA7
14884,TAGHLDTR
14885,TAGHLDCP
14886,TAGBOTTLE
14887,CSRECT8
14888,SPONGE2
14889,WD3A2FD
14890,PFW2736BL
14891,AAQBLM28CK
14892,ADKBLM28CK
14893,ATCBLM28CK
14894,ATRBLM28CK
14895,BNC27DZ
14896,GRM27DZ
14897,LNABNC27DZ
14898,MTVSPGRM30DZ
14899,OMRGRM27CK
14900,PTRDNBNC28CK
14901,SPABNC28CK
14902,STLMBNC27DZ
14903,VAO24DZ
14904,SCH212
14905,SCH213
14906,SCH214
14907,SCH215
14908,SCH216
14909,SCH217
14910,SCH218
14911,SCH219
14912,SCH220
14913,SCH221
14914,SCH222
14915,SCH223
14916,SCH224
14917,SCH225
14918,SCH226
14919,SCH227
14920,SCH228
14921,440224
14922,520015
14923,520004
14924,440437
14925,440436
14926,440256
14927,520045
14928,52820
14929,520074
14930,52790
14931,440276
14932,440236
14933,530040
14934,96457
14935,96455
14936,MCBOXTRA4WR
14937,ABC2561
14938,3510013
14939,3510009
14940,3510016
14941,B4789/100
14942,B7015/105
14943,9251221
14944,9251826
14945,9251228
14946,9251326
14947,9252230
14948,9256619
14949,9255220
14950,9255226
14951,9255433
14952,9256920
14953,172366
14954,JA1845TL
14955,JA13212
14956,SN19064
14957,SN13279
14958,SN13278
14959,SN13257
14960,ASS1417
14961,SN14285
14962,SN19075
14963,AN863
14964,BM1750
14965,BM1749
14966,AC12536
14967,ASA50
14968,AP30
14969,9251376
14970,9251811
14971,PA1941711724
14972,PA1941712324
14973,PA1941712812
14974,PP1941903712
14975,PA1942711724
14976,PA1942712324
14977,PA1942712812
14978,PP1942526424
14979,PA1943711724
14980,PA1943712324
14981,PA1943712812
14982,PP1943903712
14983,PA1944711724
14984,PA1944712812
14985,PP1944903712
14986,PP1944526424
14987,62998
14988,B2427/103
14989,AQ20116
14990,1531004
14991,00124V
14992,00124AC
14993,00128V
14994,00128AC
14995,00628V
14996,00628AC
14997,00624VD
14998,00624AC
14999,00114VD
15000,00114AC
15001,30132V
15002,30132AC
15003,00428V
15004,00428AC
15005,18585-YBN05
15006,16292-YPN06
15007,16291-YPN06
15008,19378-YU1812
15009,19633-CF55
15010,17783
15011,17782-YP1720
15012,19489-YVP1906
15013,19488-YVP1905
15014,19484-YVP1901
15015,19485-YVP1902
15016,19486-YVP1903
15017,12097-YA54
15018,CF43
15019,17713-FT465T
15020,13480236
15021,60011535
15022,PL1230442424
15023,30016697S
15024,64790008
15025,4.7264220.00.5
15026,4.7292720.00.5
15027,4.7291715.00.5
15028,4.7292078.00.5
15029,4.7291712.00.5
15030,PP1941814124
15031,PP1941904424
15032,PP1941904524
15033,PP1941924524
15034,PP1942814124
15035,PP1942904424
15036,PP1942904524
15037,PP1942917612
15038,PP1942924524
15039,PP1943814124
15040,PP1943904424
15041,PP1943904524
15042,PP1944814124
15043,PP1944904424
15044,PP1944904524
15045,PP1944924524
15046,183023007
15047,DB-25HD-N
15048,468
15049,10430
15050,11422
15051,26
15052,40012
15053,40013
15054,11610
15055,33269
15056,33249
15057,33250
15058,15515
15059,15513
15060,15502
15061,15504
15062,84670
15063,84672
15064,84810
15065,84809
15066,84815
15067,84806
15068,84884
15069,84822
15070,84831
15071,84367
15072,84373
15073,84376
15074,84380
15075,84546
15076,84554
15077,84650
15078,84653
15079,84654
15080,84171
15081,84170
15082,84103
15083,84732
15084,84113
15085,83965
15086,11615
15087,11026
15088,11021
15089,570
15090,12010
15092,71494
15093,36097
15095,4794015
15096,4794021
15097,4794023
15098,MTVSPGRM19DZ
15099,MTVSPGRM27DZ
15100,MTVSPBLM25CK
15101,MTVSPBNC28CK
15102,MTVSPVAO29DZ
15103,E104RIT02KF
15104,E104RIT01CF
15105,MTVSPGRM02KT
15106,MTVSPGRM04CT
15107,IRSGRM19DZ
15108,IRSGRM27DZ
15109,IRSGRM30DZ
15110,IRSBLM25CK
15111,IRSBNC28CK
15112,IRSDNGRM27DZ
15113,IRSDNGRM30DZ
15114,IRSDNBLM25CK
15115,IRSDNBNC28CK
15116,ODTOLGRM19DZ
15117,ODTOLGRM27DZ
15118,ODTOLGRM30DZ
15119,ODTOLBLM25CK
15120,ODTOLBNC28CK
15121,ODTOLVAO29DZ
15122,PTRDNGRM19DZ
15123,PTRDNGRM27DZ
15124,PTRDNGRM30DZ
15125,PTRDNBLM25CK
15126,FRYOLGRM27DZ
15127,FRYOLGRM30DZ
15128,FRYOLBLM25CK
15129,FRYOLBNC28CK
15130,MDRMTVAO29DZ
15131,CLSGRM19DZ
15132,CLSGRM27DZ
15133,CLSGRM30DZ
15134,CLSBLM25CK
15135,CLSBNC28CK
15136,CSTGRM27DZ
15137,CSTGRM30DZ
15138,CLFGRM27DZ
15139,LPNBLM25CK
15140,OMRMWBNC28CK
15141,GRM19DZ
15142,GRM30DZ
15143,BNC19DZ
15144,BNC30DZ
15145,BNC12KS
15146,BNC02KF
15147,BNC01CF
15148,GRM02KT
15149,GRM01CT
15150,GEO07AUC
15151,GEO08AKR
15152,PV642
15153,17461906-50
15154,ARA209TC
15155,SN1507
15156,SN11223
15157,SN11222
15158,SN11219
15159,JA19038
15160,CRCB
15161,FBCBHEX
15162,FBTRECT4
15163,MCBPBOXAN
15164,MCBPBSS
15165,MCCBA4BR
15166,MCDBBPBL
15167,MCLRA4RWBL
15168,MCLRA4RWWT
15169,MCRCA4WTFK
15170,PFTACMA6
15171,SISSSET
15172,TAGHLDAC
15173,TAGHLDTE
15174,TAGSBSWT
15175,2000D
15176,24189
15177,LGCM600
15178,800001422
15179,V33324
15180,BSC1880
15181,BC1804
15182,BC685
15183,CC1842
15184,TWC692
15185,ESG40
15186,B2506/312
15187,B2506/305
15188,21320071317
15189,21320081317
15190,21320301317
15191,21320431316
15192,63355
15193,TP6506
15194,9251371
15195,9255209
15196,9256909
15197,B2506/311
15198,PP1942497712
15199,PA1941837512
15200,PP1941900124
15201,PP1941900324
15202,PP1944807224
15203,PP1605726424
15204,PP1604726424
15205,10110
15206,10260
15207,111
15208,2887511
15209,299020220
15210,299025220
15211,01024VD
15212,01024AC
15213,01028V
15214,01028AC
15215,PA1101909024
15216,03374.0016ABEGE
15217,003374.0016AREIA
15218,63812/221
15219,39
15220,NAP215VC7126
15221,NAP275VC7126
15222,LSP252VC7126
15223,NAP27501616G
15224,LSP25201616G
15225,NAP27501616F
15226,LSP25201616F
15227,LOP21103507X
15228,LOP27103507X
15229,LOP211VC7130
15230,LOP271VC7130
15231,FIP28101315M
15232,FIP26101315M
15233,BOP21100816A
15234,BOP27100816A
15235,NRP28101117Z
15236,RTP225VC7172
15237,NSN07101312F
15238,NRQ26100119A
15239,F540400005
15240,F540400328
15241,F540401459
15242,G7415C0207
15243,G7415D1421
15244,G741500000
15245,G7373D1421
15246,G7373D1422
15247,G7374D1421
15248,G7374D1422
15249,G7366D1421
15250,G7366D1422
15251,LF330BABS
15252,H039H05
15253,R110001
15254,R112001
15255,R185006
15256,A088300
15257,ALB085150
15258,ALB082550
15259,R023029
15260,R808818
15261,R808828
15262,R032083
15263,R032052
15264,LAC511110-S
15265,LAC514070
15266,LAC514110S
15267,LAC514110
15268,LAC514070S
15269,ECD090078
15270,IMP981900
15271,MA-0054
15272,H034H05
15273,ST6200STW
15274,12138300
15275,NFJ700
15276,NFJ701
15277,NFJ708
15278,NFJ809
15279,NFJ800
15280,NFJ801
15281,NFJ808
15282,NFJ507
15283,NFJ501
15284,NF4110
15285,NF5646
15286,NF5546
15287,NF5346
15288,NF5846
15290,B2254/381
15291,113724
15292,113735
15293,345446
15294,320213
15295,165018
15296,B21005/0009
15297,B21006/0009
15298,PP1607726424
15299,TPAC
15300,B55102/102
15301,B2506/300
15302,B2506/313
15303,B2506/304
15304,B2506/309
15305,B2506/306
15306,B2506/315
15307,B2506/310
15308,9X38526X0
15309,B50102/008
15310,B50102/010
15311,B50701/002
15312,B51901/006
15313,B52702/006
15314,B53201/005
15315,B53202/005
15316,B53202/001
15317,B53202/002
15318,B53202/004
15319,B53202/006
15320,B53202/007
15321,B53202/008
15322,B53507/001
15323,B53507/002
15324,B53707/001
15325,B53805/001
15326,B53805/002
15327,B53807/001
15328,B50316/013
15329,B50317/013
15330,261870000
15331,258800000
15332,122890001
15333,PA1941923324
15334,PA1941930024
15335,PA1942837512
15336,PA1944712324
15337,PA1944837512
15338,PP1941497712
15339,PP1941526424
15340,PP1941807224
15341,PP1942807224
15342,PP1944497712
15343,400898-951
15344,400898-950
15345,400898-952
15346,400899-951
15347,400899-950
15348,400899-952
15349,540628
15350,Z771852OTT
15351,149220-656
15352,149280-656
15353,540637
15354,540638
15355,666217
15356,666216
15357,666215
15358,335945
15359,320757
15360,170063
15361,170183
15362,170042
15363,360640
15364,360680
15365,666218
15366,666219
15367,441253
15368,441252
15369,1283626040
15370,401920015318
15371,401920015313
15372,D10009
15373,D01009
15374,2577017014
15375,62651/160
15376,62835/303
15377,62637/260
15379,LGMI3
15380,98397D
15381,95561D
15382,ST8833
15383,ST8834
15384,ST8530PC
15385,ST8551
15386,ST8003
15387,3100257/1
15388,ST9516
15389,ST8513
15390,ST8820
15391,ST8868
15392,ST8869
15393,ST8501
15394,ST9320
15395,ST8922
15396,ST8514
15397,ST9317
15398,ST9319
15399,ST9306
15400,ST8507
15401,ST8533
15402,ST8534
15403,ST9311
15404,ST8860
15405,8582
15406,ST8590
15407,ST8983
15408,ST9234
15409,ST9276
15410,ST9502
15411,FHE120
15412,CCCSTSQCT1200GB
15413,CCSLTSQ900
15414,CCCTSQ750
15415,REC2472ACR
15416,RMP1000
15417,RBA6000HSR
15418,50008640
15419,60003638
15420,5502496040
15421,5502476040
15422,5502506040
15423,5450016040
15424,540627-121971
15425,540627-121970
15426,540627-121972
15427,122111
15428,122114
15429,122112
15430,580500
15431,580503
15432,441258
15433,441257
15434,441256
15435,441255
15436,335946
15437,540620M02121970
15438,540620M02121971
15439,540620M02121972
15440,431262
15441,431263
15442,431261
15443,441250
15444,441251
15445,441254
15446,419330FS7121951
15447,419330FS7121950
15448,419330FS7121952
15449,480170FS7121951
15450,480170FS7121950
15451,480170FS7121952
15452,480190FS7121951
15453,480190FS7121950
15454,480190FS7121952
15455,662620
15456,422313
15457,422314
15459,13408/351
15460,13349/641
15461,10239/735
15462,13354/641
15463,13411/351
15464,25754/160
15465,25753/160
15466,25156/160
15467,25157/160
15468,25159/160
15469,20884/024
15470,20884/028
15471,20884/032
15472,61220/141
15473,61220/201
15474,63960/163
15475,63950/101
15476,63950/090
15477,63950/190
15478,63950/150
15479,63800/862
15480,63917/010
15481,63917/020
15482,63917/030
15483,63917/040
15484,63917/050
15485,63917/060
15486,63917/070
15488,836657
15489,276660
15490,836907
15491,837107
15492,276669
15493,835270
15494,835690
15495,275490
15496,836920
15497,836673
15498,836690
15499,336056
15500,336151
15501,336103
15502,336018
15503,336007
15504,337010
15505,336016
15506,336120
15507,336025
15508,336048
15509,336006
15510,345143
15511,GX4099
15512,GX5372
15513,GX5611
15514,GX9061
15515,TP6514
15516,TP6517
15517,TP6528
15518,5265225
15519,PP1944917612
15520,PP1944900124
15521,PP1944810124
15522,PP1944903912
15523,PP1942807324
15524,PA1942930024
15525,PP1942904224
15526,PP1942810124
15527,5264221
15528,PP1943903912
15529,5292711
15530,PP1943810124
15531,5291711
15532,5292821
15533,5467422
15534,5492089
15535,PP1943900324
15536,PA1943923124
15537,PP1943526424
15538,ECO511110S
15539,ECO513110
15540,ECO513110S
15541,LAC013070
15542,LAC013070S
15543,835275
15544,SF1876
15545,SF1877
15546,SF1878
15547,5053
15548,5058
15549,69601
15550,69573
15551,69581
15552,69583
15553,69585
15554,69597
15555,69595
15556,69593
15557,69607
15558,76308
15559,76310
15560,76312
15561,76314
15562,76316
15563,76318
15564,76320
15565,76322
15566,76349
15567,76351
15568,76355
15569,76357
15570,76367
15572,76373
15573,76377
15574,76379
15575,76381
15576,76383
15577,76389
15578,76391
15579,76401
15580,76403
15581,CB330205
15583,CB330209
15584,CB330270
15585,CB340205
15586,CB340209
15587,CB340270
15588,CB350205
15589,CB350209
15590,CB350270
15591,M02Q
15592,M02P
15593,5492821
15594,B53807/002
15595,10855
15596,10841
15597,4770024
15598,76369
15599,D02009
15600,D13009
15601,D13008
15602,D12009
15603,D04009
15604,D05009
15605,D06009
15606,D07009
15607,D08009
15608,22009-7.5AZ
15609,22009-8.5AZ
15610,506BC
15611,705BR
15612,22BR
15613,22BC
15614,704N
15615,225PF
15616,247BC
15617,J90DM
15618,702N
15619,702BR
15620,45679
15621,33N
15622,6020N
15623,6022N
15624,31N
15625,3208N
15626,B710BB
15627,354N
15628,B711BB
15629,M0045MD
15630,0045PF
15631,4449-12PF
15632,4449-10PF
15633,37074-12PF
15634,93039-10PF
15635,1176
15636,51N
15637,1177
15638,1271
15639,892
15640,270
15641,272
15642,274
15643,449
15644,450
15645,30N
15646,30BC
15647,101BC
15648,D085PF
15649,D-03
15650,62005DM
15651,36N
15652,67N
15653,5512DM
15654,5512PF
15655,55155PF
15656,55155DM
15657,039BAMBOO
15658,042BAMBOO
15659,NF7248
15660,NF2610
15661,NF2410
15662,NF685917
15663,NF675917
15664,NF655917
15665,NF635917
15666,200350
15667,200850
15668,CL50700
15669,STGP164
15670,CL9510
15671,CL4007
15672,CL6505
15673,CL1519
15674,CL5509
15675,CL1027
15676,CL1026
15677,CL1024
15678,CL1030
15679,CL1029
15680,CL1028
15681,CL1031
15682,CL1025
15683,200863
15684,200865
15685,200864
15686,305816
15687,151841
15688,172328
15689,201126
15690,99623
15691,J16
15692,J20
15693,J24
15694,76126724N
15695,76126728N
15696,76126820
15697,76126824
15698,76127424N
15699,76127428N
15700,76127520N
15701,76127524
15702,14142002
15703,14142006
15704,14142010
15705,14142009
15706,14141109
15707,14141515
15708,14141520
15709,14141720
15710,83101124G
15711,83101131G
15712,83101202
15713,83101203
15714,83101206
15715,8144
15716,305259
15717,3002795
15718,175026007
15719,175019007
15720,2895007214
15721,787028214
15722,2682020014
15723,205019109
15724,205017109
15725,205013109
15726,9256615
15727,ASS23371
15728,ASS23372
15729,ASS1308
15730,ASS1833
15731,ASS23381
15732,ASS23382
15733,ASS1307
15734,ASS1416
15735,MT45P
15736,MP31P
15737,VD19002
15738,TC1781
15739,AN809
15740,AN809BZ
15741,5502436040
15742,AN808BZ
15743,AC19034
15744,AC19033
15745,AC19035
15746,5502426040
15747,ASA19025
15748,ASA19009
15749,YK11612
15750,YK11611
15751,YK11607
15752,AN901BZ
15753,600347
15754,6003487
15755,6003494
15756,600219
15757,600320
15758,OGRL210
15759,83101133G
15760,OTOR500
15761,JC5BBK
15762,SAN260
15763,4722
15764,83101231G
15765,4655
15766,MTNCRVAO24DZ
15767,SP1778
15768,9251321-063136
15769,9256920-063136
15770,9251228-063136
15771,9256909-063136
15772,9255209-063140
15773,9256612-063140
15774,9252223-063140
15775,9255426-063137
15776,9255230-063137
15777,405801
15778,839212
15779,839233
15780,8029
15781,701312191000565
15782,921320
15783,921216
15784,921220
15785,923111
15786,923112
15787,923109
15788,923108
15789,923507
15790,921212
15791,SCH300
15792,SCH301
15793,SCH302
15794,SCH303
15795,SCH304
15796,SCH305
15798,SCH306
15799,SCH307
15800,SCH308
15801,SCH309
15802,SCH310
15803,SCH311
15804,SCH312
15805,SCH314
15806,SCH315
15807,SCH316
15808,SCH317
15809,SCH318
15810,SCH313
15811,10949
15812,BM11420
15813,BM10922
15814,WFG250
15815,2865226-3200
15816,2864219-3200
15817,1965226-07807
15818,1964220-07807
15819,LXPP050LMM
15820,311007315
15821,311007323
15822,LGCVA4
15823,30133
15824,195DTR
15825,YA80
15826,16112802
15827,110130001838
15828,FZM8
15830,CE06
15832,201216
15833,701316691016150
15834,1317191016151
15835,1218091021090
15836,1218091016151
15837,SCH700
15838,7405800
15839,701311691001262
15840,701821291031090
15841,701820091031090
15842,MHB850S
15843,MHB890B
15844,925130911063137
15845,7963100
15846,7516400
15847,7315900
15848,7418901
15849,701321991016151
15850,701321091016150
15851,7418800
15852,7519001
15853,701213691000351
15854,701331991000565
15855,701332391000565
15856,701350991000565
15857,MHB800S
15858,701212891000565
15859,701213691000565
15860,MHB880B
15861,MHB810B
15862,H003919
15863,MG240B
15864,S530345
15865,5800910053
15866,3576
15867,3571
15868,TCH101520
15869,TCH101510
15870,TCH101540
15871,TCH101530
15872,5450356042
15873,5450786049
15874,3360
15875,5450046040
15876,3361
15877,3362
15878,3363
15879,PA1944930024
15880,PP1944900324
15881,PP1944904224
15882,PA1943837512
15883,PA1943923324
15884,PP1943900124
15885,PP1943904224
15886,PP1942903712
15887,PP1942900324
15888,PP1941904224
15889,PP1941807324
15890,925542663139
15891,925543363139
15892,925182663138
15893,925692-063136
15894,9251276
15896,9251365
15897,9251271
15898,925690963139
15899,925121763139
15900,925132163139
15901,925540963139
15902,925132863139
15903,B2183/100
15904,NF7764
15905,STJ19302
15906,AN903BZ
15907,5263215
15908,GX0250
15909,GX7677
15910,083DM
15911,0044PF
15912,183027242
15913,SCH229
15914,10922
15915,076387F
15916,MB10P
15917,MB15P
15918,835260
15919,C-1BC
15920,JD2376BL
15921,JD2377G
15922,JD2275
15923,701321891016150
15924,207612
15925,MINI12C
15926,MINI14C
15927,MINI16C
15928,TP6534
15929,3040
15930,1999
15931,TP6535
15932,ATS1128
15933,3005
15934,WPG300EBZL
15935,5469028
15936,5465225
15937,5467421
15938,5464219
15939,5463215
15940,5293710
15941,5293088
15942,5293820
15943,5267423
15944,5265224
15945,5244220
15946,10124G
15947,11024GBCR
15948,PV643
15949,LF400PABS
15950,GX0459
15951,350200
15953,76123820
15954,GX5455
15955,NF4401
15956,L3965
15957,L4257
15958,SCH300P
15959,SCH301P
15960,SCH302P
15961,SCH303P
15962,SCH304P
15963,SCH305P
15964,SCH306P
15965,SCH307P
15966,SCH308P
15967,SCH309P
15968,SCH310P
15969,SCH311P
15970,SCH312P
15971,SCH314P
15972,SCH315P
15973,SCH316P
15974,SCH317P
15975,SCH318P
15976,10718
15977,10858
15978,598801-101
15979,704010
15980,BNC17DZ
15981,BNC23CK
15982,GRM17DZ
15983,GRM24CK
15984,B1321/200
15985,B1323/200
15986,P032
15987,30270
15988,V765
15989,V327
15990,B10570
15991,NF7808
15992,54600578S
15993,9829
15994,25550/100
15995,GX5604
15996,STCD12L-L
15997,STCD12L-F
15998,76387
15999,GX0188
16000,MINI-RETAN
16001,D09209
16002,D14009
16003,34600245
16004,50007490
16005,14314223S
16006,50015289
16007,50021062
16008,50021063
16009,50021128
16010,54600547
16011,54770377
16012,54770378
16013,64600330
16014,50021059
16015,64770268
16016,64770310
16017,04609018S
16018,101528340107
16019,430040002
16020,76125224N
16021,00618AC
16022,PL3100VMF
16023,CL210VMF
16024,34890BRA
16025,12005
16026,15005
16027,76126716
16028,76127416
16030,BLM23CK
16031,800103
16032,84680
16033,84681
16034,84682
16035,84683
16036,84941
16037,84944
16038,84926
16039,84929
16040,84932
16041,84935
16042,84937
16043,84938
16044,6519
16045,84924
16046,84923
16047,5450026040
16048,5450036049
16049,5450106040
16050,60014558
16051,12600860
16052,12400008
16053,712
16054,1044EN
16055,3260K02
16056,72778MH840S
16057,72778MH850S
16058,896Y
16059,R590786
16060,S070335
16061,S070353
16062,S490886
16063,S490887
16064,S590730
16065,9802217000
16066,B10424/0007
16067,B10424/0008
16068,B3048/202
16069,T75F
16070,BNC28CK
16071,1223036049U
16072,1223046040U
16073,1223056040U
16074,1223066049U
16075,1223026040U
16076,1223076040U
16077,1532001
16078,151926
16079,946378
16080,200706
16081,124528
16082,160972
16083,200731
16084,160989
16085,200730
16086,200729
16087,L7179
16088,L4195
16089,L4196
16090,L7062
16091,L7700
16092,L7698
16093,L7614
16094,L7613
16095,60012390
16096,174155
16097,174162
16098,L6495
16099,L6493
16100,L6494
16101,L6464
16102,L6486
16103,L6465
16104,L6485
16105,L6483
16106,L6484
16107,L7632
16108,R2670
16109,R26868
16110,R26585
16111,10239/685
16112,STJWSP95
16113,4670
16114,4671
16115,4672
16116,SN19225
16117,VD1726
16118,VD19243
16119,VD19242
16120,VD19240
16121,10108G
16122,VD19239
16123,10110G
16124,VD19237
16125,10112G
16126,10114G
16127,VD19235
16128,VD19234
16129,10408G
16130,10128G
16131,10412G
16132,10428G
16133,10610G
16134,10624G
16135,10628G
16136,11420G
16137,AJ19187
16138,11424G
16139,130131G
16140,130132G
16141,11008G
16142,ASA19016
16143,11010G
16144,11012G
16145,11014G
16146,11024G
16147,11028G
16148,AC19024
16149,SN19062
16150,AJ1861
16151,AJ1860
16152,SP1742AM
16153,JA10208
16154,GX5303
16155,SCH333
16156,5845179217
16157,2118
16158,1533
16159,B5114/126
16160,341
16161,514
16162,100396011904
16163,SCH-SAC
16164,ABC8242
16165,643
16166,STG01
16167,STGH01
16168,STJ302R-LID
16169,ST30666TAP
16170,ST30666PB
16171,40150
16172,R25825
16173,7CO099947B
16174,G1Q14151
16175,G1Q14201
16176,G1Q19271
16177,G1Q21241
16178,G1Q21261
16179,G1X19271
16180,G1X21261
16181,G4Q14201
16182,G4Q19271
16183,G4Q21201
16184,G4Q21241
16185,G4Q21261
16186,G4Y19271
16187,G4Y21261
16188,GAH9007
16189,GAN9011
16190,GAR9020
16191,GAS9019
16192,GAS9020
16193,GAS9030
16194,GAS9060
16195,GAT9009
16196,LCA19261
16197,LCC19261
16198,LCD19261
16199,LCE19261
16200,LCV19261
16201,LKH38351
16202,LSA21301
16203,LSC21301
16204,LSD21301
16205,LSE21301
16206,LSH19291
16207,LSH21301
16208,LSN19291
16209,LSN21301
16210,LSR19291
16211,LSR21301
16212,LST19291
16213,LST21301
16214,LSV21301
16215,NAM14231
16216,NAM16261
16217,NAM19271
16218,NAM21271
16219,NAM21321
16220,OPT19271
16221,OPT21261
16222,OPT21291
16223,SYL23131
16224,B1665/301
16225,30012444
16226,60011430
16227,50012922
16228,6030819990
16229,57975
16230,53
16231,4399.PB
16232,96580/000
16233,4009
16234,41815
16235,10000020
16236,204690
16237,204691
16238,204692
16239,204693
16240,B57605/001
16241,1701
16242,148690
16243,17606G
16244,101997090107
16245,16245
16246,90000
16247,9002
16248,84540
16249,122120
16250,122121
16251,122122
16252,122123
16253,122124
16254,122125
16255,125021
16256,125022
16257,125023
16258,125610
16259,125611
16260,411640
16261,411650
16262,419323
16263,540639
16264,540640
16265,550092
16266,550094
16267,550096
16268,12972801
16269,14972801
16270,36972801
16271,12973501
16272,13973501
16273,14973501
16274,36973501
16275,12973601
16276,14973601
16277,36973601
16278,585092
16279,585094
16280,585096
16281,378713
16282,10416G
16283,10618G
16284,3319E
16285,T590850
16286,1102B
16287,AA9520BE
16288,8702E
16289,734
16290,8882
16291,B030418
16292,WPG150EBZL
16293,PA1944923324
16294,SCH070
16295,400850
16296,SCH068
16297,SCHCB4
16298,SCHCB2
16300,5500780006
16301,41
16302,11020G
16303,NF2603CC
16304,5088300
16305,6518300
16306,11428G
16307,105938
16308,10783
16309,BNC23DZ
16310,GRM23DZ
16311,4609002
16312,4609004
16313,144702
16314,202911
16315,202906
16316,202902
16317,202901
16318,202922
16319,202815
16320,755904
16321,770001
16322,728947
16323,755601
16324,729647
16325,729645
16326,769901
16327,755302
16328,729846
16329,729847
16330,724947
16331,724995
16332,104548
16333,715447
16334,715446
16335,715497
16336,104549
16337,104547
16338,104542
16339,208006
16340,756901
16341,756801
16342,757001
16343,715648
16344,715646
16345,715695
16346,724948
16347,724949
16348,718147
16349,718145
16350,718146
16351,718143
16352,718148
16353,718158
16354,729747
16355,729745
16356,729648
16357,729646
16358,750801
16359,724447
16360,724471
16361,724444
16362,769801
16363,99947
16364,99995
16365,99920
16366,711347
16367,711321
16368,711397
16369,712347
16370,122801
16371,122802
16372,119242
16373,119297
16374,119272
16375,119247
16376,119271
16377,119296
16378,119221
16379,119298
16380,710846
16381,710849
16382,710825
16383,730727
16384,730730
16385,730726
16386,714048
16387,105003
16388,730720
16389,730722
16390,97996
16391,730731
16392,720048
16393,97947
16394,730704
16395,730724
16396,730714
16397,97986
16398,97945
16399,730716
16400,745145
16401,745147
16402,97944
16403,97971
16404,730734
16405,730719
16406,104902
16407,97942
16408,730701
16409,97991
16410,98042
16411,724448
16412,724446
16413,123103
16414,202812
16415,ALC083650
16416,ST12302TR-WLN
16417,AMO10020020490/32
16418,AMO12100010190
16419,AMO13101310190
16420,HAP029CLE
16421,HAP030NAR
16422,HAP030WID
16423,ALO084000
16424,AMP10014000000
16425,ALP088310
16426,AMP10100030000
16427,ALC034400
16428,DUR068114
16431,PA1617497712
16432,PA1616497712
16433,PA1618497712
16434,PA1605497712
16435,PA1617712812
16436,PA1616712812
16437,PA1618712812
16438,PA1617712324
16439,PA1616712324
16440,PA1618712324
16441,10012010000
16442,10012010005
16443,10012010012
16444,10012010021
16445,10012010009
16446,12100020185
16447,10012000000
16448,10012000005
16449,ABC1519
16450,GX5602
16451,10120G
16452,706940
16453,201342
16454,201529
16455,3637
16456,ABC9096
16457,11624
16458,1200
16459,1203D
16460,9561
16461,20931/732
16462,20940/724
16463,20940/726
16464,20940/730
16465,20943/728
16466,20999/053
16467,25800/100
16468,25801/100
16469,25803/100
16470,25804/100
16471,25805/100
16472,63934/010
16473,63934/020
16474,63934/837
16475,63934/040
16476,63934/050
16477,63934/867
16478,63934/070
16479,63934/080
16480,ST30663LD
16481,ST30663DT
16482,12480009
16483,12600535
16484,12681060
16485,12681070
16486,127500660
16487,13440105
16488,13480103
16489,13721612
16490,14240510
16491,14530020
16492,17448997
16493,17461907
16494,30001610
16495,30019468
16496,30019469
16497,30019470
16498,30019471
16499,30019472
16500,30019472S
16501,30019473
16502,30019473S
16503,30019474
16504,30019474S
16505,30019475
16506,30019475S
16507,30022910S
16508,34600302
16509,34600317
16510,34600672
16511,34601682
16512,34722123W
16513,34752122W
16514,34752282W
16515,34770276
16516,34770287
16517,37461116S
16518,50007491
16519,50009862
16520,50010687
16521,50010715
16522,50010716
16523,50017721
16524,50018358
16525,50018543
16526,50018544
16527,50022612
16528,50023542S
16529,54601804
16530,50077199
16531,54600635
16532,60003656
16533,60003734
16534,60003792
16535,60005112
16536,60008104
16537,60010681
16538,60010682
16539,60012577
16540,60019195
16541,64540024
16542,64540032
16543,64600060
16544,64600235
16545,64752011
16546,64752011W
16547,64752012
16548,64752012W
16549,64752013
16550,64770282
16551,64770307
16552,64780680
16553,64791726
16554,64791825
16555,50008292
16556,50008293
16557,9132111
16558,9132120
16559,9132136
16560,5500780001
16561,788531
16562,2669028-05
16563,2664318.05
16564,5877818.05
16565,63928/050
16566,63928/060
16567,EB641E
16568,10012000012
16569,10012000021
16570,10012000009
16571,10020170032
16572,10100170000
16573,10050240032
16574,16100240000
16575,10102100000
16576,10030020032
16577,10030020044
16578,10030020060
16579,10030020075
16580,10030020085
16581,10102030000
16582,10030100032
16583,10102020000
16584,10050210032
16585,16100210000
16586,10050140032
16587,10050150032
16588,10050160032
16589,65360/050
16590,PA1617930024
16591,PA1604930024
16592,PA1605930024
16593,PA1607930024
16594,PA1616930024
16595,PA1618930024
16596,0631306040B
16597,B5102/101
16598,B5102/102
16599,B5102/103
16600,B5102/104
16601,B5102/105
16602,B5102/106
16603,B5102/107
16604,B5102/108
16605,1877824
16606,ABC6040
16607,ABC7238
16608,504
16609,LF330P
16610,NF4210
16611,1184
16612,76127228N
16613,76127928N
16614,76125728N
16616,9251267
16617,9251271A
16618,9251274
16619,9251276B
16620,9251278
16621,9251278A
16622,9251278B
16623,925132112
16624,9251371B
16625,9255209B
16626,9256959
16627,9256959B
16628,9255220B
16629,9256970
16630,9256970A
16631,9256970B
16632,9255409A
16633,9255426A
16634,9255433A
16635,9256615A
16636,9256619B
16637,9256622B
16638,2520007
16639,2520009
16640,2520011
16641,2621
16642,2612
16643,9388
16644,732223
16645,732232
16646,732237
16647,732246
16648,731324
16649,731329
16650,736108
16651,736595
16652,736116
16653,736119
16654,736123
16655,731265
16656,731270
16657,731276
16658,731278
16659,731282
16660,731374
16661,731379
16662,732296
16663,736166
16664,731265A
16665,731270A
16666,731276A
16667,731278A
16668,731282A
16669,731374A
16670,731379A
16671,736959A
16672,736980A
16673,736995A
16674,736166A
16675,731265B
16676,731270B
16677,731276B
16678,731278B
16679,731282B
16680,731374B
16681,731379B
16682,736959B
16683,736980B
16684,736995B
16685,736166B
16686,SCH1249
16687,9563
16688,9564
16689,1443
16690,AMC1711
16691,61618/000
16692,B2386/130
16693,709
16694,729
16695,313T
16696,26500910
16697,26500010
16698,26509218
16699,313-VD
16700,313T-VD
16701,9W27CZ
16702,9W27VD
16703,9W21AZ
16704,1971977
16705,B0100/001
16706,B0100/002
16708,B0100/003
16710,80302
16711,DAN53G00L
16712,60011530
16713,60013459
16714,64790022
16715,1006067
16716,D10316
16717,C803180
16718,R822181
16719,D1011646
16720,12056
16721,677
16723,30271
16724,30361
16725,17101
16726,17102
16727,17103
16728,17106
16729,17206
16730,17303
16731,17321
16732,17701
16733,17605
16734,17606
16735,17651
16736,17370
16737,BNC02ST
16738,BNC03SO
16739,SL500CHF
16740,EM770CHF
16741,BF250BCF
16742,BF251BCF
16743,BF300BCF
16744,PTV510BCF
16745,ML400BCF
16746,ML400CHF
16747,OGC1100PTF
16748,P1079
16749,LSS02-8062.4
16750,P2116
16751,P2130
16752,P3592
16753,P3593
16754,P3594
16755,P3595
16756,P3596
16757,P3597
16758,P3602
16759,BFB050NT
16760,COF1000NT
16761,309067
16762,310886
16763,16014108501
16764,LSS02-8040.6
16765,LSS03-8040.6
16766,LSS01-4880.6
16767,LSS02-4880.6
16768,LSS03-4880.6
16769,LSS01-6062.6
16770,LSS02-6062.6
16771,LSS03-6062.6
16772,LSS01-8062.6
16773,LSS02-8062.6
16774,LSS03-8062.6
16775,LSS04-80150
16776,LSS05-80150
16777,LSS06-80150
16778,LSS04-80180
16779,LSS05-80180
16780,LSS06-80180
16781,LSS07-6060
16782,LSS08-6060
16783,LSS07-8060
16784,LSS08-8060
16785,LSS09-10050
16786,LSS09-15050
16787,LSS10-10050
16788,LSS10-15050
16789,LSS11-40150
16790,LSS12-40150
16791,LSS11-40180
16792,LSS12-40180
16793,69942
16794,LSS04-80150.PS
16795,LSS04-80180.PS
16796,LSS04-80150.BPS
16797,LSS04-80150.B
16798,LSS05-80150.B
16799,LSS06-80150.B
16800,LSS04-80180.BPS
16801,LSS04-80180.B
16802,LSS05-80180.B
16803,LSS06-80180.B
16804,LSS07-6060.PS
16805,LSS07-8060.PS
16806,LSS11-40150.PS
16807,LSS11-40180.PS
16808,LS-08MB-N
16809,TA-02-N
16810,STMN01
16811,STMN02
16813,66907P
16814,KO199OHPIA
16815,MTNCRVAO26CK
16816,SMTLUCWDGRM23DZ
16817,SMTLUCWDGRM27DZ
16818,SMTLUCMZBLM25CK
16819,SMTLUCOCGRM17DZ
16820,GAI4CS
16821,SMTHRNGRM27DZ
16822,MAS80T
16823,40631
16824,40605
16825,83600
16826,15345
16827,83409
16828,83468
16829,83573
16830,84422
16831,84409
16832,15113
16833,15216
16834,15232
16835,15612
16836,15613
16837,83921
16838,83916
16839,83917
16840,15348
16841,15116
16842,15614
16843,15615
16844,15219
16845,15220
16846,15340
16847,15341
16848,15403
16849,15411
16850,15230
16851,15609
16852,15404
16853,84609
16854,84482
16855,83908
16856,83909
16857,83704
16858,83705
16859,84942
16860,33292
16861,33293
16862,815
16863,15621
16864,15622
16865,33294
16866,33295
16867,17201
16868,17203
16869,17204
16870,17205
16871,17208
16872,17209
16873,17210
16874,17111
16875,17117
16876,17301
16877,17304
16878,17104
16879,17607
16880,17608
16881,17601
16882,17602
16883,17603
16884,17604
16885,17652
16886,17702
16887,17703
16888,17704
16889,17501
16890,17105
16891,17305
16892,11105
16893,B3039/200
16894,STPDG01
16895,STPDG02
16896,STIF
16897,SCH3414
16898,AVT30
16899,AVT40
16900,AVT50
16901,1251
16902,VP200ESK
16903,VP20B
16904,VP50
16905,VP30
16906,VP300ES
16907,VP31
16908,STTNT01
16909,GX5485
16910,1208786049U
16911,SCH069
16912,SCH071
16913,405841S
16914,405812S
16915,415510S
16916,405811S
16917,415514
16918,415517S
16919,415513
16920,415512
16921,415511
16922,663683
16923,663684
16924,663685
16925,401321
16926,400881
16927,663680
16928,663681
16929,415519
16930,415515
16931,405878
16932,663682
16933,405842
16934,400893
16935,400901
16936,400899
16937,490430
16938,122117
16939,470170
16940,470180
16941,710865
16942,460170
16943,517490
16944,530470
16945,415516
16946,390400
16947,318422
16948,430100
16949,165261
16950,157100
16951,413270
16952,387593
16953,136201
16954,192349
16955,387594
16956,122113
16957,191492
16958,146143
16959,146142
16960,146141
16961,223201
16962,275AZ
16963,275N
16964,R63005
16965,POL355455
16966,98030
16967,71530
16968,11053
16969,66817
16970,A010-B
16971,2764220.05-05344
16972,1964220-07233
16973,7264220.08-00833
16974,1964220-05649
16975,7264220.08-00834
16976,2764220.07-07205
16977,7264220.07-07202
16978,5480016040
16979,5480026040
16980,5480036049
16981,5480646040
16982,5480076040
16983,5481016040
16984,5481026040
16985,5481036049
16986,5481646040
16987,5481076040
16988,5482016040
16989,5482026040
16990,5482036049
16991,5482646040
16992,5482076040
16993,5484016040
16994,5484026040
16995,5484036049
16996,5484646040
16997,5484076040
16998,5485016040
16999,5485036049
17000,5485646040
17001,5485076040
17002,5486016040
17003,5486026040
17004,5486036049
17005,5486646040
17006,5486076040
17007,5487016040
17008,5487026040
17009,5487036049
17010,5487646040
17011,5487076040
17012,946620
17013,FL-RRR
17014,AOC-9A
17015,LF400VDM
17016,V779
17017,L620291
17018,702BC
17019,ABC5302
17020,690
17021,157
17022,167
17023,625
17024,790065
17025,BJR4630AZ
17026,BJR4630PT
17027,PA1604837512D
17028,PA1605904224D
17029,PA1604904224D
17030,PA1604904424D
17031,STJWC
17032,202807
17033,MS29131
17034,FK40913
17035,HH0012
17036,PR3364
17037,ID90338
17038,HI025
17039,HI023
17040,20494
17041,20519
17042,20520
17043,20613
17044,20795
17045,20796
17046,2046
17047,2080
17048,B10840/0007
17049,100200010105
17050,100200010107
17051,111650
17052,111710
17053,111752
17054,FG637400BLA
17055,FG9B1600BRN
17056,FGQ56000YL00
17057,FGQ75000YL00
17058,146
17059,14820081317
17060,14820071317
17061,14820431216
17062,14820301317
17063,SGN11
17064,8232
17065,ABC1298
17066,ABC3995
17067,GX5408
17068,GR33
17069,GR22
17070,WS35
17071,CA33
17072,FAN33T
17073,ECO30
17074,SHT5
17075,KOMBAT33PC
17076,BR25
17077,BR35
17078,TL30
17079,VN60
17080,VN40
17081,VN25
17082,DAI20
17083,CH15
17084,SBN1
17085,9465944
17086,9465946
17087,11558
17088,76125228
17089,76125324
17090,14223
17091,SHT3
17092,FAN22T
17093,FAN22ICE
17094,LB22T
17095,KOMBAT33PP
17096,STD30T
17097,LB30T
17098,GR45T
17099,CH10T
17100,VN18T
17101,VN20
17102,GC-SA22S
17103,GC-SA23S
17104,R11901
17105,R11940
17106,R13123
17107,R13124
17108,R12713
17109,R17494
17110,R17495
17111,R17563
17112,R17584
17113,R17597
17114,R27619
17115,R27618
17116,R17587
17117,R27620
17118,R27621
17119,R26503
17120,R27613
17121,R27611
17122,R27612
17123,R17586
17124,R17599
17125,R17497
17126,R17583
17127,R17491
17128,R27360
17129,R27579
17130,R25529
17131,R5339
17132,R25850
17133,R25528
17134,R25773
17135,R60997
17136,R25772
17137,R25770
17138,R61001
17139,R61026
17140,R61131
17141,R61028
17142,R61129
17143,R60955
17144,R61127
17145,R30444
17146,R35354
17147,R3794
17148,R26940
17149,R26001
17150,1918
17151,PA1607904224D
17152,PA1607900124D
17153,192352D
17154,192343D
17155,85121
17156,85107
17157,85103
17158,85108
17159,85068
17160,83410
17161,83467
17162,83603
17163,83607
17164,AE0556B
17165,BAND123CAR
17166,357760MQGS
17167,349750GS
17168,354757GS
17169,141370GS
17170,VD20139
17171,141332GS
17172,149210GS
17173,56081
17174,NF6549
17175,AC19196
17176,AN910
17177,AN911
17178,AN912
17179,AF19287
17180,AC19169
17181,AC19023
17182,AN965RD
17183,AN965BK
17184,SN13282
17185,SN1057
17186,AF19288
17187,VD19289
17188,AJ20042
17189,AJ20044
17190,VD20032
17191,VD20030
17192,AF20025
17193,VD1727
17194,VD1729
17195,VD19158
17196,VD19238
17197,AC19022
17198,SN19124
17199,SN19066
17200,SN19063
17201,MB12A
17202,MP27A
17203,MP22A
17204,MB28A
17205,MT45A
17206,MB12D
17207,ML41D
17208,MP27D
17209,MP22D
17210,MB28D
17211,MB20D
17212,VN25B
17213,VN25P
17214,BR56
17215,MUG
17216,ECO16
17217,GR40
17218,GR50
17219,PNT56
17220,JAR150
17221,JAR75
17222,PA18
17223,PA24
17224,PA27
17225,CHAV
17226,RAM
17227,BOL
17228,AN907BZ
17229,AN909BZ
17230,HH0003
17231,FK49071
17232,DFDFSU2720
17233,FK5094081
17234,FK5094181
17235,FK5094281
17236,FK25250
17237,MS31315
17238,MS31416
17239,FK42626
17240,FK45352
17241,PRGFCD51
17243,PRGPC3682
17244,UC001
17245,WTST001
17246,HH0025
17247,HH0030
17248,HH0029
17249,HH0028
17250,HH0027
17251,HH0026
17252,MS60018
17253,NGJSSBT011
17254,PB17541
17255,GP81
17256,KE006OHERA
17257,KE031OHERA
17258,KE320OHERA
17259,PG09
17260,PG129
17261,PG38
17262,PG92
17263,PT1471
17264,PVB11
17265,SILS1410
17266,AP16
17267,AH20092
17268,ASA20214
17269,AP18
17270,SCH7310
17271,SCH7308
17272,SCH7309
17273,201953
17274,202498
17275,152237
17276,152206
17277,202227
17278,691816
17279,691824
17280,691827
17281,691829
17282,691924
17283,691929
17284,692212
17285,695209
17286,711220-11425885
17287,711228-11425885
17288,275168-11425885
17289,546945-11425885
17290,711230-11425775
17291,705715-11700560
17292,50800919
17293,150518
17294,311122
17295,5134
17296,ABC6170
17297,150031
17298,PG06
17299,PG55
17300,POR01
17301,GP3793
17302,KE002OHERA
17303,KE008OHERA
17304,KE010OHERA
17305,KE117OHERA
17306,KAG113OHERE
17307,KAG030OHERE
17308,KE060OHERA
17309,KE132OHERA
17310,KE112OHERA
17311,KE161OHERA
17312,KE199OHERA
17313,KE321OHERA
17314,KE058OHERA
17315,KE057OHERA
17316,KE351OHERA
17317,KE176OSERA
17318,KQG175OSERE
17319,KO119OHOBA
17320,KN358BXOBA
17321,KE305OHERA
17322,CI-SSD120GB
17323,SMTLUNGRM30DZ
17324,SMTLUNGRM27DZ
17325,SMTLUNGRM21DZ
17326,SMTLUNHYG28DZ
17327,SMTLUNHYG22DZ
17328,SMTLUNHYG28CK
17329,SMTLUNOCGRM30DZ
17330,SMTLUNOCGRM27DZ
17331,SMTLUNOCGRM21DZ
17332,SMTLUNOCHYG28DZ
17333,SMTLUNOCHYG22DZ
17334,SMTLUNOCHYG28CK
17335,SMTLUCSLGRM27DZ
17336,SMTLUCSLGRM21DZ
17337,SMTLUCSLVAO26CK
17338,SMTLUCSLVAO15OKY
17339,SMTLUCSLVAO10KS
17340,SMTLUCSLSTR10KS
17341,SMTLUCOCGRM27DZ
17342,SMTLUCOCGRM21DZ
17343,SMTLUCOCVAO26CK
17344,SMTLUCOCVAO15OKY
17345,SMTLUCOCVAO10KS
17346,SMTLUCOCSTR10KS
17347,SMTSWYGRM30DZ
17348,SMTSWYGRM27DZ
17349,SMTSWYGRM21DZ
17350,SMTSWYBNC28CK
17351,MOV31OV
17352,E100MOV31OV
17353,WDPIU25DZ
17354,PIU25DZ
17355,NOTPIU25DZ
17356,682026040
17357,682086040
17358,652334500
17359,6380681190
17360,701122891191118
17361,701122891000905
17362,701122191016151
17363,701122191016150
17364,701312191016150
17365,701540091016150
17366,701690091016150
17367,740122491000000
17368,745980091000000
17369,732340191000000
17370,732260091000000
17371,732350091000000
17372,690029-800382
17373,695159-800382
17374,695172-800382
17375,696909-800382
17376,696919-800382
17377,694340-800382
17378,695635-800382
17379,691227-425694
17380,711228-425693
17381,751228-425943
17382,751324-425943
17384,755715A
17385,752336-425943
17386,755268A
17387,756918-425943
17388,751228-425942
17390,751228-425940
17391,751228-425941
17392,3020
17393,3025
17394,40535
17395,40546
17396,905
17397,896
17398,844
17399,907
17400,908
17401,93327
17402,93328
17403,93329
17404,B4917603
17405,B4917614
17406,B4917617
17407,B4917601
17408,B5116201B
17409,B2816080T
17410,B0219223
17411,STGP320
17412,STGP304
17413,STGP238
17415,405837D
17416,324-3766
17417,9120029-063050
17418,9120125-063050
17419,9126919-063050
17420,9125172-063050
17421,9130029
17422,9135121
17423,9135126
17424,9137010
17425,9135360
17426,9130128-091913
17427,9136918-091913
17428,9135170-091913
17429,9135178-091913
17430,9134350-091913
17431,9134530-091913
17432,9251226-063136
17433,9251326-063136
17434,9255226-063137
17435,9331227-063043
17436,9381226-063087
17437,9381226-063088
17438,958-2
17439,958-1
17440,958-5S
17441,319-2
17442,319-1
17443,319-5
17444,1922-2
17445,1922-1
17446,1922-5
17447,2611-2
17448,2611-1
17449,2611-5
17450,968-2
17451,968-1
17452,968-5
17453,990-2
17454,990-1
17455,990-5
17456,990-45
17457,1520-2
17458,1520-1
17459,1520-5
17460,ABC6392
17461,J4724
17462,Q3659
17463,Q3660
17464,L9821
17465,L9822
17466,L9825
17467,10302010N
17468,EH3
17469,W4
17470,PL900
17471,BNC01DM
17472,BNC04KHD
17473,BNC03ST
17474,E100GRM27DZ
17475,E100GRM19DZ
17476,E100BNC28CK
17477,E100RIT01CF
17478,E100RIT01CT
17479,E100MUG03KKN
17480,E100BNC01DM
17481,E100BNC02ST
17482,OTIGRM27DZ
17483,OTIGRM24CK
17484,RIT01CF
17485,RIT04CPF
17486,RIT01CT
17487,GRM04CT
17488,SCH336T
17489,JD08SB
17490,WL-771034/A
17491,WL-771065/A
17492,VGP221-01818Z
17493,NFJ206
17494,733
17495,NF5417
17496,AC13543
17497,AC1848
17498,AC19028
17499,AC19028BZ
17500,AC19208
17501,AC19244
17502,AC19247
17503,AC19275
17504,AC20121
17505,AC20281
17506,AF20026
17507,AFP350NX
17508,AH20091
17509,AH20094
17510,AH20252
17511,AJ20039
17512,AJ20040
17513,AMC1710
17514,AMD1722
17515,AMD1723
17516,AN806BZ
17517,AN864
17518,B2354/102
17519,AN954
17520,AN956
17521,AP1341
17522,AP21
17523,AP24
17524,AQ20261
17525,ASA1452
17526,ASA1758
17527,ASA1829
17528,ASA19167
17529,ASA20090
17530,ASA20282
17531,VD20272
17532,ASS1304
17533,ASS1761
17534,BM1500
17535,BM19129
17536,BM19174
17537,BM19175
17538,BM20127
17539,BM20129
17540,BM20133
17541,JA19039
17542,JA19041
17543,SF20018
17544,SF20019
17545,SF20020
17546,SF20108
17547,SF20110
17548,SF20136
17549,SN11233
17550,SN11234
17551,SN14287
17552,SN19078
17553,SN19079
17554,SN19081
17555,SN19253
17556,SN20078
17557,SN20087
17558,SN20212
17559,SN20213
17560,SN20278
17561,SN20279
17562,SN20280
17563,SN914
17564,SP1744AZ
17565,SP20008
17566,SP20208
17567,TCJ19157
17568,VD19005
17569,VD19241
17570,446
17571,401
17572,110
17573,639
17574,8422938
17575,10420L
17576,FK-25757
17577,FK-42181
17578,FK-61419
17579,FK-670297
17580,FK-670437
17581,FK-670438
17582,FK-670447
17583,FK-685279
17584,FK-685532
17585,FK-685533
17586,FK-685547
17587,FK-689423
17588,MR-LV-109
17589,MR-LV-141
17590,MR-LV-186
17591,NG-JSDT961
17592,PB-96764
17593,PN-2
17594,PR-PS9108G
17595,PR-SNL1001G
17596,PR-SNL1002G
17597,PR-SNL1015SETG
17598,WI-41160
17599,WI-41162
17600,WI-41164
17601,WI-41349
17602,WI-41352
17603,WI-41353
17604,WI-FUR602E
17605,10383
17606,201978
17607,201459
17608,203279
17609,946521
17610,56893
17611,946545
17612,203120
17613,202110
17614,203184
17615,11205
17616,202261
17617,202777
17618,202801
17619,150479
17620,200711
17621,ISD0002
17622,ISD0003
17623,ISM0072
17624,NEO26DZ
17625,NEO23CK
17626,NEO21CK
17627,NEO14KS
17628,PIN25DZ
17629,PIN20CK
17630,PIN19DZ
17631,PIN24OKY
17632,GRM15OKY
17633,RIT27DZ
17634,RIT23CK
17635,RIT21DZ
17636,RIT12KS
17637,RIT15KS
17638,RIT19DZ
17639,RIT11YM
17640,RIT10KD
17641,NOTNEA24DZ
17642,FST30OKY
17643,10506
17644,PI30
17645,ASA1301
17646,ASA1302
17647,ASA1303
17648,ASA1305
17649,BM19135
17650,BM19141
17651,2779-S
17652,964186
17653,964187
17654,PHRD28
17655,PHRD20
17656,SCH4819
17657,SCH322
17658,SCH323T
17659,SCH4818
17660,SCH320
17661,F19-064E20-1590
17662,F20-080
17663,GOP111
17664,GOP271
17665,LOCS02E19-144
17666,LOCS03E19-144
17667,LOP271E19-144
17668,B52701/001
17669,B52702/002
17670,B1685/301
17671,616
17672,5293821
17673,ASA17
17674,JA13231M
17675,BM19132
17676,BM19133
17677,BM20354
17678,21036
17679,ABC1854
17680,ABC3933
17681,600298
17682,276N
17683,246TBR
17684,B1581/701
17685,B1581/702
17686,STGP420
17687,GX0355
17688,GX5329
17689,GX5619
17690,GX5689
17691,GX9034
17692,BDJ03AZ
17693,RO206
17694,GNE00004
17695,30955
17696,53342
17697,161054
17698,161092
17699,201313
17700,201340
17701,202778
17702,202796
17703,203354
17704,202808
17705,203064
17706,203078
17707,203110
17708,203186
17709,203189
17710,203200
17711,203203
17712,203205
17713,203221
17714,203222
17715,203233
17716,203238
17717,203242
17718,203246
17719,203247
17720,203249
17721,203301
17723,305263
17724,STJWBB
17725,R11611
17726,R11938
17727,R28313
17728,R28314
17729,R28315
17730,R17661
17731,R17665
17732,R5331
17733,R27898
17734,R28272
17735,R2671
17736,R28268
17737,R28389
17738,R28411
17739,R27662
17740,R28414
17741,R60345
17742,R60346
17743,R60348
17744,R61450
17745,R28316
17746,R28317
17747,R25587
17748,FK-46983
17749,30434
17750,TP6522TMP
17751,4249A
17752,T06350
17753,S5-S6-04-SS4220370
17754,233012
17755,233011
17756,233013
17757,233015
17758,141086
17759,141089
17760,113017
17761,103550
17762,230286
17763,230285
17764,230287
17765,230288
17766,105798
17767,105831
17768,182460
17769,105833
17770,211987
17771,216411
17772,237318
17773,237321
17774,237286
17775,237289
17776,237327
17777,237332
17778,237308
17779,237314
17780,237298
17781,233848
17782,190077
17783,227645
17784,227646
17785,227650
17786,229604
17787,B0219224
17788,B0219225
17789,B0816782
17790,B0816783
17791,B0816784
17792,B0816785
17793,B0816786
17794,B0816787
17795,B0816788
17796,B5116200B
17797,B5116202B
17798,B5116203B
17799,B5116204B
17800,B5116205B
17801,B5116207B
17802,B5116209B
17803,B5116215B
17804,B5116216B
17805,B5116218B
17806,B5116220B
17807,B5116222B
17808,B5118228B
17809,B5120230W
17810,B5120231W
17811,B5120235W
17812,B5120238W
17813,B5120240W
17814,B5120242W
17815,B5120243W
17816,B5120244W
17817,B5120245W
17818,B5120247W
17819,B5120250W
17820,B5120251W
17821,NG-HYCK-2818
17822,PV-SOM15
17823,PV-SOM17
17824,608
17825,665
17826,706
17827,726
17828,746
17829,766
17830,ABC11099
17831,32110
17832,72540
17833,672036
17834,47024
17835,47028
17836,47032
17837,EF-500
17838,CA369
17839,PL185
17840,PL218
17841,PL288
17842,FL203
17843,FL245
17844,M300R02N30310
17845,P150-050
17846,I-888148
17847,I-1888169
17848,H14502P
17849,CGP150
17850,230918
17851,230920
17852,230921
17853,239315
17854,239316
17855,239317
17856,199570
17857,240044
17858,B0616454
17859,B0616455
17860,B0617462
17861,B0717002
17862,B0717004
17863,B0717006
17864,B0717008
17865,B0717010
17866,B0717012
17867,B0717014
17868,B1318003M
17869,B1318002M
17870,B1318001M
17871,LINPIN19DZ
17872,LINPIN25DZ
17873,LINPIN20CK
17874,LINPIN14KS
17875,ETNPIN19DZ
17876,ETNPIN25DZ
17877,ETNPIN20CK
17878,ETNPIN14KS
17879,LAVPIN19DZ
17880,LAVPIN25DZ
17881,LAVPIN20CK
17882,LAVPIN14KS
17883,PTLPIN19DZ
17884,PTLPIN25DZ
17885,PTLPIN20CK
17886,PTLPIN14KS
17887,GRAPIN19DZ
17888,GRAPIN25DZ
17889,GRAPIN20CK
17890,GRAPIN14KS
17891,B1389/100
17892,B1389/102
17893,L1387
17894,L225
17895,L234
17896,L243
17897,L261
17898,L5480
17899,L5488
17900,L5548
17901,946521477-OE60M
17902,SSW103
17903,SBP400
17904,SBP500
17905,1610-2
17906,1610-1
17907,1610-51
17908,2610-2
17909,2610-1
17910,2610-5
17911,2004-2
17912,2004-1
17913,2004-45
17914,1670-2
17915,1670-1
17916,1670-5
17917,E101GRM24OKY
17918,E100GRM29OKY
17919,E100GRM34OKY
17920,40222
17921,40260
17922,40291
17923,50721
17924,50623
17925,83604
17926,83605
17927,83606
17928,84962
17929,84963
17930,84964
17931,84965
17932,84966
17933,84967
17934,84968
17935,84890
17936,84892
17937,84893
17938,84931
17939,84990
17940,84991
17941,85081
17942,85082
17943,85161
17944,843
17945,15620
17946,40185
17947,40186
17948,40655
17949,40656
17950,40691
17951,75823
17952,75824
17953,40547
17954,109
17955,248021220
17956,R27529
17957,R27531
17958,R27532
17959,R27539
17960,R27542
17961,R27543
17962,R27544
17963,R28379
17964,R28380
17965,R61391
17966,B7216929
17967,B7217058
17968,B7217056
17969,B0718110
17970,8822837
17971,21399/955
17972,24099/020
17973,24099/036
17974,25166/100
17975,25551/170
17976,25570/160
17977,25571/160
17978,25572/160
17979,25573/160
17980,25574/160
17981,25576/160
17982,25577/160
17983,25580/160
17984,25583/160
17985,25584/160
17986,25585/160
17987,25586/160
17988,25587/160
17989,25588/162
17990,25731/120
17991,25732/120
17992,25733/120
17993,25734/120
17994,25735/120
17995,25830/100
17996,25831/100
17997,25832/100
17998,25833/100
17999,25836/100
18000,25837/100
18001,25840/100
18002,BT4020
18003,IT4035
18004,MT3629
18005,ORG2320
18006,OT3520
18007,RP22
18008,RP26
18009,RT3520
18010,ST2F407
18011,13416/051
18012,13420/051
18013,13518/051
18014,10399/371
18015,STC803480
18016,B668
18017,KAG002OHERE
18018,KAG003OHERE
18019,KAG005OHERE
18020,KAG006OHERE
18021,KAG008OHERE
18022,KAG010OHERE
18023,KAG024OHERE
18024,KAG320OHERE
18025,KAG321OHERE
18026,KE015OHERA
18027,KE133OHERA
18028,KE135OHERA
18029,KN292OSOBA
18030,KO318OHERA
18031,KQG057OHERE
18032,KQG058OHERE
18033,288N
18034,63925/040
18035,63925/070
18036,NP001100
18037,NP002100A
18038,B17013/3008
18039,B20725/0008
18040,321823S
18041,321834S
18042,ST001AR
18043,ST002AR
18044,5210010116
18045,5210010120
18046,5210010124
18047,5210010128
18048,5210010131
18049,5210010224
18050,5210010230
18051,5210012030
18052,5210020116
18053,5210020121
18054,5210020126
18055,5210020129
18056,5210020216
18057,5210020221
18058,5210020224
18059,5210020228
18060,5210055009
18061,5210055018
18062,5210055020
18063,5210055025
18064,5210055120
18065,5210055128
18066,5210055135
18067,5210055335
18068,5210055535
18069,5210060111
18070,5210060115
18071,5210060117
18072,5210101221
18073,5210101229
18074,5210101230
18075,5210200108
18076,5210200208
18077,5210200215
18078,5210909016
18079,SCH230
18080,MAC25
18081,PE30
18082,TI10-001
18083,TI10-003
18084,TI10-011
18085,UB100750
18086,UT31007
18087,UT60-12
18088,UT60-14
18089,UT60-8
18090,UT90001
18091,UT90002
18092,UT90003
18093,115475
18094,116656
18095,11894
18096,SCA04BC
18097,SCA02BC
18098,SCA12BC
18099,SCA15BC
18100,SCA24BC
18101,SCA37BC
18102,SCA39BC
18103,SCA01BC
18104,SCL03BCH
18105,SCN04BCC
18106,SCL07BCC
18107,SCN23BCC
18108,SCA17B
18109,SCA01BW
18110,SCA02BW
18111,SCA04BW
18112,SCN03BW
18113,SCA12BW
18114,SCA13BW
18115,SCA15BW
18116,SCA21BW
18117,SCA24BW
18118,SCN23BW
18119,SCA37BW
18120,SCA38BW
18121,SCA17BW
18122,SCA18BW
18123,SCA49BW
18124,SCA39BW
18125,SCA01VR
18126,SCA02VR
18127,SCA12VR
18128,SCA13VR
18130,SCA15VR
18131,SCA21VR
18132,SCA24VR
18133,SCA37VR
18134,SCA18VR
18135,SCA49VR
18136,SCT01BT
18137,SCT04BT
18138,SCT12BT
18139,SCT13BT
18140,SCT14BTB
18141,SCT18BTB
18142,SCN01CM
18143,CI-ARM
18144,SCN04CM
18145,CI-BIN
18146,SCA17CM
18147,SCN01CMCH
18148,SCN04CMCH
18149,ATTCF037
18150,SCN03BCC
18151,SCL60AZO
18152,5210101233
18153,H3023180
18154,LF330AZRABS
18155,SCH7485
18156,9130027-999994
18157,9136918-999994
18158,9135170-999994
18159,25575/160
18160,25551/100
18161,25579/160
18162,23498/018
18163,ST336000K
18164,62521
18165,5597
18166,27286
18167,73175
18168,73180
18169,73181
18170,73184
18171,73186
18172,73115
18173,250105
18174,9010028
18175,9010626
18176,9010021
18177,9010619
18178,9010123
18179,9131828
18180,9130021
18181,9130128
18182,9135172
18183,9135159
18184,9136909
18185,9133168
18186,9391228
18187,9391221
18188,9390128
18189,9395172
18190,9396918
18191,9395160
18192,9393167
18193,9400022
18194,9401328
18195,9405225
18196,9406918
18197,9405210
18198,9406910
18199,9403167
18200,460028
18201,460020
18202,460128
18203,465125
18204,466918
18205,465209
18206,466909
18207,463168
18208,700628
18209,700621
18210,700728
18211,705222
18212,705209
18213,706909
18214,705717
18215,925125
18216,903168
18217,963483
18218,963037
18219,961374
18220,951849
18221,964258
18222,960723
18223,SCH324T
18224,SCH325T
18225,SCH326T
18226,SCH327T
18227,SCH329
18228,SCH330T
18229,SCH328T
18230,TAU7500
18231,276VD
18232,DK020
18233,DK030
18234,105
18235,4046
18236,GX5324
18237,GX5391
18238,GX0356
18239,BDJ03BR
18240,SXCBF
18241,9135170V
18242,9136918S
18243,9136918B
18244,9135159V
18245,9136909S
18246,9136909B
18247,11018G
18248,1970
18249,CER-2252-WG
18250,CER-1717-WG
18251,CER-2336
18252,CER-2646-W
18253,NF5204
18254,NF5104
18255,11889
18256,13965
18257,CLFGRM21DZ
18258,PA1616903712
18259,PA1617903712
18260,PA1618903712
18261,PA1616837512
18262,PA1617837512
18263,PA1618837512
18264,PA1616923324
18265,PA1617923324
18266,PA1618923324
18267,21115/095
18268,20268/714
18269,29899/562
18270,AAQGRM01STB
18271,AAQRIT01CF
18272,AAQRIT02KF
18273,ADKGRM01STB
18274,ADKRIT01CF
18275,ADKRIT02KF
18276,APSGRM01STB
18277,APSRIT01CF
18278,APSRIT02KF
18279,ASCGRM01STB
18280,ASCRIT01CF
18281,ASCRIT02KF
18282,ATCGRM01STB
18283,ATCRIT01CF
18284,ATCRIT02KF
18285,ATHGRM01STB
18286,ATHRIT01CF
18287,ATHRIT02KF
18288,ATRGRM01STB
18289,ATRRIT01CF
18290,ATRRIT02KF
18291,GRAGRM01STB
18292,GRARIT01CF
18293,GRARIT02KF
18294,E100GRM01STB
18295,E100RIT02KF
18296,GRM01STB
18297,RIT02KF
18298,203114
18299,202795
18300,202793
18301,172397
18302,202806
18303,203109
18304,202036
18305,201125
18306,151049
18307,202068
18308,8132
18309,AF19286
18310,AN801X
18311,AN807X
18312,AN810X
18313,AN811X
18314,AN850
18315,AN951
18316,AQ20116X
18317,ASA1747
18318,ASA19166
18319,BM1315
18320,BM1502
18321,BM19128
18322,BM19134
18323,BM19143
18324,BM19160
18325,BM19251
18326,BM20130
18327,SF1868
18328,SF1869
18329,SF1870
18330,SP20209
18331,VD1858
18332,VD20138
18333,YK14638
18334,YK14643
18335,933123211999994
18336,20125/026
18337,20589/624
18338,20589/724
18339,25611/100
18340,NF5204X
18341,NF5104X
18342,SCHCB1
18343,SCHCB3
18344,ST30663DBT
18345,ST30663DC
18346,ST30663PJC
18347,ST30663TAP
18348,ST30663ITH
18349,ST30663ICT
18350,20582/620
18351,27817/027
18352,61536/000
18353,69015/022
18354,69020/012
18355,69025/012
18356,69054/012
18357,69061/012
18358,69120/012
18359,69140/012
18360,69141/012
18361,ID-512-16
18362,FK-670298
18363,HO-MB21BK
18364,FK-673031
18365,4032.G
18366,1501
18367,84802
18368,84803
18369,84804
18370,84808
18371,84817
18372,SCA38CM
18373,SCCB02BCC
18374,SCL06BCC
18375,SCA04CM
18376,299012073
18377,62504/280
18378,62510/240
18379,62932/140
18380,61644/900
18381,61653/100
18382,64650/000
18383,5210909031
18384,5210909025
18385,5210101432
18386,5210909131
18387,5210200219
18388,5210904012
18389,5300270120
18390,5300280120
18391,5300290120
18392,5300260120
18393,5300350102
18394,5300340102
18395,5300330102
18396,5300320120
18397,5300310120
18398,5300300120
18399,5300410102
18400,5300400102
18401,5300390102
18402,5300380120
18403,5300370120
18404,5300360106
18405,5300470102
18406,5300460102
18407,5300450102
18408,5300440120
18409,5300430120
18410,5300420106
18411,522
18412,SP1034AM
18413,SP1034AZ
18414,SP1034LJ
18415,SP1034OW
18416,SP1034VD
18417,S123
18418,S107
18419,S125PT
18420,S125LJ
18421,S125BG
18422,S125VM
18423,269
18424,SLC210-60VM
18425,PA1600902724
18426,PA1600902024
18427,PA1600703624
18428,PA1600905124
18429,PA1600904524
18430,PA1601902724
18431,PA1601902024
18432,PA1601703624
18433,PA1601905124
18434,PA1601904524
18435,PA1602902724
18436,PA1602902024
18437,PA1101526424
18438,PA1602905124
18439,PA1602904524
18440,PA1603902724
18441,PA1603902024
18442,PA1603703624
18443,PA1603905124
18444,PA1603904524
18445,PA1607979224
18446,PP1616723224
18447,PP1617723224
18448,PP1618723224
18449,52790V
18450,52820V
18451,53380
18452,202119
18453,202745
18454,202743
18455,202107
18456,204129
18457,204035
18458,203534
18459,203535
18460,203537
18461,203115
18462,203910
18463,202920
18464,202822
18465,204125
18466,204124
18467,203108
18468,202805
18469,946705
18470,152152
18471,152176
18472,202889
18473,202150
18474,PUBD106
18475,69999/040
18476,SCH319
18477,SCA01CM
18478,SCA02CM
18479,SCA04VR
18480,SCA12B
18481,SCA12CM
18482,SCA13B
18483,SCA13CM
18484,SCA14B
18485,SCA14CM
18486,SCA14VR
18487,SCA16B
18488,SCA16CM
18489,SCA16VR
18490,SCA20B
18491,SCA20CM
18492,SCA20VR
18493,SCA21B
18494,SCA21CM
18495,SCA24CM
18496,SCA25BC
18497,SCA25CM
18498,SCA25VR
18499,SCA49B
18500,SCA49CM
18501,SCA19B
18502,SCA19CM
18503,SCA19VR
18504,SCA37CM
18505,SCA38BC
18506,SCA38VR
18507,SCA39B
18508,SCA39CM
18509,SCA39VR
18510,SCA40B
18511,SCA40CM
18512,SCA40VR
18513,SCA41B
18514,SCA41CM
18515,SCA41VR
18516,SCA42B
18517,SCA42CM
18518,SCA42VR
18519,SCA43B
18520,SCA43CM
18521,SCA43VR
18522,SCA44B
18523,SCA44CM
18524,SCA44VR
18525,1201BC
18526,34RD
18527,33BC
18528,33RD
18529,AAQRIT01KF
18530,ISD0049
18531,L1523
18532,L4339
18533,L4134
18534,L4338
18535,L4331
18536,L4135
18537,L4127
18538,L4314
18539,L4137
18540,L4136
18541,L4333
18542,L4429
18543,L6998
18544,L6995
18545,L4425
18546,L4424
18547,L7644
18548,L7403
18549,L7239
18550,L6648
18551,L4492
18552,L7763
18553,L7242
18554,L7063
18555,L7536
18556,L7262
18557,L7263
18558,L7261
18559,L7524
18560,L7523
18561,L7522
18562,L7525
18563,L6721
18564,L1530
18565,L4280
18566,BJCA-005TR
18567,BJCA-005CZ
18568,TCSV-014
18569,BJCA-004TR
18570,BJCA-004AZ
18571,BJCA-004CZ
18572,BJCA-001AZ
18573,PTCH-005
18574,PTCH-004
18575,SCH327
18576,SCH326
18577,SCH325
18578,SCH324
18579,SCH328
18580,SCCB01VR
18581,SCCB02VR
18582,SCCB19AO
18583,SCL12VR
18584,SCL15VR
18585,SCMD34B
18586,SCN01VR
18587,SCPR10BCC
18588,SCPR10CH
18589,SCPR10VR
18590,SCPR11BCC
18591,SCPR11CH
18592,SCPR11VR
18593,SCPR57BCC
18594,SCPR57CH
18595,SCPR57VR
18596,SCSB50B
18597,SCSB50BT
18598,SCSB50VR
18599,SCSB51B
18600,SCSB51BT
18601,SCSB51VR
18602,SCSB52B
18603,SCSB52BT
18604,SCSB52VR
18605,SCSR53B
18606,SCSR53CMT
18607,SCSR53VR
18608,SCSR54B
18609,SCSR54CMT
18610,SCSR54VR
18611,SCT24BT
18612,SCT25BT
18613,HH-0014
18614,PB-520242-6
18615,PB-440113-4
18616,FK-42035
18617,FK-40917
18618,25607/180
18619,58017
18620,PM801
18621,PM995
18622,PM961
18623,C493
18624,C352
18625,C416
18626,C211
18627,200004
18628,200012
18629,202038
18630,202151
18631,203063
18632,306039
18633,61636/107
18634,61636/108
18635,19561
18636,AAQBNC02ST
18637,8822130
18638,PA1605905124
18639,PA1605807224
18640,R11899
18641,R11900
18642,R13121
18643,R13122
18644,R13125
18645,R13126
18646,R13119
18647,R12865
18648,R12863
18649,R12861
18650,R28727
18651,R28703
18652,R35502
18653,R17658
18654,R17657
18655,R28701
18656,R28731
18657,R28676
18658,R28550
18659,R27995
18660,R27991
18661,R28762
18662,R28752
18663,R28020
18664,R28021
18665,R28258
18666,R27971
18667,R27973
18668,R61393
18669,R71575
18670,R71577
18671,R71583
18672,R71589
18673,R71576
18674,R71578
18675,R71584
18676,R71590
18677,62416/200
18678,62519/140
18679,TECA7500
18680,SCH330
18681,SCH336
18682,SCH337
18683,SCH337T
18684,5300210102
18685,5300190102
18686,5300200120
18687,5300180120
18688,5300170120
18689,5300160120
18690,5300150120
18691,5300070102
18692,5300050120
18693,5300060120
18694,5300040120
18695,5300030120
18696,5300020120
18697,5300010120
18698,5300140102
18699,5300120102
18700,5300130120
18701,5300110120
18702,5300100120
18703,5300090120
18704,5300080120
18705,5300250120
18706,5300230120
18707,5300240120
18708,5300220120
18709,SCCB01AO
18710,SCCB01BW
18711,SCCB01BCC
18712,SCCB02AO
18713,SCCB02BW
18714,SCCB04AO
18715,SCCB04BW
18716,SCCB04BCC
18717,SCCB04VR
18718,SCCB23AO
18719,SCCB23BW
18720,SCCB23BCC
18721,SCCB23VR
18722,SCCB36AO
18723,SCCB36BW
18724,SCCB36BCC
18725,SCCB36VR
18726,SCCB49AO
18727,SCCB49BW
18728,SCCB49BCC
18729,SCCB49VR
18730,SCCB19BW
18731,SCCB19BCC
18732,SCCB19VR
18733,POL900
18734,POL902
18735,BLM25CK
18736,SCH451
18737,SCH452
18738,RPAEHRS
18739,63985/010
18740,63985/020
18741,63985/030
18742,63985/180
18743,63985/040
18744,63985/050
18745,63985/060
18746,63985/070
18747,63985/080
18748,8877822
18749,8877810
18750,8822830
18751,8822821
18752,8822925
18753,8822921
18754,8854535-3400
18755,8854535-3800
18756,8854535-3600
18757,8822018
18758,8822012
18759,8822850
18760,8872532
18761,8872532-3800
18762,8872532-3400
18763,8872532-3600
18764,8872529
18765,8872529-3600
18766,8872529-3800
18767,8872529-3400
18768,1793725
18769,1793725-3800
18770,1793725-3400
18771,1793725-3600
18772,1793720
18773,1793720-3800
18774,1793720-3400
18775,1793720-3600
18776,CER-1723-G
18777,CER-2258-WG
18778,CER-1150-WG
18779,CER-2431-WG
18780,CER-1209-WG
18781,R29435
18782,R29436
18783,VLR-ML
18784,25099/940
18785,VD1857
18786,VD19236
18787,ASS20343
18788,AC1806
18789,AC19222
18790,SF19257
18791,ASA19223
18792,ASA1782
18793,AC20100
18794,STR10KS
18795,VAO10KS
18796,SCMD35AG
18797,SCMD35CM
18798,SCMD59AG
18799,SCMD59CM
18800,SCMD58AG
18801,SCMD58CM
18802,203894
18803,203085
18804,200646
18805,202904
18806,203235
18807,203234
18808,203123
18809,171901
18810,171918
18811,202901
18812,202905
18813,203909
18814,202917
18815,52708
18816,52705
18817,52862
18818,520205
18819,440253
18820,440263
18821,440282
18822,44668
18823,52684
18824,52674
18825,52664
18826,420855
18827,420194
18828,440346
18829,520125
18830,520242
18831,43813
18832,43953
18833,43853
18834,55332
18835,PA1600703724
18836,PA1600606124
18837,PA1600900324
18838,PA1602703724
18839,PA1602606124
18840,PA1602900324
18841,PA1605923324
18842,PA1607923324
18843,PA1616904424
18844,PA1616900324
18845,PA1616904224
18846,PA1616900124
18847,PA1617904424
18848,PA1617900324
18849,PA1617904224
18850,PA1617900124
18851,PA1618904424
18852,PA1618900324
18853,PA1618904224
18854,PA1618900124
18855,FRYOLGRM19DZ
18856,G002GR
18857,G004GR
18858,G003GR
18859,R28261
18860,R28262
18861,R35501
18862,R35503
18863,R71416
18864,R71423
18865,R71515
18866,L4126
18867,STC803585
18868,STC8031686
18869,20069/022
18870,20069/026
18871,20069/030
18872,20199/937
18873,20268/614
18874,27817/022
18875,202979
18876,212104
18877,202103
18878,212105
18879,152510
18880,203251
18881,204077
18882,203107
18883,200710
18884,203898
18885,204095
18886,204138
18887,204368
18888,203086
18889,STJWGRCBC
18890,STJWGRCAZ
18891,STJWGRCAM
18892,STJWGRCVD
18893,STJWGRCVM
18894,ADCTL20
18895,ADCT10
18896,ADCT08
18897,ADTO1814
18898,CLSGRM01CT
18899,CLSGRM02KT
18900,CLSGRM17DZ
18901,CLSGRM25DZ
18902,SANHYG10KS
18903,SANHYG14KS
18904,SANHYG28CK
18905,SANHYG16DZ
18906,SAGHYG10KS
18907,SAGHYG14KS
18908,SAGHYG16DZ
18909,SAGHYG28CK
18910,SCA39AO
18911,SCA39BCC
18912,SCL12AO
18913,SCL13AO
18914,SCL13BCC
18915,SCL15AO
18916,SCL20AO
18917,SCL20BCC
18918,SCL60BCC
18919,SCMD34AG
18920,SCMD34BCC
18921,SCN01AO
18922,SCN01BCC
18923,SCN04AO
18924,SCSB51AO
18925,25526
18926,25523
18927,21011
18928,25829BR
18929,25839BR
18930,25840BR
18931,25960BR
18932,25841BR
18933,25842BR
18934,A009B
18935,19880
18936,149220
18937,149250
18938,8087-1
18939,8045
18940,BNB1L
18941,BNB5L
18942,SSW111
18943,PP1941917612
18944,PP1941609512
18945,PA1605979224
18946,PA1647979224
18947,PP1941700012
18948,PA1604807224
18949,PA1607807224
18950,PA1604907224
18951,PA1605907224
18952,PA1607907224
18953,PA1604903712
18954,PA1605903712
18955,PA1604912024
18956,PA1605912024
18957,PA1607912024
18958,PA1604912812
18959,PA1605912812
18960,PA1607912812
18961,PA1604905124
18962,PA1607905124
18963,12469/01
18964,H10088
18965,H10585
18966,H10634
18967,H10635
18968,H10636
18969,H10769
18970,H10770
18971,PM729
18972,PM904
18973,PM906
18974,PM907
18975,RM108
18976,RM112
18977,93370
18978,30468
18979,30469
18980,30501
18981,26280
18982,GAS9007
18983,GAS9011
18984,GAS9009
18985,GAS9025
18986,GAT9020
18987,GAT9011
18988,GAT9007
18989,GAR9011
18990,GAR9007
18991,GAR9009
18992,GAH9020
18993,GAH9011
18994,GAH9009
18995,GAN9020
18996,GAN9007
18997,GAN9009
18998,CH2
18999,10278BK
19000,10279BK
19001,350220
19002,350230
19003,R60994
19004,SCL05BCC
19005,SCL05VR
19006,SCL06VR
19007,SCL12BCC
19008,SCL13VR
19009,SCL20BVR
19010,SCL07VR
19011,SCL08BCC
19012,SCL08VR
19013,SCL09BCC
19014,SCL09VR
19015,SCL26BCC
19016,SCL26VR
19017,SCL27BCC
19018,SCL27VR
19019,SCL28BCC
19020,SCL28VR
19021,SCL29BCC
19022,SCL29VR
19023,SCL30BCC
19024,SCL30VR
19025,SCL31BCC
19026,SCL31VR
19027,SCL32BCC
19028,SCL32VR
19029,SCL15BCC
19030,SCN02BCC
19031,SCN02CM
19032,SCN02VR
19033,SCN03VR
19034,SCN04VR
19035,SCN12BCC
19036,SCN12VR
19037,SCN13BCC
19038,SCN13VR
19039,SCN17BCC
19040,SCN17VR
19041,SCN23CM
19042,SCN23VR
19043,SCN55BCC
19044,SCN55VR
19045,SCN56BCC
19046,SCN56VR
19047,SCT02BT
19048,SCT15BTB
19049,SCT26BT
19050,SCTB49BTB
19051,SCT19BTB
19052,SCMD33AG
19053,SCMD33B
19054,SCMD33VR
19055,SCMD58B
19056,SCMD58VR
19057,96580/002
19058,SCMD34VR
19059,SCMD35B
19060,SCMD35VR
19061,SCJB45B
19062,SCJB45CH
19063,SCJB45VR
19064,SCJB46B
19065,SCJB46CH
19066,SCJB46VR
19067,SCJB47B
19068,SCJB47CH
19069,SCJB47VR
19070,SCRAN22BCBG
19071,SCRH22B
19072,SCN03CM
19073,PA1003712812
19074,PA1003711712
19075,PA1003837512
19076,PA1003923212
19077,PA1004712812
19078,PA1004712312
19079,PA1004711712
19080,PA1004837512
19081,PA1004923212
19082,PA1002712812
19083,PA1002837512
19084,PA110F711712
19085,PA1607992812X
19086,PA1607991512
19087,PA1604992812X
19088,PA1604992012
19089,PA1604991512
19090,PA1944992812X
19091,PA1944991512
19092,PA1944993112
19093,PA1101992812X
19094,PA1941992012
19095,PA1941991512
19096,PA1941993112
19097,13012/450
19098,SCH321
19099,SCH323
19100,SCH331
19101,SCH332
19102,SCH334
19103,SCH335
19104,30504
19105,203181
19106,COZ00308NAT
19107,COZ00367NAT
19108,COZ00369NAT
19109,COZ00393NAT
19110,COZ00440NAT
19111,COZ01236NAT
19112,COZ01237NAT
19113,COZ01238NAT
19114,COZ01239NAT
19115,COZ01598NAT
19116,COZ02144NAT
19117,COZ02145NAT
19118,COZ02146NAT
19119,COZ02265VRD
19120,COZ02266VRD
19121,COZ02267VRD
19122,COZ02268VRD
19123,COZ02269VRD
19124,COZ02270VRD
19125,COZ02271VRD
19126,COZ02272VRD
19127,COZ02273VRD
19128,COZ02274VRD
19129,COZ02275VRD
19130,COZ00689PRT
19131,COZ00468LRJ
19132,COZ00469LRJ
19133,COZ00470LRJ
19134,COZ00474LRJ
19135,COZ00475LRJ
19136,COZ00477LRJ
19137,COZ00478LRJ
19138,COZ00480LRJ
19139,COZ00502VER
19140,COZ00693AZL
19141,COZ00695AZL
19142,COZ01192LRJ
19143,COZ01473VRE
19144,LAV01850CZC
19145,COZ00696MLT
19146,COZ00506LRJ
19147,COZ00507LRJ
19148,COZ00676NAT
19149,MES01306NAT
19150,COZ00503LRJ
19151,MES01307NAT
19152,MES01300NAT
19153,MES01309NAT
19154,MES01310NAT
19155,MES01311NAT
19156,MES01313NAT
19157,MES01314NAT
19158,MES01706NAT
19159,MES01841NAT
19160,MES01847NAT
19161,204322
19162,203220
19163,203216
19164,202112
19165,203183
19166,62517/241
19167,E7715
19168,E6992
19169,E6993
19170,E7006
19171,E7007
19172,E7747
19173,E7754
19174,E7761
19175,B56313/100
19176,B56313/102
19177,B56313/103
19178,B56313/104
19179,B56313/105
19180,B2600/841
19181,B57716/005
19182,202853
19183,202851
19184,202852
19185,202102
19186,202099
19187,204080
19188,204328
19189,75368
19190,5526-10BR
19191,B56413/100
19192,B56413/101
19193,B56413/102
19194,67130
19195,67145
19196,73145
19197,88145
19198,B7090/193
19199,B7096/193
19200,B4930/101
19201,B4930/102
19202,62676/220
19203,PA300-C20PR
19204,27821
19205,B4779/131
19206,B4779/132
19207,B4779/133
19208,B4779/334
19209,B7200/163
19210,B7200/352
19211,B7200/354
19212,B7200/357
19213,B7200/358
19214,B7200/359
19215,B7200/360
19216,B7200/364
19217,B7200/365
19218,88322
19219,49024
19220,49028
19221,49118
19222,49130
19223,49222
19224,49224
19225,49230
19226,49330
19227,88422
19228,88426
19229,B4809/100
19230,53210
19231,54320
19232,58128
19233,77028
19234,77128
19235,77728
19236,172124
19237,ASA20085
19238,B1581/704
19239,B2162/316
19240,B2162/320
19241,B2162/324
19242,ABC1540
19243,LGMIXI
19244,200080
19245,1201
19246,1216
19247,1318
19248,1690
19249,97113
19250,99047
19251,LGPCP4
19252,LGPCP6
19253,LGPEN
19254,ASA19031
19255,R29437
19256,257901
19257,960014
19258,960105
19259,B57602/009
19260,B57601/001
19261,B57605/005
19262,B57604/001
19263,B57605/006
19264,B57605/007
19265,B57605/008
19266,B57605/009
19267,B57701/003
19268,B57701/004
19269,B57701/001
19270,B57701/002
19271,B57702/005
19272,00110MR
19273,00110BG
19274,00110VD
19275,00110TQ
19276,00112MR
19277,00112AC
19278,00112VD
19279,00112TQ
19280,00114MR
19281,00114BG
19282,00114TQ
19283,00412MR
19284,00412AC
19285,00412TQ
19286,00416MR
19287,00416AC
19288,00416VD
19289,00416TQ
19290,KE003OHPIA
19291,KQ475OHPIA
19292,KO001OHPIA
19293,KL036OHPIA
19294,00618MR
19295,00618BG
19296,00618VD
19297,00618TQ
19298,00624MR
19299,00624BG
19300,00624TQ
19301,01010MR
19302,01010BG
19303,01010TQ
19304,01012MR
19305,01012AC
19306,01012VD
19307,01012TQ
19308,01014MR
19309,01014AC
19310,01014VD
19311,01014TQ
19312,01016MR
19313,01016BG
19314,01016VD
19315,01016TQ
19316,01018MR
19317,01018AC
19318,01018VD
19319,01018TQ
19320,01024MR
19321,01024BG
19322,01024TQ
19323,46036
19324,45334
19325,365748
19326,365749
19327,365751
19328,122139
19329,122138
19330,122143
19331,122146
19332,122142
19333,122147
19334,122137
19335,122150
19336,122129
19337,122128
19338,470190
19339,PG160
19340,KQ909G
19341,KO112OHPIA
19342,KE030OHPIA
19343,KOG8IGSSOHOBA
19344,415520
19345,419322
19346,B11000/0126
19347,540627
19348,143121
19349,204341
19350,203986
19351,5300540239
19352,5300550239
19353,5300560239
19354,5300570208
19355,5300580208
19356,5300590208
19357,5300600208
19358,5300610208
19359,5300620208
19360,5300920227
19361,5300930227
19362,5300950227
19363,5300940227
19364,5300960227
19365,5300970227
19366,5300990209
19367,5301000222
19368,5301010209
19369,5301160230
19370,5301170208
19371,5301190210
19372,5301200210
19373,5301210208
19374,5301270321
19375,5301290340
19376,5301400435
19377,5301410435
19378,5301420435
19379,5301430434
19380,5301440434
19381,5301750444
19382,5301760444
19383,5301530434
19384,5301540434
19385,5301560434
19386,5301570434
19387,5301710523
19388,5301700524
19389,5301690524
19390,5301650437
19391,5301580420
19392,5301590420
19393,5601-314BR
19394,5515-06BR
19395,5531-06BR
19396,5531-08BR
19397,5531-09BR
19398,5510-08BR
19399,5510-10BR
19400,5510-12BR
19401,5550-06BR
19402,5627-08EBR
19403,5540-12BR
19404,5627-12BR
19405,7830-314
19406,7820-12
19407,7820-10
19408,7820-08
19409,7831-08
19410,7831-06
19411,7815-06
19412,7850-07
19413,7840-08
19414,789
19415,30579
19416,1964220-07226
19417,1964220-07227
19418,1964220-07228
19419,7264220-07231
19420,UB130
19421,UT70-003
19422,UTP95
19423,TER-15
19424,4342
19425,UT62-10
19426,GAC05-10
19427,MO30-15
19428,MO30-25
19429,PA50-011
19430,PA50-020
19431,PA50-030
19432,PA50-031
19433,SLC130-12VM
19434,SLC175VM
19435,SLC210-30VM
19436,SLC95VM
19437,UT101-001
19438,UT101-002
19439,UT101-004
19440,UT101-005
19441,UT70-006
19442,KE060OHPIA
19443,KE002OHPIA
19444,KO6IVSSOHOBA
19445,KO8IRSSOHOBA
19446,KO35ASSOHOBA
19447,KO35DSSOHOBA
19448,KO8IGSSOHOBA
19449,KE950OSPIA
19450,KE950OSBAA
19451,KO122OHSSA
19452,KES199OSERW
19453,AFF10
19454,SLC10VM
19455,SLC15VM
19456,SLC20VM
19457,20324
19458,20326
19459,28120
19460,28124
19461,55130
19462,61310/341
19463,61310/391
19464,61310/431
19465,61310/481
19466,12202
19467,FG409600BLA
19468,10614G
19469,11020CR
19470,11020GCR
19471,4000-001
19472,4000-002
19473,4000-003
19474,4000-004
19475,4000-005
19476,4000-006
19477,4000-007
19478,4000-008
19479,L3869
19480,L3870
19481,L4332
19482,B10156/0007
19483,B10156/0008
19484,B10157/0007
19485,B10157/0008
19486,B10159/0007
19487,B10159/0008
19488,B10160/0007
19489,B10160/0008
19490,B10161/0007
19491,B10161/0008
19492,B10162/0007
19493,B10162/0008
19494,B10163/0007
19495,B10163/0008
19496,B10164/0008
19497,B10165/0007
19498,B10165/0008
19499,B10167/0007
19500,B10167/0008
19501,B10168/0008
19502,PPE01
19503,B10502/0008
19504,PPE02
19505,PPE03
19506,B10563/0008
19507,B10563/0126
19508,B10571/0008
19509,243PT
19510,B10707/0126
19511,B11000/0008
19512,204330
19513,204323
19514,204327
19515,203218
19516,204112
19517,204113
19518,204114
19519,204115
19520,204109
19521,204110
19522,204108
19523,204105
19524,204107
19525,204111
19526,204117
19527,204118
19528,203116
19529,63384
19530,63386
19531,63388
19532,63383
19533,S400PT
19534,GOIEAT28DZ
19535,GOIEAT20DZ
19536,GOIEAT12KS
19537,GOIEAT11KS
19538,GOIEAT8KS
19539,GOIEAT12KSK
19540,108010253
19541,AC20293
19542,AMD1721
19543,AN2055
19544,16522121S
19545,AN804
19546,AN804X
19547,AN807
19548,AN808
19549,AN902BZ
19550,AN908BZ
19551,SN13276
19552,SN19077
19553,SN19172
19554,SN19173
19555,SP20005
19556,SP20016
19557,SP20017
19558,SP20207
19559,732282
19560,736545
19561,732282A
19562,735172A
19563,735259A
19564,736545A
19565,732282B
19566,736545B
19567,9251276A
19568,9251376A
19569,9251371A
19570,9256959A
19571,9255220A
19572,9255209A
19573,9251271B
19574,9251376B
19575,L1659
19576,L376
19577,L377
19578,L392
19579,L393
19580,L54
19581,L63
19582,61413/407
19583,CL50902
19584,3101-040
19585,299PAM
19586,299MVM
19587,MB10R
19588,245PT
19589,25383
19590,25667
19591,R35444
19592,PA65000
19593,810
19594,11700
19595,11701
19596,11702
19597,30410
19598,30412
19599,30414
19600,30415
19601,36100
19602,40187
19603,40262
19604,40270
19605,40290
19606,40618
19607,40643
19608,40681
19609,40685
19610,40686
19611,40692
19612,50640
19613,83862
19614,83864
19615,84080
19616,84082
19617,84083
19618,84085
19619,84205
19620,84206
19621,84207
19622,84209
19623,84490
19624,84491
19625,84492
19626,84494
19627,84512
19628,84515
19629,84517
19630,84555
19631,84556
19632,84613
19633,84614
19634,84800
19635,84801
19636,84807
19637,84818
19638,84920
19639,84921
19640,84922
19641,84925
19642,84927
19643,84928
19644,84930
19645,84933
19646,84943
19647,84952
19648,84954
19649,84958
19650,84959
19651,HS391208L
19652,85021
19653,HS393128L
19654,HS394208L
19655,85024
19656,85025
19657,85028
19658,85029
19659,85030
19660,HS403126L
19661,HS403159L
19662,85033
19663,85034
19664,85060
19665,85061
19666,85062
19667,85064
19668,85065
19669,85066
19670,85067
19671,85071
19672,85083
19673,85111
19674,85112
19675,85115
19676,85124
19677,85127
19678,85132
19679,85135
19680,897
19681,GX5345
19682,GX5429
19683,B57725/114
19684,B57725/113
19685,B57725/116
19686,B57725/117
19687,PA1003712312
19688,PA1003903712
19689,PA1003983612
19690,PA1003923312
19691,PA1003930012
19692,PA1002712312
19693,PA1002711712
19694,PA1002903712
19695,PA1002983612
19696,PA1002923312
19697,PA1002923212
19698,PA1002930012
19699,PA1004903712
19700,PA1004983612
19701,PA1004923312
19702,PA1004930012
19703,PA1101992812
19704,PA1101992012
19705,PA1101993112
19706,PA1604992812
19707,PA1604993112
19708,PA1607992812
19709,PA1607992012
19710,PA1607993112
19711,PA1944992812
19712,PA1944992012
19713,PA1941992812
19714,PP1944807324
19715,CI-038
19716,7765227-8600
19717,7765227-8500
19718,7665228-8400
19719,7665228-8300
19720,8822130-3600
19721,8822180-3600
19722,8822240-3600
19723,8822850-3600
19724,8822012-3600
19725,8822018-3600
19726,8822130-3800
19727,8822180-3800
19728,8822240-3800
19729,8822850-3800
19730,8822012-3800
19731,8822018-3800
19732,8822130-3400
19733,8822180-3400
19734,8822240-3400
19735,8822850-3400
19736,8822012-3400
19737,8822018-3400
19738,8877810-3600
19739,8877810-3400
19740,8877810-3700
19741,8877810-3500
19742,175027100
19743,175019100
19744,108236
19745,108238
19746,113019
19747,109465
19748,160427
19749,230291
19750,230290
19751,230292
19752,230289
19753,230293
19754,5483016040
19755,5483026040
19756,5483046040
19757,5483056040
19758,5481066049
19759,5483076040
19760,5483096040
19761,5480046040
19762,5480056040
19763,5480066049
19764,5480096040
19765,B2084/300
19766,B2084/301
19767,4000-040
19768,17121
19769,17123
19770,17351
19771,15573
19772,15651
19773,15653
19774,15754
19775,12201
19776,13102
19777,13201
19778,13202
19779,12102
19780,14101
19781,14103
19782,14102
19783,18201
19784,B5100/401
19785,B5100/402
19786,B5100/403
19787,B5100/404
19788,B5100/405
19789,B5100/406
19790,B5100/407
19791,B5100/408
19792,B5100/418
19793,86659
19794,86657
19795,GX5628
19796,GX5690
19797,V1644
19798,LI-02/220
19799,LQI-02
19800,LQI-04
19801,LQI-06
19802,LQI-08
19803,CPFP
19804,CMFP
19805,AMM
19806,ESCV-I
19807,ESM-I
19808,CI-CXPM
19809,5075VK0
19810,0000A510V
19811,1046
19812,420
19813,WS30T
19814,125001MUE
19815,122137D
19816,122129D
19817,122146D
19818,122139D
19819,122150D
19820,122145D
19821,365756D
19822,419322D
19823,365751D
19824,122128D
19825,122142D
19826,125001MSA
19827,125081MSA
19828,125071MSB
19829,21323
19830,21322
19831,21326
19832,46401
19833,L7532
19834,5300480207
19835,5300490207
19836,5300500207
19837,5300510207
19838,5300520207
19839,5300530207
19840,5300740228
19841,5300750207
19842,5301630437
19843,5301640437
19844,5300910239
19845,5301180208
19846,5301390435
19847,5301510435
19848,5301520435
19849,5301660435
19850,5301670435
19851,LTSMOV25OV
19852,LPNMOV26DT
19853,CLFMOV35DT
19854,CLFGRM34OKY
19855,ALHMOV10KS
19856,CLFMOV10KS
19857,LTSGRM15CK
19858,GRAOPT20SH
19859,01014CR
19860,01020CR
19861,01024CR
19862,01028CR
19863,11014GCR
19864,11024GCR
19865,11028GCR
19866,11014CR
19867,11024CR
19868,11028CR
19869,122149
19870,310107N
19871,B1580/703
19872,B1580/704
19873,B56113/101
19874,5300650220
19875,5300660220
19876,5300670220
19877,5300680220
19878,5300690220
19879,5300700220
19880,5300710220
19881,5300720220
19882,5300730220
19883,5301220310
19884,5301230310
19885,5301240334
19886,5301250334
19887,5301260334
19888,5301310304
19889,5301320304
19890,5301330304
19891,5301340304
19892,5301350304
19893,5301360421
19894,5301370435
19895,5301380435
19896,5301450441
19897,5301460441
19898,5301610420
19899,5301620444
19900,5301720633
19901,5301730633
19902,5301740633
19903,PA1607903712
19904,PA1604923324
19905,103221
19906,103222
19907,103223
19908,103268
19909,103225
19910,103227
19911,103272
19912,103267
19913,103273
19914,77072
19915,77083
19916,77094
19917,88361
19918,77105
19919,77116
19920,88377
19921,88357
19922,92409
19923,92410
19924,92411
19925,95454
19926,92412
19927,92413
19928,95458
19929,95459
19930,95453
19931,103201
19932,103206
19933,103247
19934,76671
19935,76689
19936,87341
19937,203345
19938,203339
19939,203343
19940,203341
19941,203132
19942,203129
19943,203131
19944,203130
19945,230925
19946,230943
19947,230958
19948,230959
19949,230970
19950,230971
19951,236555
19952,236556
19953,237399
19954,237400
19955,237402
19956,237403
19957,109466
19958,112695
19959,231496
19960,227846
19961,230919
19962,230923
19963,230937
19964,230949
19965,230966
19966,234949
19967,234950
19968,236553
19969,D25009
19970,204056
19971,SCH147
19972,SCH148
19973,1718
19974,204037
19975,R60724
19976,735178A
19977,735185A
19978,732296A
19979,732273B
19980,732296B
19981,17705
19982,18511
19983,204057
19984,R11962
19985,R11963
19986,R13217
19987,R35639
19988,140P
19989,SCHTB3020L
19990,5300630209
19991,5300640209
19992,IRSWHBLM25CK
19993,IRSWHGRM04CT
19994,IRSWHGRM17DZ
19995,IRSWHGRM19OKY
19996,IRSWHGRM24OKY
19997,IRSWHGRM29OKY
19998,IRSWHMOV10KS
19999,IRSWHMOV25OV
20000,IRSWHMOV26DT
20001,IRSWHMOV31OV
20002,L7840
20003,YU019
20004,69034/012
20005,SCL28BC
20006,SCL28BW
20007,SCL28CM
20008,SCL27BC
20009,SCL27BW
20010,SCL27CM
20011,SCL26BC
20012,SCL26BW
20013,SCL26AO
20014,SCN23BC
20015,SCN23AO
20016,SCN23B
20017,SCL60BC
20018,SCL60BW
20019,SCL60VR
20020,SCL05BC
20021,SCL05BW
20022,SCL05AO
20023,SCL06AO
20024,SCL06BW
20025,SCL07AO
20026,SCL61BC
20027,SCL61AO
20028,SCL61BW
20029,SCL62AO
20030,SCL62BW
20031,SCL62BC
20032,SCL62VR
20033,SCL31CM
20034,SCL31BW
20035,SCL31BC
20036,SCL31AO
20037,SCL32AO
20038,SCL32BW
20039,SCL32BC
20040,SCL30BC
20041,SCL30BW
20042,SCL30AO
20043,SCL29AO
20044,SCL29BC
20045,SCL29BW
20046,SCL63B
20047,SCL09BW
20048,SCL09BC
20049,SCL08BC
20050,SCL08CM
20051,SCL08BW
20052,SCL20CM
20053,SCL20BC
20054,SCL15BW
20055,SCL12BW
20056,SCL13BC
20057,SCN03BC
20058,SCN02B
20059,SCN02AO
20060,SCN04B
20061,SCN04BW
20062,SCN04BC
20063,SCN01BC
20064,SCN17BC
20065,SCN17AO
20066,SCN56CM
20067,SCN12BC
20068,SCN12BW
20069,SCN12AO
20070,SCN13CM
20071,SCCB23BC
20072,SCCB23CM
20073,SCCB04BC
20074,SCCB04CM
20075,SCCB01BC
20076,SCCB02CM
20077,SCCB64VR
20078,SCCB64CM
20079,SCCB64BW
20080,SCCB64BC
20081,SCCB64AO
20082,SCCB65VR
20083,SCCB65AO
20084,SCCB65BCC
20085,SCCB65BW
20086,SCCB66AO
20087,SCCB66VR
20088,SCCB66CM
20089,SCCB66BW
20090,SCCB67CM
20091,SCCB67VR
20092,SCCB67AO
20093,SCCB67B
20094,SCCB67BW
20095,SCCB67BCC
20096,SCCB19BC
20097,SCCB49CM
20098,SCSR54BC
20099,SCSR54BW
20100,SCSR54AO
20101,SCSR53BC
20102,SCSR53BW
20103,SCSR53AO
20104,SCSB52BWT
20105,SCSB52CM
20106,SCSB51BWT
20107,SCSB51CM
20108,SCSB50BWT
20109,SCSB50CM
20110,SCSB50AO
20111,SCA01BCC
20112,SCA04BCC
20113,SCA13BC
20114,SCA13AO
20115,SCA16BC
20116,SCA16BW
20117,SCA16AO
20118,SCA20BC
20119,SCA20AO
20120,SCA19BC
20121,SCA19AO
20122,SCT14T
20123,SCCB68AO
20124,SCCB68VR
20125,SCCB68CM
20126,SCCB68BW
20127,SCCB68BC
20128,SCCB68BCC
20129,SCA41BW
20130,SCA41BCC
20131,SCA40BT
20132,SCA40BW
20133,SCA40BCC
20134,SCA43BCC
20135,SCA43BW
20136,SCJB45CM
20137,SC69AO
20138,SC69BC
20139,203993
20140,203992
20141,203991
20142,203117
20143,204022
20144,204021
20145,203211
20146,203344
20147,203338
20148,203342
20149,203340
20150,LAC002110
20151,NFJ251
20152,NFJ255
20153,93193
20154,15534
20155,15602
20156,15606
20157,15607
20158,15608
20159,15610
20160,15611
20161,36027
20162,83447
20163,83894
20164,83896
20165,84053
20166,84241
20167,84242
20168,84770
20169,84773
20170,84851
20171,84855
20172,84894
20173,84895
20174,85006
20175,85008
20176,94149
20177,94156
20178,94158
20179,94159
20180,125613
20181,125612
20182,389122
20183,389119
20184,335150
20185,335160
20186,388910
20187,388820
20188,149220MRG121421
20189,149220MRG121422
20190,141360MRG121421
20191,141360MRG121422
20192,141370MRG121421
20193,141370MRG121422
20194,123200
20195,123201
20196,123202
20197,123203
20198,122109
20199,122107
20200,340650
20201,340740
20202,371290
20203,340730
20204,A11202
20205,A10876
20206,A10931
20207,A10955
20208,A11970
20209,A12511
20210,A12513
20211,A12514
20212,A11089
20213,A11603
20214,191865
20215,191866
20216,389130
20217,388540
20218,390850
20219,BNC05DYM
20220,BNC10JO
20221,BNC6JO
20222,BNC8JO
20223,CRL13JO
20224,CRL26DZ
20225,CRL28DZ
20226,CRL30CK
20227,E100BNC01ESPT
20228,E100GRM01CT
20229,E100GRM17KKT
20230,E100MOV34KR
20231,IRSGRM16KS
20232,IRSGRM17DZ
20233,IRSGRM19KKT
20234,IRSGRM25DZ
20235,IRSMOV10KS
20236,IRSMOV26DT
20237,IRSMOV35DT
20238,IRSWHGRM15OKY
20239,IRSWHGRM30DZ
20240,STR27KS
20241,MOS31KS
20242,1793078-3500
20243,1793078-3800
20244,1793078-3400
20245,IRSWHGRM27DZ
20246,IRSWHGRM25DZ
20247,IRSWHGRM21DZ
20248,IRSWHGRM19DZ
20249,IRSWHGRM02KT
20250,IRSWHGRM24CK
20251,IRSWHBNC28CK
20252,ISD0006
20253,1223016540
20254,1223046540
20255,B10838/0126
20256,B10158/0008
20257,B10502/0126
20258,B17000/1334
20259,B17001/0126
20260,SN916
20261,AJ20137
20262,9030584662
20263,35912
20264,4930
20265,5501156040
20266,L4895
20267,L4898
20268,L4287
20269,PM3220BM
20270,PM3220BMA
20271,PG3220BM
20272,PG3220BMA
20273,EXTMEF500
20274,GRM25DZ
20275,ABC7269
20277,PA1617711724
20278,PA1616711724
20279,PA1618711724
20280,SP20015
20281,SCMD59VR
20282,SCMD59B
20283,K601
20284,GX5427
20285,SCH400
20286,CER-2629
20287,WB-019
20288,CER-2431
20289,CER-2258
20290,CER-2620
20291,CER-2145-G
20292,POL901
20293,34402
20294,54115
20295,54143
20296,83886
20297,83869
20298,B5118145
20299,KEA30CVPNA
20300,B8921003P
20301,B8921003Q
20302,ABC17077
20303,31065
20304,150032
20305,25065
20306,25067
20307,BBS2
20308,J28
20309,9
20310,V834
20311,LQI25/220
20312,SL6040
20313,76126724
20314,76126728
20315,76127228
20316,76127424
20317,76127428
20318,76127520
20319,76127928
20320,76125224
20321,76125728
20322,96580/001
20323,96011/504
20324,96011/510
20325,SCA70CORES
20326,SCA18B
20327,SCJB45BW
20328,00614MR
20329,SCSR53CM
20330,SCSR54CM
20331,SCMD34CM
20332,5500726042
20333,COZ00456TPR
20334,COZ00458TPR
20335,COZ00462TPR
20336,COZ00471LRJ
20337,COZ00473LRJ
20338,COZ00505VER
20339,COZ00563TPR
20340,COZ01196VER
20341,COZ01240TPR
20342,COZ01472TPR
20343,COZ01474PRT
20344,COZ01475SOR
20345,COZ02464NAT
20346,COZ02466NAT
20347,COZ02483NAT
20348,COZ02485NAT
20349,COZ02496NAT
20350,COZ02562AMR
20351,COZ03118NAT
20352,LAV02140CNZ
20353,LAV02142NAT
20354,MES01315NAT
20355,MES01702NAT
20356,MES01704NAT
20357,MES02451NAT
20358,MES02488NAT
20359,MES02502NAT
20360,MES02503NAT
20361,MES02505NAT
20362,MES02713NAT
20363,ORG02277PRT
20364,ORG02278PRT
20365,CI-CXPP
20366,6302611
20367,SMTVGABLM25CK
20368,SMTVGABNC28CK
20369,SMTVGAGRM19DZ
20370,SMTVGAGRM27DZ
20371,SMTVGAGRM30DZ
20372,SMTVGAVAO29DZ
20373,SCN03B
20374,SCN03AO
20375,SCN17BW
20376,SCCB67BC
20377,SCCB65BC
20378,SCCB01CM
20379,SCCB65CM
20380,SCJB45AO
20381,SCL06BC
20382,SCL07BC
20383,SCL07BW
20384,SCL09CM
20385,SCL61VR
20386,SCL63AO
20387,SCL63BCC
20388,SCSB52BW
20389,SCSB51BW
20390,SCSB50BW
20391,SCSB52AO
20392,SCA76AO
20393,SCA25BW
20394,SCN01BW
20395,SCL26B
20396,46316
20397,29142BB
20398,00614VDTQ
20399,00614AC
20400,00614VDMU
20401,202260
20402,202886
20403,202887
20404,203062
20405,203071
20406,203370
20407,203893
20408,203895
20409,203897
20410,204094
20411,204325
20412,947276
20413,202158
20414,202159
20415,202160
20416,202161
20417,203124
20418,203125
20419,946101
20420,946118
20421,151285
20422,204733
20423,204735
20424,204736
20425,204621
20426,204719
20427,204720
20428,204721
20429,204722
20430,204723
20431,204724
20432,204725
20433,204774
20434,204689
20435,SCJ71BCC
20436,SCJ72BCC
20437,SCJ73BCC
20438,SCJ74BCC
20439,SCJ75BCC
20440,NFJ400
20441,B3041/202
20442,SCA77VR
20443,SCA77CM
20444,SCA77BW
20445,SCA78VR
20446,SCA76VR
20447,SCA76BW
20448,SCA76BC
20449,SC79AO
20450,SC79VR
20451,62075
20452,62087
20453,62086
20454,32030
20455,32054
20456,32055
20457,52029
20458,52028
20459,12029
20460,32058
20461,230964
20462,230963
20463,230974
20464,230976
20465,236547
20466,236546
20467,236552
20468,237206
20469,236554
20470,236557
20471,236559
20472,234451
20473,230902
20474,230901
20475,61731/350
20476,61744/300
20477,61655/000
20478,66985/160
20479,63985/100
20480,61119/100
20481,61119/110
20482,61101/050
20483,61648/440
20484,69009/012
20485,20999/100
20486,SCJ80BCC
20487,SMTVGAGRM32PZ
20488,SMTVGAGRM17DZ
20489,SMTVGAVAO26CK
20490,SMTVGABLM23CK
20491,SMTVGAGRM20CK
20492,SMTVGAGRM15OKY
20493,SMTVGAGRM19OKY
20494,SMTVGAGRM16KS
20495,P1069
20496,P1070
20497,P1072
20498,P1074
20499,P1125
20500,P1130
20501,P1135
20502,P1161
20503,P1162
20504,P1163
20505,P1168
20506,P1242
20507,P1247
20508,P1250
20509,P1253
20510,P1370
20511,P1371
20512,P1372
20513,P1639
20514,P1640
20515,P1643
20516,P1661
20517,P1748
20518,P1750
20519,P1751
20520,P1752
20521,P1753
20522,P1754
20523,P1756
20524,P1757
20525,P875CR
20526,P880
20527,P881
20528,P882
20529,P899
20530,P900
20531,P901
20532,P902
20533,418920D
20534,SCH338
20535,69044/012
20536,61637/106
20537,25416
20538,25422
20539,25428
20540,25431
20541,25434
20542,25437
20543,26902
20544,27963
20545,27989
20546,TRT96600/001
20547,TRT96600/002
20548,TRT96600/006
20549,TRT96600/008
20550,TRT96600/010
20551,TRT96600/101
20552,TRT96600/106
20553,TRT96600/108
20554,TRT96600/110
20555,96600/121
20556,96600/123
20557,96600/125
20558,96600/126
20559,96600/131
20560,96600/133
20561,96600/135
20562,96600/136
20563,TRT96600/201
20564,TRT96600/206
20565,TRT96600/208
20566,TRT96600/210
20567,TRT96600/304
20568,TRT96600/306
20569,TRT96600/310
20570,96600/001
20571,96600/002
20572,96600/006
20573,96900/009
20574,96600/010
20575,96600/151
20576,96600/156
20577,96600/108
20578,96600/160
20579,96600/221
20580,96600/206
20581,96600/210
20582,96601/204
20583,96601/206
20584,96601/210
20585,96980/000
20586,96980/001
20587,96980/002
20588,96980/003
20589,96980/004
20590,96980/005
20591,96980/009
20592,96980/010
20593,96980/011
20594,96980/012
20595,1253046040U
20596,96600/208
20597,R28841
20598,R5324
20599,AC22
20600,YK14645
20601,YK1509
20602,AR20098
20603,10108PF
20604,10112PF
20605,10128PF
20606,10408PF
20607,10412PF
20608,10428PF
20609,11008PF
20610,11010PF
20611,11012PF
20612,11014PF
20613,11020PF
20614,11024PF
20615,10624PF
20616,11424PF
20617,10922PF
20618,SCA37AO
20619,SCA38AO
20620,2663315-G
20621,2791712-55118
20622,204697
20623,204436
20624,204437
20625,204438
20626,204435
20627,11052
20628,BUGN2.3
20629,BUGN1.3
20630,LGC18
20631,96900/043
20632,96900/044
20633,96900/046
20634,96900/045
20635,96900/034
20636,96900/035
20637,96900/028
20638,96900/036
20639,CLSBLBNC28CK
20640,1253026040U
20641,1253036049U
20642,1253786049U
20643,1253056040U
20644,1253066049U
20645,1253076040U
20646,1253096040U
20647,1253666049U
20648,13894600
20649,L1359
20650,L1360
20651,L1377
20652,L1559
20653,L1398
20654,L1399
20655,L1417
20656,CER-2257-WG
20657,CER-1719-WG
20658,83565
20659,84137
20660,84270
20661,STJWSEDO-P
20662,P1071
20663,P1128
20664,P1167
20665,P1169
20666,P1668
20667,P1749
20668,P813
20669,P814
20670,1717PL
20671,654B
20672,CI-CXM
20673,AK005902
20674,AK005908
20675,EP0008
20676,FR0001
20677,FR0004
20678,FR0010
20679,FR0033
20680,FR0043
20681,FR0044
20682,SCA40BC
20683,SCA44BC
20684,6302616
20685,6302612
20686,6302613
20687,6302615
20688,NFJ305
20689,NFJ306
20690,G5068
20691,PGRK3220
20692,PGRK3220A
20693,1006054
20694,150295
20695,202878
20696,202879
20697,202880
20698,203173
20699,203175
20700,203177
20701,204580
20702,204579
20703,B0717011
20704,PR59314151
20705,ATS1043
20706,ATS1044
20707,336100
20708,540636
20709,G5066
20710,74005
20711,62235
20712,62239
20713,12068
20714,62077
20715,12067
20716,62240
20717,12064
20718,32002
20719,62076
20720,12066
20721,12065
20722,62072
20723,10538
20724,11424
20725,10011
20726,10187
20727,9682
20728,9421
20729,9420
20730,3941
20731,68554
20732,68550
20733,68546
20734,68581
20735,68570
20736,68566
20737,68591
20738,10131213
20739,10131212
20740,10131211
20741,10131208
20742,10131210
20743,10131207
20744,10131216
20745,10131215
20746,10131214
20747,10131209
20748,10131217
20749,10131218
20750,10161213
20751,10161212
20752,10161211
20753,10161210
20754,10161216
20755,10161215
20756,10161214
20757,10161217
20758,10161218
20759,10832613
20760,10832612
20761,10832611
20762,10831550
20763,10832616
20764,10832615
20765,10832614
20766,10832617
20767,10832618
20768,9384337
20769,ISD0008
20770,ISD0012
20771,B503
20772,21185/095
20773,ULP2000
20774,96880/000
20775,96880/001
20776,96880/002
20777,96880/003
20778,96880/004
20779,96880/005
20780,10831613
20781,10831612
20782,10831611
20783,10831616
20784,10831615
20785,10831614
20786,10831617
20787,10831618
20788,OBAT911-220
20789,68597
20790,14458TAM
20791,96011/506
20792,96010/204
20793,96010/210
20794,96010/206
20795,204577
20796,204657
20797,204667
20798,204668
20799,AP1240
20800,YK19226
20801,2997
20802,R28833
20803,R28857
20804,R28865
20805,R28866
20806,1708-8609
20807,71901/167
20808,71901/156
20809,71901/168
20810,71901/172
20811,71901/169
20812,71901/112
20813,B57601/002
20814,QLEDNGRM27CK
20815,IRSDNBNC30DZ
20816,AG9396
20817,AG11230
20818,AG9576
20819,AG784
20820,AG9422
20821,AG5956
20822,AG5958
20823,AG4654
20824,AG8384
20825,PA1605526412
20826,195230
20827,2218750
20828,30214
20829,304675
20830,304610510
20831,30471059
20832,30518585H
20833,221718
20834,LGC840
20835,2017750
20836,C005
20837,22284024HH
20838,C004
20839,329223CS
20840,329234S
20841,17447
20842,17245
20843,820840
20844,5323302
20845,434918
20846,438024
20847,437924
20848,436834
20849,20864
20850,16331110M
20851,303999
20852,3040131355
20853,206518
20854,436222H
20855,436232H
20856,436318H
20857,2961
20858,304714125
20859,20777
20860,1555-007
20861,1555-008
20862,ST30663-SN
20863,ECO550FSDEC
20864,10114GVD
20865,10114GAZ
20866,100131010
20867,100131020
20868,100131800
20869,100131090
20870,100131120
20871,5609016040
20872,5609026040
20873,5609036049
20874,5609076040
20875,5609646040
20876,100481010
20877,100481020
20878,100481800
20879,100481100
20880,100481750
20881,100501010
20882,100501020
20883,100501800
20884,100501100
20885,100501750
20886,5606016040
20887,5606026040
20888,5606036049
20889,5606076040
20890,5606756040
20891,100451010
20892,100451020
20893,100451800
20894,100451100
20895,100451120
20896,5900329190
20897,5900329191
20898,5900329196
20899,5900329192
20900,5900329194
20901,5604016540
20902,5604026540
20903,5604036049
20904,5604076540
20905,5604646540
20906,MES02968NAT
20907,MES02973NAT
20908,MES02458NAT
20909,MES01845NAT
20910,MES01701NAT
20911,MES01308NAT
20912,MES02970NAT
20913,COZ00509PRT
20914,COZ00495VER
20915,COZ00495PRT
20916,COZ00495LRJ
20917,COZ00495AZL
20918,GRM34OKY
20919,GRM29OKY
20920,MOV34KR
20921,MOV28KR
20922,MOV41DT
20923,MOV35DT
20924,MOV26DT
20925,11014GCRVD
20926,11014GCRAZ
20927,ATM1772
20928,BM19139
20929,ASA19211
20930,AJ19203
20931,AF20245
20932,AJ20248
20933,AJ20249
20934,ASA1747X
20935,SN20393
20936,SN20397
20937,BM20400
20938,ALX22098
20939,AF22235
20940,HH0013
20941,MS32011
20942,FK41887
20943,MS49601
20944,PB18315DI001
20945,PB59049
20946,STJWSEDOW
20947,10128GVD
20948,11028GCRVD
20949,PG05
20950,KAG060OHERE
20951,GPA72
20952,GLSL-CJ3QUEIJO
20953,IN050A086
20954,GLAA021F326
20955,POR02B
20956,BGC300
20957,BGC100
20958,BGC80
20959,BGC200
20960,BGC250
20961,PG45
20962,PG158
20963,LBT1491
20964,PG30
20965,GP50
20966,ZC09483
20967,ZC09450
20968,ZC09449
20969,PG156
20970,437068
20971,BBTLA500IS
20972,BBTML500IS
20973,BBTBK500IN
20974,BBTRL500RS
20975,BGB500
20976,BGB1000
20977,KQG325OHOBE
20978,KQ603OHBBA
20979,KQ601OHBBA
20980,KAG161OHERE
20981,KE950OSMWA
20982,KQG300OSOBE
20983,PG55B
20984,GP77
20985,GP70B
20986,GPA70
20987,LP04
20988,KQG351OHOBE
20989,17570
20990,26001F
20991,26309
20992,27153
20993,27970
20994,28016F
20995,28265
20996,28332
20997,28499
20998,28500
20999,28583
21000,28798
21001,01115N
21002,76134820
21003,76134824
21004,76134828
21005,76134920
21006,76134924
21007,76135124
21008,76135424
21009,76138720
21010,76138724
21011,76138728
21012,76138820
21013,76138824
21014,76139024
21015,76139324
21016,750017
21017,750021
21018,SCHTT
21019,100131050
21020,100131610
21021,100131550
21022,100131110
21023,5609046040
21024,5609066049
21025,5609096040
21026,100481050
21027,100481810
21028,100481950
21029,100481110
21030,100501050
21031,100501810
21032,100501950
21033,100501110
21034,5606046040
21035,5606066049
21036,5606786049
21037,5606096040
21038,100451050
21039,100451070
21040,100451550
21041,100451110
21042,5604046540
21043,5604066049
21044,5604036045
21045,5604096540
21046,204729
21047,203202
21048,204588
21049,10120GAZ
21050,10120GVD
21051,10112GAZ
21052,10112GVD
21053,11020GCRAZ
21054,11020GCRVD
21055,11012GCRAZ
21056,11012GCRVD
21057,10416GAZ
21058,10416GVD
21059,10614GAZ
21060,10614GVD
21061,L4982
21062,L5255
21063,L7244
21064,L7770
21065,13562/071
21066,10239/536
21067,10128GAZ
21068,10124GAZ
21069,10124GVD
21070,11028GCRAZ
21071,11024GCRAZ
21072,11024GCRVD
21073,500024
21074,1210
21075,1332
21076,1380
21077,1716
21078,1717
21079,315516
21080,YAR1906
21081,30958
21082,B4917602
21083,B4917605
21084,6631226B
21085,6631228B
21086,6631326B
21087,6635713B
21088,6635716B
21089,6635720B
21090,6636678B
21091,6636684B
21092,6631226A
21093,6631228A
21094,6631326A
21095,6635713A
21096,6635716A
21097,6635720A
21098,6636678A
21099,6636684A
21100,MC14206
21101,OB100NT
21102,OB200NT
21103,OB300NT
21104,OB400NT
21105,OB500NT
21106,OB600NT
21107,OB700NT
21108,OF100NT
21109,OF200NT
21110,OF300NT
21111,OF350NT
21112,OF400NT
21113,OF450NT
21114,PF100NT
21115,PF150NT
21116,OL600CHF
21117,OL650CHF
21118,OL700CHF
21119,OL500CHF
21120,OL800CHF
21121,OC100NT
21122,OC250NT
21123,OC350NT
21124,OC400NT
21125,OC500NT
21126,OC600NT
21127,OC700NT
21128,OT100CHF
21129,CL1000NT
21130,CL1100NT
21131,CL2000NT
21132,CL2100NT
21133,CL2200NT
21134,CL3000NT
21135,CL3100NT
21136,CLT220CHF
21137,SLT220CHF
21138,SLT230CHF
21139,SLT240CHF
21140,LX500PTF
21141,LX505PTF
21142,DP500PTF
21143,OP500PTF
21144,RC500PTF
21145,OS500PTF
21146,NF7924
21147,26157
21148,25109
21149,26003
21150,20449
21151,25376
21152,3486
21153,3424
21154,4827
21155,4797
21156,28755
21157,20555
21158,21606
21159,203892
21160,203899
21161,203902
21162,203904
21163,203901
21165,GN120100001
21166,GN110065001
21167,LGCESPT
21168,LGCESVM
21169,10108GAZ
21170,10108GVD
21171,10110GAZ
21172,10110GVD
21173,10412GAZ
21174,10412GVD
21175,10618GAZ
21176,10618GVD
21177,10624GAZ
21178,10624GVD
21179,11420GAZ
21180,11420GVD
21181,11424GAZ
21182,11424GVD
21183,130131GAZ
21184,130131GVD
21185,130132GAZ
21186,130132GVD
21187,11008GCRAZ
21188,11008GCRVD
21189,11010GCRAZ
21190,11010GCRVD
21191,84204
21192,5701846040
21193,5701869990
21194,5702156040
21195,5702169990
21196,5845179186
21197,1222350000
21198,5701539990
21199,5701559990
21200,5701549990
21201,5701569990
21202,5701669990
21203,5701496040
21204,5701599990
21205,5701366040
21206,5701386040
21207,5701299800
21208,5701406040
21209,5701309800
21210,30335
21211,30336
21212,30339
21213,33206
21214,30420
21215,30422
21216,973
21217,988
21218,820
21219,821
21220,825
21221,826
21222,10420
21223,10425
21224,10435
21225,11672
21226,12287
21227,36101
21228,01014A
21229,1011
21230,1013
21231,85116
21232,85119
21233,85120
21234,85123
21235,85128
21236,85131
21237,85104
21238,40700
21239,40701
21240,40706
21241,40707
21242,40708
21243,40709
21244,85026
21245,75803
21246,75825
21247,75830
21248,75831
21249,75832
21250,POL325530GR-SM
21251,RUB355460BL
21252,RUB405BL
21253,RUB560685BL
21254,HOR360MD-NS
21255,TEX430610KN-NS
21256,TEX325530EF-NS
21257,TEX380PR-NS
21258,TEX330LY-NS
21259,CLSBLBLM25CK
21260,P1755
21261,P1758
21262,P1759
21263,P1760
21264,P1761
21265,P1762
21266,P1763
21267,P1768
21268,P1770
21269,P1772
21270,P1774
21271,P1776
21272,P1778
21273,P1780
21274,P1782
21275,P1784
21276,P1786
21277,P1788
21278,C17137646
21279,VD22154
21280,575
21281,5900459179
21282,5900459180
21283,5900459181
21284,5900459187
21285,5900459185
21286,5906019180
21287,5906029180
21288,5906039180
21289,5906759180
21290,5906079180
21291,5900539180
21292,5900539181
21293,5900539182
21294,5900539184
21295,5900539183
21296,1222360000
21297,SAGSFT350MUG
21298,SAGSFT10KP
21299,SAGSFT350T
21300,GOISFT350MUG
21301,MOSSFT10KP
21302,MOSSFT350T
21303,SKYSFT350MUG
21304,SKYSFT10KP
21305,SKYSFT350T
21306,WDMIXLAB
21307,26606
21308,SKYSFT300MUG
21309,SKYSFT300T
21310,HGC507
21311,HGC501
21312,HGC515
21313,L1320
21314,L1733
21315,L1734
21316,L2400
21317,L8389
21318,L8591
21319,186624
21320,216015
21321,LI-04/220
21322,BLWHYG10CK
21323,BLWHYG10KS
21324,BLWHYG10OV
21325,BLWHYG21OV
21326,BLWHYG22DZ
21327,BLWHYG25CK
21328,BLWHYG28CK
21329,BLWHYG28DZ
21330,BLWHYG30OV
21331,BLWHYG34OV
21332,E100RIT02KT
21333,GOIGRM23DZ
21334,GOIGRM27DZ
21335,GOIHYG28DZ
21336,GOIOPT16PN
21337,GOIOPT6PN
21338,GOIPIU25DZ
21339,GOISFT300MUG
21340,GOISTR10KS
21341,GOISTR27KS
21342,GOIVAO26CK
21343,LOP02CF
21344,LOP02CT
21345,LOP02KF
21346,LOP02KT
21347,LOP12JO
21348,LOP21DZ
21349,LOP27DZ
21350,LOP30DZ
21351,LOPBLM25CK
21352,LOPBNC28CK
21353,LOPGRM24CK
21354,MDRMTBLM23CK
21355,MDRMTBLM25CK
21356,MDRMTBNC28CK
21357,MDRMTGRM21DZ
21358,MDRMTGRM27DZ
21359,MDRMTGRM30DZ
21360,MOSSFT300T
21361,MTRIT02KF
21362,MTRIT04CPF
21363,NOTNEA01SO
21364,NOTNEA30CK2
21365,PIKPOT10KS
21366,PIKPOT14KS
21367,PIKPOT18CK
21368,PIKPOT22CK
21369,PIKPOT25CK
21370,SAGHYG10CK
21371,SAGHYG10OV
21372,SAGHYG22DZ
21373,SAGHYG25CK
21374,SAGHYG28DZ
21375,SAGHYG30OV
21376,SAGSFT300MUG
21377,SAGSFT300T
21378,SANHYG10CK
21379,SANHYG10OV
21380,SANHYG22DZ
21381,SANHYG25CK
21382,SANHYG28DZ
21383,SANHYG30OV
21384,SANSFT10KP
21385,SANSFT300MUG
21386,SANSFT300T
21387,SFT300MUG
21388,SKYHYG10CK
21389,SKYHYG10OV
21390,SKYHYG22DZ
21391,SKYHYG25CK
21392,SKYHYG28DZ
21393,SKYHYG30OV
21394,SMTMZPMAGRM17DZ
21395,SMTMZPMAGRM21DZ
21396,SMTMZPMAGRM30DZ
21397,SMTMZPMBBLM23CK
21398,SMTMZPMWGRM27DZ
21399,SMTMZPSGRM02KT
21400,SMTMZPSGRM04CT
21401,SMTMZPSRIT03CBT
21402,SMTSWYBLM23CK
21403,SMTSWYBLM25CK
21404,SMTSWYGRM27CK
21405,SPEOCBLM23CK
21406,SPEOCHYG28DZ
21407,SPEOCVAO18KS
21408,SPESOBLM23CK
21409,SPESOHYG28DZ
21410,SPESOVAO18KS
21411,TRAPOT10KS
21412,TRAPOT14KS
21413,TRAPOT18CK
21414,TRAPOT22CK
21415,TRAPOT25CK
21416,VAO26CK
21417,VAO29DZ
21418,SMTLUCSLVAO29DZ
21419,SMTLUCSLVAO18KS
21420,SMTLUCSLGRM04CT
21421,SPESOHYG14KS
21422,SPESOVNT18KS
21423,SMTMZPMWGRM30DZ
21424,SMTLUCSLGRM24CK
21425,SMTLUCSLGRM02KT
21426,SMTLUCSLMOV31OV
21427,SMTLUCSLVAO19DZ
21428,SMTLUNOCHYG16DZ
21429,SMTLUNOCHYG21OV
21430,SMTLUNHYG10KS
21431,OTIGRM27CK
21432,MTRIT01CF
21433,R28899
21434,R28901
21435,R29080
21436,690082
21437,690179
21438,696969
21439,696959
21440,9820081
21441,9820178
21442,9826969
21443,9822084
21444,R01188
21445,FS4624
21446,FS3516
21447,FS3927
21448,FS6683
21449,FS3485
21450,FS6266
21451,FS6534
21452,FS6503
21453,FS7175
21454,FS7057
21455,FS3548
21456,FS6566
21457,FS6480
21458,FS3481
21459,FS6435
21460,FS6948
21461,FS6944
21462,FS6946
21463,FS7038
21464,FS6428
21465,FS4797
21466,FS3527
21467,100501060
21468,100501330
21469,100501150
21470,100501140
21471,100451950
21472,100451060
21473,100451810
21474,100451330
21475,100451150
21476,100451140
21477,5604056540
21478,100131060
21479,100131810
21480,100131330
21481,100131150
21482,100131140
21483,5609056040
21484,5609666049
21485,5609356040
21486,5609366040
21487,5606056040
21488,5606666049
21489,5606356040
21490,5606366040
21491,HOR360EF-NS
21492,HOR360KN-NS
21493,HOR360PR-NS
21494,HOR560685ML-NS
21495,TEX325530KN-NS
21496,TEX325530MD-NS
21497,TEX325530PR-NS
21498,TEX380EF-NS
21499,TEX380KN-NS
21500,TEX380MD-NS
21501,TEX430610EF-NS
21502,TEX430610MD-NS
21503,TEX430610PR-NS
21504,B2354/000
21505,G3666
21506,G3658
21507,G3659
21508,L3605
21509,L1348
21510,L1349
21511,L1351
21512,P7908
21513,P6280
21514,P6282
21515,M0066
21516,M0064
21517,P6375
21518,N2177
21519,P6365
21520,V7216
21521,520125-1114383
21522,161047
21523,203089
21524,203091
21525,203891
21526,203887
21527,204666
21528,204832
21529,204654
21530,5614016040
21531,5614026040
21532,5614036049
21533,5614786049
21534,5614046040
21535,5614056040
21536,5614066049
21537,5614076040
21538,5614096040
21539,5614666049
21540,5614356040
21541,5614366040
21542,63800/622
21543,NF0230
21544,5615026040
21545,5615036049
21546,5615646040
21547,5615076040
21548,711223-11425774
21549,711223-11425775
21550,711223-11425776
21551,8805625
21552,8805625-3400
21553,8805625-3600
21554,8805625-3800
21555,8805632
21556,8805632-3400
21557,8805632-3600
21558,8805632-3800
21559,8805638
21560,8805638-3400
21561,8805638-3600
21562,8805638-3800
21563,8822821-3400
21564,8822821-3600
21565,8822821-3800
21566,8822828
21567,8822828-3400
21568,8822828-3600
21569,8822828-3800
21570,8822830-3400
21571,8822830-3600
21572,8822830-3800
21573,8822837-3400
21574,8822837-3600
21575,8822837-3800
21576,8822921-3400
21577,8822921-3600
21578,8822921-3800
21579,8822925-3400
21580,8822925-3600
21581,8822925-3800
21582,8877810-3800
21583,8877822-3400
21584,8877822-3600
21585,8877822-3800
21586,B2202/372
21587,B2202/374
21588,RFB-2513
21589,B2519/107
21590,B2519/108
21591,B2519/109
21592,B2519/110
21593,B2519/111
21594,B2519/300
21595,46418
21596,B2519/305
21597,B50301/021
21598,B53313/301
21599,B53313/302
21600,B53313/303
21601,B53701/001
21602,B54101/001
21603,B54101/002
21604,B54101/003
21605,B54101/004
21606,B54101/005
21607,B54101/007
21608,B54201/002
21609,B54201/003
21610,B54201/004
21611,B57502/150
21612,B57502/151
21613,B57502/152
21614,B57502/153
21615,B57502/155
21616,B57502/156
21617,B57502/157
21618,B57502/159
21619,B57502/162
21620,B57502/163
21621,B57502/154
21622,B57504/100
21623,B57748/104
21624,B57748/105
21625,B57748/113
21626,NFJ547
21627,NFJ258
21628,NFJ256
21629,NFJ253
21630,B4790/132
21631,B4790/133
21632,B4790/326
21633,994
21634,96600/100
21635,96600/104
21636,96600/107
21637,96600/200
21638,96600/207
21639,96600/115
21640,96900/070
21641,96900/071
21642,96900/072
21643,96900/073
21644,37264
21645,PA1605404312
21646,PA1604990412
21647,PA1605990412
21648,PA1607990412
21649,PP1940404312
21650,PA1940990412
21651,PP1941404312
21652,PA1941990412
21653,PP1944404312
21654,PA1944990412
21655,PA1940992812
21656,PA1940992012
21657,PA1940993112
21658,PA1940712812
21659,PA1940712324
21660,PA1940837512
21661,PP1940903712
21662,PP1940497712
21663,10110001-99BL
21664,10110001-99BW
21665,10110001-99GR
21666,10110001-99YM
21667,10110199-18BL
21668,10110199-18BW
21669,10110199-18GR
21670,10110199-18YM
21671,10310003-99BL
21672,10310003-99BW
21673,10310003-99GR
21674,10310003-99YM
21675,10310103-99BL
21676,10310103-99BW
21677,10310103-99GR
21678,10310103-99YM
21679,10410004-99BL
21680,10410004-99BW
21681,10410004-99GR
21682,10410004-99YM
21683,10410104-99BL
21684,10410104-99BW
21685,10410104-99GR
21686,10410104-99YM
21687,10610006-99BL
21688,10610006-99BW
21689,10610006-99GR
21690,10610006-99YM
21691,10610106-99BL
21692,10610106-99BW
21693,10610106-99GR
21694,10610106-99YM
21695,10810008-99BL
21696,10810008-99BW
21697,10810008-99GR
21698,10810008-99YM
21699,10810108-99BL
21700,10810108-99BW
21701,10810108-99GR
21702,10810108-99YM
21703,11110011-99BL
21704,11110011-99BW
21705,11110011-99GR
21706,11110011-99YM
21707,11110111-99BL
21708,11110111-99BW
21709,11110111-99GR
21710,11110111-99YM
21711,11210012-99BL
21712,11210012-99BW
21713,11210012-99GR
21714,11210012-99YM
21715,11210112-99BL
21716,11210112-99BW
21717,11210112-99GR
21718,11210112-99YM
21719,11310013-99BL
21720,11310013-99BW
21721,11310013-99GR
21722,11310013-99YM
21723,11310113-99BL
21724,11310113-99BW
21725,11310113-99GR
21726,11310113-99YM
21727,11610016-99BL
21728,11610016-99BW
21729,11610016-99GR
21730,11610016-99YM
21731,11610116-99BL
21732,11610116-99BW
21733,11610116-99GR
21734,11610116-99YM
21735,11710017-99BL
21736,11710017-99BW
21737,11710017-99GR
21738,11710017-99YM
21739,11710117-99BL
21740,11710117-99BW
21741,11710117-99GR
21742,11710117-99YM
21743,11810018-99BL
21744,11810018-99BW
21745,11810018-99GR
21746,11810018-99YM
21747,11810118-99BL
21748,11810118-99BW
21749,11810118-99GR
21750,11810118-99YM
21751,11910019-99BL
21752,11910019-99BW
21753,11910019-99GR
21754,11910019-99YM
21755,11910119-99BL
21756,11910119-99BW
21757,11910119-99GR
21758,11910119-99YM
21759,12010020-99BL
21760,12010020-99BW
21761,12010020-99GR
21762,12010020-99YM
21763,12010120-99BL
21764,12010120-99BW
21765,12010120-99GR
21766,12010120-99YM
21767,20321004-99BW
21768,20321004-99TQ
21769,20321005-99BW
21770,20321005-99TQ
21771,26920153-99BW
21772,26920153-99TQ
21773,26920154-99BW
21774,26920154-99TQ
21775,25621128-99BL
21776,25621128-99BW
21777,25621128-99GR
21778,25621128-99YM
21779,25621129-99BL
21780,25621129-99BW
21781,25621129-99GR
21782,25621129-99YM
21783,28271009-99BW
21784,28271009-99DG
21785,21421025-01
21786,21421025-99BL
21787,21421025-99GR
21788,21421025-99YM
21789,21821033-01
21790,21821033-99BL
21791,21821033-99GR
21792,21821033-99YM
21793,23921082-99
21794,24021088-99
21795,26621144-17
21796,151292
21797,204583
21798,204584
21799,203905
21800,183027240
21801,204582
21802,MT6014
21803,MT6015
21804,MT6600
21805,MT6602
21806,MT8340
21807,MT8342
21808,MT8374
21809,MT8375
21810,MT8376
21811,MT8409
21812,MT8411
21813,MT8379
21814,MT8381
21815,MT8343
21816,MT8440
21817,MT8441
21818,MT8442
21819,FS7040
21820,FS7042
21821,FS3957
21822,FS6267
21823,FS6268
21824,FS3514
21825,FS3553
21826,FS3486
21827,FS3587
21828,FS4799
21829,21186/090
21830,FS6893
21831,FS6513
21832,FS6763
21833,FS6429
21834,FS6634
21835,PP1605723224
21836,PP1605723812
21837,PA1940711724
21838,58001
21839,58000
21840,58002
21841,56521
21842,58283
21843,58003
21844,58567
21845,199419
21846,199418
21847,199421
21848,199411
21849,199410
21850,199413
21851,122111-613
21852,122112-613
21853,122113-613
21854,122114-613
21855,199422
21856,199423
21857,199424
21858,127312
21859,127311
21860,127313
21861,340768
21862,340766
21863,340785
21864,410712
21865,410711
21866,410714
21867,125620
21868,125621
21869,125622
21870,29810/014
21871,20766/024
21872,20766/030
21873,20767/030
21874,26596/100
21875,61220/091
21876,61222/140
21877,61222/090
21878,63989/980
21879,13556/371
21880,13418/051
21881,13417/051
21882,13553/371
21883,13554/371
21884,13558/371
21885,13561/371
21886,612
21887,616
21888,3015
21889,10612GVD
21890,10616GVD
21891,13015GVD
21892,10612GAZ
21893,10616GAZ
21894,13015GAZ
21895,10612G
21896,10616G
21897,13015G
21898,10612
21899,10616
21900,13015
21901,NF7133
21902,MT0982
21903,MT8766
21904,MT0950
21905,MT0952
21906,96011/202
21907,96011/206
21908,96011/210
21909,96011/302
21910,96011/306
21911,96011/310
21912,96011/602
21913,96011/606
21914,96011/610
21915,96011/106
21916,ISD0121T
21917,ISM117F
21918,ISD005TR
21919,11601
21920,11959
21921,16748
21922,16708
21923,B2519/304
21924,75BC
21925,75F
21926,75N
21927,64BC
21928,64N
21929,64F
21930,34BC
21931,34N
21932,34F
21933,31BC
21934,31F
21935,33F
21936,51BC
21937,51F
21938,37BC
21939,37N
21940,37F
21941,C-1N
21942,C-1F
21943,101N
21944,101F
21945,30F
21946,7234
21947,82007-2
21948,3208BC
21949,3208F
21950,36BC
21951,36F
21952,702F
21953,704F
21954,524110
21955,C230DM
21956,C271DM
21957,TRT96900/069
21958,NF7973
21959,NF7073
21960,NF7873
21961,NF7933
21962,NF7033
21963,NF7833
21964,NF2603
21965,NF2606
21966,NF1800
21967,GX5500
21968,GX5503
21969,GX5506
21970,GX5510
21971,GX5513
21972,GX5516
21973,GX5632
21974,GX5637
21975,GX5626
21976,GX5624
21977,STGP419
21978,STGP372
21979,STGP294
21980,SMTSWYGRM02KT
21981,SMTSWYGRM04CT
21982,BNC12KKS
21983,13998/040
21984,V1632
21985,V1636
21986,V1660
21987,V1424
21988,V1423
21989,V1421
21990,V1420
21991,SCH8250
21992,SCH8250P
21993,SCH502
21994,SCH503
21995,SCH600
21996,SCH601
21997,SCH602
21998,SCH603
21999,SCH701
22000,SCH702
22001,SCH703
22002,SCH800
22003,SCH801
22004,ABC0710
22005,ABC16759
22006,ABC4381
22007,ABC6910
22008,ABC6941
22009,ABC6972
22010,ABC16612
22011,ABC16674
22012,ABC16346
22013,ABC16407
22014,CER-2644-W
22015,CER-2645-W
22016,CER-2647-W
22017,CER-2648-W
22018,CER-2667-W
22019,CER-2668-W
22020,CER-2621-WG
22021,CER-2538-WG
22022,CER-2432-WG
22023,CER-2711-WG
22024,CER-2567-WG
22025,CER-2697-WG
22026,B4917613
22027,B4917616
22028,B4917604
22029,B7218556
22030,B7218558
22031,B7218559
22032,B7218557
22033,B7218562
22034,B7220104
22035,B7220107
22036,B7220108
22037,B7220103
22038,B7222003
22039,B7222002
22040,B7221006
22041,B7221007
22042,B7221008
22043,B7221009
22044,OTOR600
22045,OTOR650
22046,G1210O
22047,OLIQ610
22048,OMIX360
22049,OBAT636
22050,14108
22051,15105G
22052,1716974
22053,1716981
22054,1716978
22055,1716984
22056,293012BK
22057,CE-06
22058,CE-07
22059,T-13
22060,PG-01-RC
22061,PG-02
22062,L-900-FB
22063,M-07
22064,BP-03-B
22065,GW-01
22066,S-07
22067,315118
22068,3047755
22069,5323402
22070,5323502
22071,31612
22072,31613
22073,0175027228FO
22074,0175019228FO
22075,0183023228FO
22076,0264020228FO
22077,0264008228FO
22078,0175027228FP
22079,0175019228FP
22080,0183023228FP
22081,0264020228FP
22082,0264008228FP
22083,1608750
22084,172028
22085,532522
22086,8822085-3400
22087,8822085-3600
22088,8822085-3800
22089,8854535
22090,8855521-3400
22091,8855521-3600
22092,8855521-3800
22093,8856079
22094,8856079-3400
22095,8856079-3600
22096,8856521-3400
22097,8856521-3600
22098,8856521-3800
22099,8857521-3400
22100,8857521-3600
22101,8857521-3800
22102,8886511-3400
22103,8886511-3600
22104,8886511-3800
22105,8887511-3400
22106,8887511-3600
22107,8887511-3800
22108,199415
22109,199416
22110,199417
22111,141
22112,575N
22113,62620/991
22114,215612
22115,215616
22116,215618
22117,215611
22118,215626
22119,215627
22120,215619
22121,245AZ
22122,245VM
22123,B57503/150
22124,B57503/151
22125,B57503/152
22126,B57503/153
22127,B57503/155
22128,B57503/156
22129,B57503/157
22130,B57503/159
22131,B57503/162
22132,B57503/163
22133,B57503/154
22134,YAR1402
22135,CF58
22136,YP1907
22137,YAC16
22138,PPA256
22139,17E5AF8
22140,245TAZ
22141,245TVM
22142,96011/101
22143,MT6601
22144,8822050
22145,SCH704
22146,CATSCH22-23
22147,40001CPT
22148,40007CPT
22149,40297AAPT
22150,40299AACPT
22151,208309
22152,208310
22153,112282
22154,112609
22155,116002
22156,116008
22157,116012
22158,116016
22159,130074
22160,250604
22161,252091
22162,714000
22163,714022
22164,40010
22165,40000AM
22166,LF400P
22167,PP1604723224NCZ
22168,R63700G
22169,IRSDNRIT01CT
22170,30960
22171,SSKYSNLGRM27DZ
22172,50321
22173,50320
22174,40256CPT
22175,40297AAAM
22176,40298AACPT
22177,SSKYSNLGRM23DZ
22178,40302AACPT
22179,40412AM
22180,SSKYSNLGRM27CK
22181,SSKYSNLGRM19OKY
22182,24472/188
22183,SSKYSNLGRM16KS
22184,9602627
22185,40421AM
22186,40422
22187,85080
22188,204326
22189,SKYRIT02KF
22190,40440
22191,208202
22192,SSKYSNLRIT02KT
22193,SSKYSNLGRM19KKT
22194,208196
22195,40419CPT
22196,SSAGSNLGRM27DZ
22197,V582
22198,9105517002
22199,ISD0015
22200,GOIAGR16KS
22201,GOIAGR19KS
22202,GOIAGR25KS
22203,GOIMUG03KKN
22204,SMTSWYGRM32PZ
22205,SMTSWYMOV26DT
22206,SMTSWYMOV35DT
22207,SMTSWYRIT04CPF
22208,B57712/014
22209,R17867
22210,R26530
22211,R27540
22212,R27720
22213,R28144
22214,R28145
22215,R28336
22216,R28485
22217,R28793
22218,R28835
22219,R28880
22220,R28882
22221,R28886
22222,R28926
22223,R28931
22224,R61345
22225,R61347
22226,R71521
22227,9766
22228,303
22229,304
22230,FVSVTPP28
22231,FVSVTPP32
22232,FVVVTPP20
22233,SSAGSNLGRM23DZ
22234,40002PT
22235,SSAGSNLGRM27CK
22236,40007AM
22237,SSAGSNLGRM19OKY
22238,SSAGSNLGRM16KS
22239,40009AM
22240,SAGRIT02KF
22241,61801
22242,208195
22243,204661
22244,204662
22245,40000CPT
22246,40000CVM
22247,SSAGSNLRIT02KT
22248,40007CVM
22249,40009CPT
22250,40009CVM
22251,202062
22252,208246
22253,40000AAAM
22254,SSAGSNLGRM19KKT
22255,SSANSNLGRM27DZ
22256,FVVVTPP24
22257,FVVVTPP28
22258,FVVVTPP32
22259,SSANSNLGRM23DZ
22260,SSANSNLGRM27CK
22261,SSANSNLGRM19OKY
22262,SSANSNLGRM16KS
22263,SANRIT01CF
22264,40007AAVM
22265,SANRIT02KF
22266,SSANSNLRIT02KT
22267,54725
22268,208242
22269,204831
22270,SSANSNLGRM19KKT
22271,SMTLUZGRM27DZ
22272,FVSVTPP20
22273,FVSVTPP24
22274,SMTLUZGRM23DZ
22275,SMTLUZGRM27CK
22276,SMTLUZGRM19OKY
22277,SMTLUZGRM16KS
22278,SMTLUZGRM19KKT
22279,FIUHYG28DZ
22280,204825
22281,843
22282,40297AM
22283,FIUHYG22DZ
22284,FIUHYG25CK
22285,40298AM
22286,40298APT
22287,FIUHYG10CK
22288,40299AM
22289,FIUHYG21OV
22290,FIUHYG14KS
22291,40297CPT
22292,40297CVM
22293,40298CPT
22294,40298ACVM
22295,40299ACPT
22296,40299CVM
22297,SMTOMIGRM27DZ
22298,SMTOMIGRM23DZ
22299,40298AAPT
22300,SMTOMIGRM27CK
22301,SMTOMIGRM13CK
22302,SMTOMIGRM19OKY
22303,SMTOMIGRM16KS
22304,40297AACPT
22305,SMTOMIGRM19KKT
22306,SMTVGAGRM23DZ
22307,40256AM
22308,SMTVGAGRM24CK
22309,SMTVGAGRM13CK
22310,40256CVM
22311,750027
22312,96011/110
22313,275PT
22314,750030
22315,750123
22316,SMTVGAGRM19KKT
22317,FUTGRM27DZ
22318,FUTGRM23DZ
22319,FUTMWGRM27CK
22320,40303PT
22321,FUTGRM19OKY
22322,FUTGRM16KS
22323,FUTGRM19KKT
22324,40305VM
22325,FUTGRM04CT
22326,RAW01DP
22327,RAW03MUG
22328,40303CVM
22329,40305CPT
22330,RAW04KKN
22331,750127
22332,754060
22333,755712
22334,755715
22335,755720
22336,752229
22337,752232
22338,755258
22339,GAI19KS
22340,755268
22341,755275
22342,755285
22343,756908
22344,756918
22345,5617016040
22346,5617026040
22347,5617036049
22348,5617646040
22349,5617076040
22350,5605026070
22351,1248670000
22352,1248650000
22353,6054080000
22354,6054100000
22355,GAI21CK
22356,RAW02CF
22357,40419AM
22358,GAI11KS
22359,GAI7KS
22360,40414PT
22361,RAW02KT
22362,RAW01ESPF
22363,GAI8SO
22364,GAI28DZ
22365,TRARAW01DP
22366,TRARAW03MUG
22367,TRARAW04KKN
22368,GAI38DT
22369,40412CPT
22370,TRARAW02CF
22371,40421CPT
22372,GAI31DT
22373,40412CVM
22374,40419CVM
22375,40421CVM
22376,GAI30DT
22377,NOTGRM32PZ
22378,TRARAW02KT
22379,E100OPT17SH
22380,KQG068OHERE
22381,TRARAW01ESPF
22382,CAR25DZ
22383,KO730OHERA
22384,PG153
22385,40437VM
22386,CAR12KS
22387,KQ908G
22388,KO7IKSSOHOBA
22389,40439CPT
22390,KQG078OSOBE
22391,CAR10KS
22392,40439CVM
22393,40003CPT
22394,40302CPT
22395,FK45645
22396,HH0076
22397,HH0128
22398,HH0129
22399,HH0130
22400,HH0134
22401,HH0133
22402,FK684426
22403,HH0165
22404,HH0166
22405,HH0167
22406,HH0169
22407,HH0171
22408,HH0157
22409,HH0127
22410,FK59903
22411,UC009
22412,FK670299
22413,FK670453
22414,FK670452
22415,FK40915
22416,FK40909
22417,FK40908
22418,FK40911
22419,PB96979
22420,HI027
22421,HH0109
22422,FK61283
22423,PB681262
22424,FK49604
22425,PRPS7443
22426,P1131
22427,P623
22428,P777
22429,L1137
22430,L1155
22431,L1218
22432,L1236
22433,L1244
22434,L1611
22435,L1616
22436,L1622
22437,L1625
22438,L1628
22439,L1646
22440,L1857
22441,L1858
22442,L1859
22443,L1860
22444,L1862
22445,L1863
22446,L1878
22447,L1977
22448,L1978
22449,L1979
22450,L1980
22451,L2234
22452,L2279
22453,L2281
22454,L2445
22455,L2547
22456,L2692
22457,L4588
22458,L6463
22459,L7250
22460,L7423
22461,L7443
22462,L7497
22463,L7501
22464,L7633
22465,L7933
22466,L8488
22467,L8489
22468,L8490
22469,L8568
22470,2664318-SN
22471,2669028-SN
22472,2667525-SN
22473,SN19080
22474,AJ19188
22475,ASA1501X
22476,BZ20115
22477,ASA20141
22478,AP35X
22479,AP30X
22480,SN914X
22481,ASA1450X
22482,VD22151
22483,VD22152
22484,VD22153
22485,AG22191
22486,AJ22197
22487,SF20113
22488,10620G
22489,10620GAZ
22490,10620GVD
22491,620
22492,61340/200
22493,1698
22494,1694
22495,10423
22496,40297
22497,B1107/000
22498,E100BNC12JO
22499,E100GRM25DZ
22500,E100GRM21DZ
22501,E100GRM17DZ
22502,208205
22503,208213
22504,208215
22505,208218
22506,208216
22507,208220
22508,208228
22509,208342
22510,208341
22511,40297AAAPT
22512,40297AAAAM
22513,40297AAAVM
22514,3207
22515,92208/009
22516,10402
22517,40298CVM
22518,40299CPT
22519,11960
22520,202030
22521,BM10920
22522,40433CPT
22523,40435CPT
22524,26195
22525,25116
22526,25130
22527,3646
22528,26690
22529,3301
22530,28830
22531,TCJ1843
22532,6755679
22533,L1534
22534,L2254
22535,L2256
22536,L2687
22537,L45025
22538,LF330PABS
22539,15140
22540,15221
22541,15222
22542,15224
22543,15226
22544,15228
22545,15408
22546,15410
22547,15435
22548,15437
22549,15438
22550,15495
22551,50641
22552,50643
22553,83786
22554,84025
22555,84476
22556,84891
22557,84953
22558,85000
22559,85002
22560,85191
22561,85192
22562,85197
22563,85198
22564,00624PT
22565,62124
22566,62163
22567,62168
22568,62173
22569,62178
22570,62183
22571,COR300MUG
22572,A4351
22573,SCCB02BC
22574,40298AAACPT
22575,40299AAACPT
22576,ART01DM
22577,ART220KMUG
22578,CRA16KS
22579,CRA21DZ
22580,CRA23CK
22581,CRA25DZ
22582,GRO16KS
22583,GRO21DZ
22584,GRO24CK
22585,GRO250KMUG
22586,GRO25DZ
22587,GRSCRA16KS
22588,GRSCRA21DZ
22589,GRSCRA23CK
22590,GRSCRA25DZ
22591,GRSGRO16KS
22592,GRSGRO21DZ
22593,GRSGRO24CK
22594,GRSGRO250KMUG
22595,GRSGRO25DZ
22596,SAGSARL01KF
22597,SAGSARL02KF
22598,SAGSARL03KF
22599,SKYSARL01KF
22600,SKYSARL02KF
22601,SKYSARL03KF
22602,69160/012
22603,61027/010
22604,204655
22605,953
22606,11622
22607,11881
22608,93220
22609,ABC5715
22610,ABC2554
22611,VC224
22612,VC220
22613,VC932
22614,VC940
22615,11208
22616,11209
22617,11210
22618,11211
22619,2140
22620,2120
22621,2110
22622,2108
22623,1510
22624,1516
22625,JJ1202
22626,JJ1206
22627,GP12
22628,GP129
22629,RB196
22630,GTSS375
22631,2024
22632,2677
22633,DCL
22634,H1604
22635,39040
22636,39266
22637,50850
22638,60040
22639,60326
22640,60421
22641,61341
22642,61342
22643,61343
22644,61360
22645,61421
22646,61700
22647,61703
22648,61717
22649,61908
22650,62817
22651,62955
22652,67034
22653,68150
22654,68276
22655,69042
22656,69046
22657,21154/170
22658,21160/173
22659,21168/175
22660,24680/189
22661,25599/013
22662,26594/100
22663,61224/321
22664,62623/200
22665,62623/240
22666,62624/240
22667,62624/280
22668,FG264360GRAY
22669,FG295600BLA
22670,FG614600WHT
22671,FG9T1500BLA
22672,FG9T2300BLA
22673,FG330300CLR
22674,VD22280
22675,VD22281
22676,VD22282
22677,VD22283
22678,VD22284
22679,VD22285
22680,VD22286
22681,VD22287
22682,1340-001
22683,1340-002
22684,1340-003
22685,1340-007
22686,UT47-001
22687,UT47-006
22688,303035
22689,7732.02
22690,T-PRC-0010
22691,T-SEN-0020
22692,300036
22693,500056
22694,1102
22695,1145
22696,ST300019
22697,STCWARDG01
22698,8822240
22699,666228
22700,GX5660
22701,617
22702,PORTHOLE
22703,ABC17060
22704,311/16R
22705,DS-800
22706,668
22707,LGBIS24
22708,3810GGTR
22709,1016
22710,AC19199
22711,REF.20
22712,100916
22713,2098C
22714,CFFP
22715,MULTIFRUIT
22716,1514A
22717,V0299
22718,V0298
22719,V0297
22720,V4156
22721,V4155
22722,V4076
22723,V4075
22724,V4134
22725,V4133
22726,V1854
22727,V1853
22728,V0894
22729,V1042
22730,V0305
22731,V0099
22732,V0177
22733,V0178
22734,V0179
22735,V4149
22736,V0450
22737,V0222
22738,V0095
22739,V1099
22740,V4393
22741,BQT-WAG101-IBM450
22742,BQT-WAG101-CKTABL01
22743,BQT-WAG101-LXRCCHAIR
22744,26659
22745,VNT6KS
22746,5613016040
22747,5613026040
22748,5613036049
22749,5613756040
22750,5613076040
22751,5605016070
22752,114357
22753,110033
22754,J4219
22755,J4220
22756,J4226
22757,J4227
22758,J0423
22759,J4231
22760,J0405
22761,J4243
22762,J8224
22763,J4238
22764,J4223
22765,J4224
22766,J4222
22767,J4242
22768,ST300022
22769,SLQM
22770,SL0075
22771,SCHOP20
22772,SCHOP30
22773,VERSATILE-PROBL
22774,996
22775,C3501
22776,C3502
22777,C3503
22778,SP-0008
22779,00624VM
22780,00628VM
22781,01024VMCR
22782,01028VMCR
22783,FK687170
22784,613631FP
22785,613631WP
22786,VG1100M
22787,82010
22788,82001
22789,MS50527
22790,MS50416
22791,HH0154
22792,HH0001
22793,MS26430
22794,FK23769
22795,FK43614
22796,FK43615
22797,FK43617
22798,FK43618
22799,FK43619
22800,HH0223
22801,FK42182
22802,FK670455
22803,NGHYPM0113
22804,HH0222
22805,FK48391
22806,FK685842
22807,FK685841
22808,FK685840
22809,FK42840
22810,FK670442
22811,FK684313
22812,PRPS560
22813,PRPL85100
22814,PB96986
22815,HH0216
22816,HH0210
22817,FK61473
22818,FK25191
22819,FK25193
22820,FK25190
22821,FK25194
22822,FK49442
22823,FK49741
22824,FK670460
22825,FK670444
22826,FK670479
22827,FK670470
22828,SN21036P
22829,SN21036V
22830,74201
22831,00628PT
22832,CLSBLM23CK
22833,OGC300FM
22834,OB900NT
22835,COB1000NT
22836,COB1100NT
22837,COB1200NT
22838,COB1400PTF
22839,OGC200FM
22840,OGC2000PTF
22841,OGC1000PTF
22842,OGC900PTF
22843,OGC700FM
22844,OGC600FM
22845,OGC800FM
22846,OF150NT
22847,C315
22848,C423
22849,C317
22850,C319
22851,A10407
22852,C52
22853,C381
22854,A10044
22855,C446
22856,C449
22857,C448
22858,C447
22859,C496
22860,C503
22861,C499
22862,C518
22863,C374
22864,C362
22865,C363
22866,C371
22867,C370
22868,C512
22869,C314
22870,C500
22871,PM790
22872,C316
22873,C402
22874,ISD0010
22875,ISD0128
22876,S5-05-08-X40
22877,R11699
22878,R13616
22879,R13760
22880,R13764
22881,R13765
22882,R13807
22883,R13808
22884,R13835
22885,R13836
22886,R13837
22887,R13846
22888,R17791
22889,R26401
22890,R27440
22891,R27722
22892,R27723
22893,R27776
22894,R28148
22895,R28424
22896,R28551
22897,R28552
22898,R28554
22899,R28555
22900,R28786
22901,R28787
22902,R28884
22903,R28984
22904,R29087
22905,R29092
22906,R29124
22907,R29149
22908,R61037
22909,R61477
22910,R61522
22911,R61523
22912,R61589
22913,R61590
22914,R61591
22915,R61593
22916,R61594
22917,R61597
22918,R71525
22919,R71526
22920,R71569
22921,R71570
22922,R71681
22923,R71708
22924,R71733
22925,R71741
22926,R71788
22927,R71793
22928,R71794
22929,R71873
22930,R71874
22931,R71875
22932,R71877
22933,R71878
22934,R7304
22935,BNC27DZU
22936,BNC19DZU
22937,L100
22938,1220
22939,YK9123-A
22940,YK9123-B
22941,YK1132-A
22942,YK1132-B
22943,YK1132-C
22944,YK1134
22945,YK1500
22946,SN1828
22947,SN1828P
22948,AC19261
22949,AC19262
22950,ASA19272
22951,ASA20082
22952,VD20149
22953,AC20156
22954,AF20196
22955,BM20285
22956,BM20292
22957,AN2001
22958,AN2002
22959,AQ21019
22960,VD22050
22961,VD22056
22962,AJ22086
22963,AJ22087
22964,AJ22090
22965,AH22099
22966,AR22198
22967,AN2205
22968,AN2206
22969,AN2211
22970,AN2211BZ
22971,AN2211X
22972,AN2213
22973,AN2213BZ
22974,ASA22359
22975,AN2214
22976,AN2215
22977,GT22386
22978,BM22383
22979,ECN5BK
22980,SN22390G
22981,SN22418G
22982,SN22419
22983,SN22420
22984,SN22420G
22985,SN22430
22986,SN22430P
22987,598PT
22988,5701959990
22989,5701976040
22990,5702019800
22991,5702046040
22992,5702116040
22993,5701969990
22994,5702056040
22995,5702066040
22996,5301600420
22997,B0219216
22998,B0819010
22999,B0819011
23000,B6219115G
23001,B6219115S
23002,B6219115GZ
23003,B1318304
23004,B1318303
23005,087080CR
23006,437080DR
23007,437080CR
23008,LP05
23009,PVB712
23010,PG923
23011,PG915
23012,PVB701
23013,LP02P
23014,GL3U02181
23015,GP813
23016,PG922
23017,PVB707
23018,BGD100
23019,PMN140911
23020,LBT1491BR
23021,PG154
23022,KO732OHERA
23023,PG934
23024,KAG004OHERE
23025,KQG298OSOBE
23026,KAG145OHERE
23027,KO731OHERA
23028,KO5IKSSOHOBA
23029,PG903
23030,PVB714
23031,PG908
23032,GP803
23033,GP804
23034,PG905
23035,PG614
23036,PG613
23037,PG910
23038,GP20
23039,GP111
23040,PG901
23041,LP11
23042,PG927
23043,LP07
23044,LP08
23045,PVB738V
23046,LP03
23047,LP09
23048,PVB736
23049,PVB735
23050,PVB739
23051,PVB737
23052,PG902
23053,PG989
23054,PG961
23055,PG999
23056,PG611
23057,PVB715
23058,GP805CDU
23059,PG31
23060,PG904
23061,E129
23062,COZ00467NAT
23063,COZ00469VER
23064,COZ00471PRT
23065,COZ00471VER
23066,COZ00473PRT
23067,COZ00473VER
23068,COZ00480PRT
23069,COZ00480VER
23070,COZ00481PRT
23071,COZ00482PRT
23072,COZ00483PRT
23073,COZ00484PRT
23074,COZ00485PRT
23075,COZ00486PRT
23076,COZ00497LRJ
23077,COZ00500LRJ
23078,COZ00511LRJ
23079,COZ02524VER
23080,COZ02548VER
23081,COZ02980NAT
23082,COZ02981NAT
23083,COZ02990NAT
23084,COZ03443PRT
23085,COZ03443VER
23086,COZ04121RXO
23087,COZ04122LRJ
23088,COZ04526LRJ
23089,COZ04526PRT
23090,COZ04526VDE
23091,LAV03503NAT
23092,LAV03506PRT
23093,LAV03508PRT
23094,LAV04086PRT
23095,LAV04096PRA
23096,LAV04098PRA
23097,LAV04099BRC
23098,LAV04113BRC
23099,LAV04114BRC
23100,MES02455PRT
23101,MES02456PRT
23102,MES02481PRT
23103,MES02969NAT
23104,MES03458NAT
23105,MES03464NAT
23106,MES03496NAT
23107,ORG03455NAT
23108,ORG03460NAT
23109,ORG03461NAT
23110,ORG03468NAT
23111,1231022100
23112,5700886040
23113,5700906040
23114,1064
23115,62096
23116,62085
23117,1022
23118,1024
23119,12027
23120,78003
23121,1065
23122,L1237
23123,L4432
23124,L7096
23125,L7238
23126,L1972
23127,L4430
23128,L4431
23129,L7989
23130,L8475
23131,V0386
23132,V0385
23133,V4192
23134,1690841000101
23135,V0214
23136,V0221
23137,V0223
23138,V0105
23139,V0304
23140,V0306
23141,V0098
23142,V0097
23143,V0180
23144,V0176
23145,V0290
23146,V0263
23147,V0264
23148,V0265
23149,21158
23150,21159
23151,28065
23152,28174
23153,28177
23154,28178
23155,28180
23156,28181
23157,18686
23158,151971
23159,151988
23160,201132
23161,201457
23162,202213
23163,202214
23164,202890
23165,203226
23166,203262
23167,203416
23168,203417
23169,203883
23170,203973
23171,204586
23172,204587
23173,204616
23174,204617
23175,204676
23176,204824
23177,204838
23178,207990
23179,208231
23180,208236
23181,208240
23182,208243
23183,208250
23184,208274
23185,208275
23186,303040
23187,303041
23188,303042
23189,306803
23190,306808
23191,306811
23192,306877
23193,307034
23194,307038
23195,307039
23196,307045
23197,307046
23198,1123041000103
23199,1192141000103
23200,1571441000103
23201,1525841000103
23202,1690841000103
23203,1121541000100
23204,1132841000100
23205,1222541000100
23206,1572341000100
23207,1528441000100
23208,1693441000100
23209,801182741000102
23210,1122741000102
23211,801223641000102
23212,1571041000102
23213,1182141000101
23214,1122141000101
23215,1223141000101
23216,1610841000101
23217,1562541000101
23218,1693441000101
23219,1192441000104
23220,1132341000104
23221,1571941000104
23222,1527141000104
23223,1692141000104
23224,R10998
23225,R13759
23226,R13845
23227,R13891
23228,R13892
23229,R29264
23230,R35219
23231,R35222
23232,242620
23233,242634
23234,242640
23235,242644
23236,242652
23237,2280-TS
23238,2280-TF
23239,2280-TK
23240,2280-DS
23241,2280-DF
23242,3821-TS
23243,3821-TF
23244,3821-TK
23245,3821-DS
23246,3821-DF
23247,3823-TS
23248,3823-TF
23249,3823-TK
23250,3823-DS
23251,3833-TS
23252,3833-TF
23253,3833-TK
23254,3833-DS
23255,2371-TS
23256,2371-TF
23257,2371-TK
23258,2371-DS
23259,2371-DF
23260,5700356040
23261,5700366040
23262,5700376040
23263,B1577/100
23264,B7222014
23265,TOR-01
23266,ABC00307
23267,SP-0009
23268,FG9F5400TBLUE
23269,R13670
23270,R13694
23271,R13758
23272,R13893
23273,R27770
23274,R28147
23275,R29112
23276,R29269
23277,R71520
23278,R71535
23279,R71696
23280,R71709
23281,R71859
23282,R71860
23283,R71861
23284,R71862
23285,R71863
23286,R71864
23287,00428VM
23288,136173901
23289,123173902
23290,1483173901
23291,141495801
23292,131495801
23293,14831106501
23294,15214106501
23295,14064106501
23296,14614106501
23297,14664106501
23298,14414106501
23299,15114106501
23300,15014106501
23301,141481301
23302,131481301
23303,136177201
23304,123177202
23305,1483177201
23306,1521477201
23307,1406477201
23308,1466477201
23309,1461477201
23310,1441477201
23311,1511477201
23312,1501477201
23313,1401477201
23314,141474501
23315,131474501
23316,1361109401
23317,1231109402
23318,14831109401
23319,15214109401
23320,15114109401
23321,14064109401
23322,14664109401
23323,14614109401
23324,14414109401
23325,14014109401
23326,1001
23328,ATS1086
23329,ATS1079
23330,AN812BZ
23331,AC1848X
23332,208201
23333,306884
23334,306885
23335,306886
23336,306888
23337,306924
23338,306925
23339,306926
23340,306933
23341,306936
23342,306939
23343,306941
23344,306967
23345,306971
23346,306972
23347,307025
23348,307028
23349,307001
23350,63800/682
23351,231
23352,230
23353,28
23354,61713
23355,330132
23356,330133
23357,330134
23358,1432677101
23359,1231376801
23360,330713
23361,12133201
23362,13133201
23363,14133201
23364,123133201
23365,12343201
23366,12979901
23367,13979901
23368,14979901
23369,12346101
23370,13968301
23371,123433001
23372,1521477101
23373,1483177101
23374,14831108801
23375,14831108901
23376,14831109301
23377,14326106501
23378,143192801
23379,143193101
23380,143193201
23381,143196001
23382,143177101
23383,1431108801
23384,1431108901
23385,1521473901
23386,15214108801
23387,15214108901
23388,122777201
23389,132777201
23390,142777201
23391,15214109301
23392,14326109301
23393,1501477101
23394,1431109301
23395,1501473901
23396,15014108801
23397,1432677201
23398,1506477201
23399,15014108901
23400,15014109301
23401,1466498601
23402,1521498601
23403,1431109401
23404,15014109401
23405,1511477101
23406,1511473901
23407,14326108801
23408,15064106501
23409,122777101
23410,132777101
23411,142777101
23412,133192801
23413,133193101
23414,133193201
23415,133196001
23416,133177101
23417,15114108801
23418,15114108901
23419,15114109301
23420,1506477101
23421,1461498601
23422,1441477101
23423,1432673901
23424,1441473901
23425,14414108801
23426,1506473901
23427,1331108801
23428,14414108901
23429,15064108801
23430,14414109301
23431,1331112001
23432,14014106501
23433,1401477101
23434,1401473901
23435,14014108801
23436,1331108901
23437,14014108901
23438,14014109301
23439,1331112002
23440,15064108901
23441,1421477201
23442,14214106501
23443,14326112001
23444,1421477101
23445,1421473901
23446,15064109301
23447,14214108801
23448,1231112001
23449,14214108901
23450,14214109301
23451,1541498601
23452,14214109401
23453,1331109301
23454,1431112001
23455,1331109401
23456,133177202
23457,1331106502
23458,14326109401
23459,14326108901
23460,15064109401
23461,19133201
23462,330139
23463,1431477101
23464,14314106501
23465,14314109301
23466,1406477101
23467,133177102
23468,1431477201
23469,1406473901
23470,14314108801
23471,1431473901
23472,14314112001
23473,14314109401
23474,133173902
23475,1331108802
23476,1331108902
23477,1331109302
23478,1531498601
23479,14314108901
23480,191477101
23481,14064108801
23482,191495801
23483,1511498601
23484,1914108701
23485,191481301
23486,1414110501
23487,14064108901
23488,1331109402
23489,141473901
23490,14064109301
23491,1414108701
23492,1314110501
23493,131473901
23494,1314108701
23495,1541473901
23496,15414108801
23497,15414108901
23498,15414109301
23499,1483198601
23500,123192801
23501,123193101
23502,123193201
23503,123196001
23504,123177101
23505,15414109401
23506,1441498601
23507,121474501
23508,1214110501
23509,1914108801
23510,121481301
23511,121495801
23512,1466477101
23513,1231108801
23514,121473901
23515,1466473901
23516,1214108701
23517,1531473901
23518,15314108801
23519,15314108901
23520,1231108901
23521,1231109301
23522,1421498601
23523,1231109401
23524,15314109301
23525,1506498601
23526,1501498601
23527,14664108801
23528,15314109401
23529,14514107601
23530,14514107501
23531,14664108901
23532,1231106502
23533,14514106801
23534,14664109301
23535,1131481301
23536,1131495801
23537,1131477101
23538,1131473901
23539,11314108701
23540,123177102
23541,1231108802
23542,1231108902
23543,1231109302
23544,1461477101
23545,1461473901
23546,191473901
23547,14614108801
23548,1406498601
23549,14614108901
23550,14614109301
23551,1401498601
23552,1914108901
23553,10981213
23554,10981212
23555,10981211
23556,10981210
23557,10981216
23558,10981215
23559,10981214
23560,10981217
23561,10981218
23562,1325ILUO1
23563,1125ILUO1
23564,1225ILUO1
23565,1625ILUO1
23566,1425ILUO1
23567,1525ILUO1
23568,1925ILUO1
23569,1825ILUO1
23570,245BC
23571,245TBC
23572,1032E
23573,ES80
23574,ES120
23575,NETSZZ0B0002
23576,VC729
23578,C0256020007
23579,C0175019007
23580,331RG
23581,4565
23582,NR02BK
23583,701132491016151
23584,NR02BW
23585,NR06BK
23586,NR07GR
23587,NR07WH
23588,NR03BKWH
23589,701311591021090
23590,701545291000582
23591,701695091000582
23592,992034
23593,99203-4TR
23594,99203-4BR
23595,701137491000583
23596,NR02BKWH
23597,701208091000583
23598,701311591016150
23599,FPSTBW8055-011
23600,OMDR100-220
23601,TSSTTV7118R-057
23602,OFOR310-220
23603,WAF200-220
23604,SAN261-220
23605,CAF105-220
23606,MDR302-220
23607,306875
23608,307072
23609,306998
23610,306999
23611,307000
23612,SMTLUCWDGRM17DZ
23613,GN120150001
23614,GN11000T001
23615,AKZ3038
23616,AKZ3050
23617,AKZ1623
23618,AKZ1630
23619,AKZ2232
23620,AKZ1622
23621,AKZ3145
23622,AKZ3135
23623,AKZ3245
23624,LAU2022
23625,LAM2022
23626,LAU2227
23627,LAU3133
23628,LAU3245
23629,LAU3145
23630,UT70-001
23631,7617
23632,61951
23633,61955
23634,9107817001
23635,9105517001
23636,9101317001
23637,9107817002
23638,9101317002
23639,9101317003
23640,9105517003
23641,9107817003
23642,CFU55
23643,CFU55R
23644,CPP55C
23645,GOIKAF01CPF
23646,GOIKAF01CPT
23647,GOIKAF01ESPF
23648,GOIKAF01ESPT
23649,GOIKAF01KF
23650,GOIKAF01KT
23651,GOIKAF01ST
23652,GOIKAF300MUG
23653,GOIKAF350MUG
23654,POT10KS
23655,POT14KS
23656,POT18CK
23657,POT22CK
23658,POT25CK
23659,ISM0116
23660,ISD0066
23661,ISD0030
23662,92933A
23663,92933B
23664,92945
23665,68072
23666,92558B
23667,91765A
23668,93490
23669,92867
23670,447
23671,448
23672,B20320/0009
23673,B10162/0465
23674,B10164/0007
23675,B10182/0007
23676,B10183/0008
23677,B10184/0465
23678,MEB410IBG
23679,MEB410CSG
23680,MEB410CBG
23681,MEB410CHBSG
23682,MEB410CHBLG
23683,MEB410BTG
23684,MET410CSG
23685,MEB410BTJG
23686,MEB410BTSG
23687,MEB410BTMG
23688,MEB440IBG
23689,MEB440CSG
23690,MEB440CBG
23691,MEB440CHBSG
23692,MEB440CHBLG
23693,MEB440BTG
23694,MET440CSG
23695,MEB440BTJG
23696,MEB440BTSG
23697,MEB440BTMG
23698,MEB607CSG
23699,MEB607CBG
23700,MEB607CHBSG
23701,MEB607CHBLG
23702,MEB607BTM
23703,MET607CSG
23704,MEB607BTJG
23705,MEB607BTSG
23706,MEB607BTMG
23707,MEB404IB
23708,MEB404CB
23709,MEB439BTG
23710,MEB607CHBS
23711,MEB607CHBL
23712,MEB607BT
23713,MEB410SCHBSG
23714,MEB410SCHBLG
23715,MEB440SCHBSG
23716,MEB440SCHBLG
23717,MEB607SCHBS
23718,MEB607SCHBL
23719,MEB607BTG
23720,V2201B
23721,V0497
23722,V0697
23723,V0372
23724,V0672
23726,P0302UB
23727,P0302UW
23728,P0702UB
23729,P0702UW
23730,V0456
23731,S0736
23732,MJB812FT
23733,MJB835FT
23734,MJB836FT
23735,MJB838FT
23736,WTW839U
23737,WTW840U
23738,WTW835A
23739,WTW837A
23740,WTW838A
23741,WTW838
23742,WJB838HA
23743,WTW836
23744,WJB815SOA
23745,MIH812A
23746,MIH836A
23747,MIH838A
23748,MMM813RS
23749,MMM838RS
23750,B1681/045
23751,3592001
23752,3992001
23753,4792001
23754,6192001
23755,CRL26CK
23756,RAW01ESPT
23757,TRARAW01ESPT
23758,COZ03151NAT
23759,221918
23760,221928
23761,222204
23762,22217
23763,222218
23764,18805CS
23765,18806CS
23766,17244
23767,17246
23768,1837C
23769,17557C
23770,171230
23771,18393321CS
23772,221728
23773,17962550S
23774,85099
23775,30337
23776,30338
23777,791
23778,790
23779,85200
23780,85205
23781,85207
23782,85208
23783,85202
23784,85204
23785,85036
23786,85038
23787,85055
23788,85056
23789,85057
23790,85098
23791,85092
23792,85076
23794,85077
23795,85211
23796,33252
23797,33282
23798,85230
23799,85231
23800,85240
23801,85242
23802,85241
23803,85244
23804,85243
23805,84470
23806,84471
23807,84472
23808,40417
23809,40418
23810,40416
23811,30424
23812,85069
23813,85063
23814,85070
23815,85072
23816,85073
23817,14987
23818,13987
23819,61803
23820,11840
23821,11841
23822,84529
23823,986
23824,987
23825,937
23826,30340
23827,30341
23828,TP6607
23829,2160KF
23830,WFG150E
23831,JC4000
23832,C825D46Q
23833,S885D2101
23834,VCT2000
23835,297-T9BR
23836,TS112562
23837,WCT708EBZL
23838,B57747/203
23839,B56413/104
23840,B56413/103
23841,B56413/105
23842,B1667/301
23843,B1667/303
23844,B1667/304
23845,96990/090
23846,PA1007992812
23847,PA1007992012
23848,PA1007993112
23849,PA1007712812
23850,PA1007712312
23851,PA1007711712
23852,PA1007837512
23853,PA1007923312
23854,PA1007923212
23855,PA1007930012
23856,PA1007404312
23857,PA1007990412
23858,61124
23859,68527
23860,STGP230
23861,1060239200
23862,1060237140
23863,1060236090
23864,1060233060
23865,1060050795
23866,1060256200
23867,1060254140
23868,1060253090
23869,1060250060
23870,1060269200
23871,1060267140
23872,1060266090
23873,1060264060
23874,1060277090
23875,1060276060
23876,1060278060
23877,1060015200
23878,1060013090
23879,1060322060
23880,1060052795
23881,1060331200
23882,1060328090
23883,1060325060
23884,1060178200
23885,1060176090
23886,1060175060
23887,1060184090
23888,1060183060
23889,1060318200
23890,1060317090
23891,1060316060
23892,1060313795
23893,1060302200
23894,1060299090
23895,1060298060
23896,6090035795
23897,6090006200
23898,6090016090
23899,6090002060
23900,6090012140
23901,6090011090
23902,6090010060
23903,1060131060
23904,1060132090
23905,1060127060
23906,1060125060
23907,1070187060
23908,1070207000
23909,1070209090
23910,1070208060
23911,2190245200
23912,2190243090
23913,2190242060
23914,2190239200
23915,2190238090
23916,2190361060
23917,2191220200
23918,2190399090
23919,2191219060
23920,2191165010
23921,2191164060
23922,2190848010
23923,2190442090
23924,2190843010
23925,2190845090
23926,2190844060
23927,2190700200
23928,2190699090
23929,2190698060
23930,2190733010
23931,2190735090
23932,2191253795
23933,2190548200
23934,2190550010
23935,2190560090
23936,2190547060
23937,2190374060
23938,2190339090
23939,14170042200
23940,14170041090
23941,14170024200
23942,14170020090
23943,14170023200
23944,14170019090
23945,14170026200
23946,14170022090
23947,18230161140
23948,13160019795
23949,13160032200
23950,13160027140
23951,13160024010
23952,13160026090
23953,13160025060
23954,13160020795
23955,13160051200
23956,13160046140
23957,13160043010
23958,13160045090
23959,13160044060
23960,SCH8041
23961,OCHAL40OV
23962,PIKPOT37OV
23963,MOS17AKS
23964,RVSETHGRM27DZ
23965,RVSETHGRM9CK
23966,SPEOCMOS17AKS
23967,PA1007991512
23968,YK1503
23969,YK1504
23970,AF21039
23971,AF22397
23972,SN22419G
23973,AN2218
23974,AN2227
23975,AN2228
23976,AN2232
23977,AN2233
23978,AN2234
23979,VD22444
23980,16014
23981,13702
23982,14308
23983,14654
23984,14660
23985,14651
23986,14657
23987,14570
23988,15479
23989,13696
23990,12840
23991,14124
23992,12841
23993,14997
23994,M14666
23995,14667
23996,15525
23997,15908
23998,15907
23999,7178
24000,16001
24001,25058/100
24002,21198/976
24003,96010/706
24004,96010/701
24005,96010/710
24006,96589/017
24007,96589/015
24008,TI10-005
24009,21199/911
24010,26593/100
24011,24038/000
24012,96010/306
24013,96010/321
24014,96010/331
24015,96010/301
24016,96010/401
24017,96010/606
24018,96010/406
24019,96010/501
24020,96010/506
24021,96010/601
24022,96010/323
24023,96010/333
24024,96010/421
24025,96010/431
24026,96010/433
24027,96010/521
24028,96010/523
24029,96010/531
24030,96010/533
24031,96010/621
24032,96010/623
24033,96010/631
24034,96010/633
24035,96011/287
24036,26500/006
24037,24699/825
24038,66906/794
24040,AC1403AAB
24041,AC1404AAP
24042,AC1405AAB
24043,AC1458LAP
24044,AC1473LAB
24045,AC1474LAP
24046,AC1475LAB
24047,AC1476LAP
24048,AC1757SAB
24049,AC1762EAPB
24050,AC1777MAAB
24051,AC1833EAB
24052,AC1834EAPB
24053,AC1835SAB
24054,AC1836SAB
24055,AC1837SAB
24056,AC1902EAP
24057,AC1923EAP
24058,AC1924EAB
24059,AC1955MAAB
24060,AC1969GAB
24061,AC1969GAP
24062,AC1983G
24063,AC1983GAPB
24064,AC1983GAP
24065,AC2050L-G
24066,AC2050LAAB
24067,AC2085OAB
24068,AC2085OAP
24069,AC2086OAB
24070,AC2086OAP
24071,AC2096OAB
24072,AC2096OAP
24073,AC2098L
24074,AC2098LAB
24075,AC2098LAAB
24076,AC5283SAA
24077,AC5313SAA
24078,AC5551A
24079,AC5551AAAB
24080,AC8403AP
24081,AC8403AAP
24082,AC8404AAB
24083,AC8404AAP
24084,AC8405AAB
24085,AC8405AAP
24086,AC10591SAAB
24087,AC11211AAA
24088,AC11211AABP
24089,AC10498C
24090,AC2446FAAB
24091,AC2445FAAP
24092,AC1474FLAP
24093,AC1475FLAB
24094,12438990
24095,AC7421TAAB
24096,AC7402TAAB
24097,AC7422TAAB
24098,AC1984GAP
24099,AC1588AP
24100,26480/004
24101,20273/710
24102,20273/610
24103,36069
24104,8108640044
24105,812100146
24106,8108640042
24107,8108640040
24108,8108640045
24109,812100101
24110,812100100
24111,810700111
24112,810700153
24113,810700152
24114,810700149
24115,810700148
24116,106023201024
24117,106032401030
24118,219007909016
24119,2190432060
24120,2190434200
24121,2190436010
24122,2191154010
24123,2191252090
24124,14170015060
24125,14170027010
24126,14170016060
24127,14170028010
24128,106029601031
24129,2190338060
24130,CK4520
24131,TRC8676
24132,MS21750
24133,PRPL81600
24134,PRPL81105
24135,FK45293
24136,E142
24137,E133
24138,1060059672
24139,1060498797
24140,2190225090
24141,SCH8238
24142,SCH8239
24143,SCH8240
24144,SCH8241
24145,SCH8242
24146,SCH8243
24147,SCH8244
24148,SCH8245
24149,SCH8246
24150,SCH8247
24151,SCH8214
24152,SCH8235
24153,SCH8236
24154,SCH8237
24155,SCH601-P
24156,SCH600-P
24157,SCH602-P
24158,SCH603-P
24159,SCH8254
24160,SCH8249
24161,SCH8248
24162,SCH8346
24163,PA1007997706
24164,62002GTS
24165,CLSBLGRM30DZ
24166,CLSBLGRM27DZ
24167,CLSBLGRM21DZ
24168,CLSBLGRM17DZ
24169,CLSBLBLM23CK
24170,CLSBLGRM16KS
24171,CLSBLVAO29DZ
24172,CLSBLVAO10KS
24173,OL800NT
24174,29071
24175,29324
24176,57678
24177,58575
24178,58586
24179,58726
24180,IRSGRM24CK
24181,MDRMTGRM24CK
24182,ODTOLGRM24CK
24183,GRM27CK
24184,71000405
24185,13160001000
24186,PA700020
24187,PA700024
24188,PA700036
24189,203985
24190,VD23007
24191,ALX23099
24192,99010
24193,664000BLK
24194,STGP014
24195,68153
24196,68154
24197,68091
24198,68092
24199,62741
24200,62745
24201,60357
24202,96010/721
24203,96010/731
24204,96010/723
24205,96010/733
24206,96011/121
24207,96011/131
24208,96011/123
24209,96011/133
24210,96011/221
24211,96011/231
24212,96011/223
24213,96011/233
24214,96011/321
24215,96011/331
24216,96011/323
24217,96011/333
24218,96011/521
24219,96011/531
24220,96011/523
24221,96011/533
24222,96589/016
24223,101046060
24224,101096060
24225,101666069
24226,101786067
24227,101036069
24228,101066069
24229,18111
24230,18307
24231,18503
24232,18316
24233,12205
24234,11108
24235,14104
24236,17246K
24237,15742
24238,17241
24239,17242
24240,17243
24241,17244K
24242,30001K
24243,30002K
24244,30011
24245,30012
24246,30013
24247,13111
24248,13103
24249,664000BST
24250,WFG300BZL
24251,ST613631U
24252,STJWSP19-L
24253,29070BB
24254,40004PR
24255,40010PR
24256,40003PR
24257,40007PR
24258,40114PR
24259,40012PR
24260,40090PR
24261,40019PR
24262,40029PR
24263,40030PR
24264,40053PR
24265,40016PR
24266,40066PR
24267,29138BB
24268,29136BB
24269,40084PR
24270,40085PR
24271,40086PR
24272,40088PR
24273,40092PR
24274,40093PR
24275,40094PR
24276,40095PR
24277,40097PR
24278,40098PR
24279,40100PR
24280,40101PR
24281,40102PR
24282,40106PR
24283,40105PR
24284,40104PR
24285,40116PR
24286,40117PR
24287,30010
24288,30019
24289,30022
24290,30004
24291,30013B
24292,30014
24293,30009
24294,30007
24295,30006
24296,40111PR
24297,40110PR
24298,40096PR
24299,40046PR
24300,30023
24301,30016
24302,BFH0099
24303,BFH2139
24304,BFH1552
24305,BFH1553
24306,BFH1554
24307,BFH1555
24308,BFH1556
24309,BFH1557
24310,BFH1558
24311,BFH1560
24312,BFH1562
24313,20125/030
24314,93338
24315,A12188-RM491
24316,4255212
24317,CESTAVP
24318,1182741000100
24319,1192441000100
24320,1571941000100
24321,1525841000100
24322,1690841000100
24323,1527141000100
24324,1692141000100
24325,B4920003
24326,B4919728
24327,B4919727
24328,B4916524
24329,B4916506
24330,B4916502
24331,887
24332,701122791016150
24333,B8921006B
24334,B8921008C
24335,B8921003J
24336,B5117112
24337,B8921009G
24338,B4919724
24339,B5117130
24340,NF5401
24341,NF5411
24342,NF5546PC
24343,NF5646PC
24344,NF5906
24345,NF5907
24346,NF5908
24347,NF665917
24348,NF695917
24349,NF7048
24350,NF7074
24351,NF7174
24352,NF7674
24353,NF7874
24354,NF7974
24355,NF9410
24356,NF9432
24357,NF9610
24358,NF9632
24359,NF9710
24360,NF9832
24361,NF0200N
24362,NF0300N
24363,NF0400N
24364,NF0600N
24365,NF1200N
24366,NF1400N
24367,NF0200N
24368,241091
24369,241092
24370,242177
24371,227886
24372,242194
24373,241099
24374,241104
24375,241105
24376,242185
24377,242187
24378,241093
24379,241094
24380,SCH313L
24381,5845179076
24382,1432798601
24383,14327106501
24384,1432777201
24385,14327108801
24386,1432773901
24387,1432777101
24388,14327109401
24389,14327108901
24390,1601477101
24391,1601498601
24392,16014106501
24393,1601477201
24394,16014108801
24395,1601473901
24396,16014109401
24397,1201477101
24398,1201498601
24399,12014106501
24400,12014109301
24401,1201477201
24402,12014108801
24403,1201473901
24404,12014109401
24405,12014108901
24406,1466177101
24407,1466198601
24408,14661106501
24409,14661109301
24410,1466177201
24411,14661108801
24412,1466173901
24413,1561477101
24414,121592
24415,121594
24416,121596
24417,115671
24418,115672
24419,115674
24420,106220
24421,106223
24422,106226
24423,113759
24424,113767
24425,113761
24426,112420
24427,121407
24428,121408
24429,175495
24430,112945N
24431,112949N
24432,113774
24433,115587
24434,115590
24435,115588
24436,120586
24437,120593
24438,120591
24439,120590
24440,121553
24441,121554
24442,121555
24443,121556
24444,813893
24445,577705
24446,E-SS112
24447,A-SS112
24448,E-SS112P
24449,A-SS112P
24450,E-SS4112
24451,A-SS4112
24452,E-SS4112P
24453,A-SS4112P
24454,JW-P13DS
24455,JW-605C
24456,JW-609
24457,JW-606C
24458,JW-R1418P
24459,JW-R1600P
24460,JW-5085C
24461,JW-5095C
24462,JW-2105C
24463,JW-14OP
24464,JW-12OP
24465,JW-BD20
24466,JW-BSNP1
24467,JW-GWB3
24468,JW-BN6D
24469,SSAGSNLGRM32PZ
24470,SSAGSNLBNC28CK
24471,SSAGSNLBLM23CK
24472,SSANSNLGRM32PZ
24473,SSANSNLBNC28CK
24474,SSANSNLBLM23CK
24475,SSKYSNLGRM32PZ
24476,SSKYSNLBNC28CK
24477,SSKYSNLBLM23CK
24478,1590008
24479,1590009
24480,5845179082
24481,VD23032
24482,21177207164430
24483,VDV66975
24484,VDV67131
24485,VDV61719
24486,VDV61723
24487,VDV65240
24488,VDV65422
24489,VDV65242
24490,VDVM100770
24491,VDV69128
24492,VDV68091
24493,VDV68631
24494,VDV68560
24495,VDV67908M
24496,VDV62748EM
24497,VDV69118
24498,VDV67568
24499,VDV62235ML
24500,VDV61018
24501,VDV67569
24502,VDV69471
24503,VDV69472
24504,VDV62269
24505,VDVM100820
24506,VDV69136
24507,VDV69126
24508,VDV69134
24509,21177247164430
24510,21177267164430
24511,112421
24512,112413
24513,112412
24514,112415
24515,112842
24516,121409
24517,121405
24518,120595
24519,120588
24520,115673
24521,106227
24522,106219
24523,113769
24524,121590
24525,121591
24526,121595
24527,115589
24528,175531
24529,974258
24530,128075
24531,113771
24532,112417
24533,175500
24534,11530
24535,85321
24536,85084
24537,L1738
24538,L2481
24539,L2482
24540,L2810
24541,L2892
24542,L1995
24543,L2677
24544,61812
24545,HS813122
24546,HS813101
24547,HS417104
24548,HS418069
24549,HS418095
24550,HS433114
24551,HS478050
24552,HS475070
24553,HS474365
24554,HS477112
24555,HS169050B
24556,HS299123-1
24557,HS036073
24558,HS792122
24559,HS793038
24560,HS93045
24561,SCH231
24562,HS331050
24563,HS338045
24564,HS341035
24565,BS279067BM
24566,BS288106
24567,HS427090
24568,BS190030
24569,HS387104
24570,HS177208BM
24571,HS178128BM
24572,HS179128BM
24573,HS180208BM
24574,HS852131
24575,HS548050
24576,HS457088
24577,HS460118
24578,HS547072
24579,HS546114
24580,HS458086
24581,HS462138
24582,BS279067Z
24583,BS279090
24584,HS177208Z
24585,HS178128Z
24586,HS180208Z
24587,HS179128Z
24588,HS177208G
24589,HS178128G
24590,HS179128G
24591,HS180208G
24592,HS183095
24593,HS206048
24594,HS544030
24595,HS182115
24596,HS235069
24597,HS236089
24598,HS389123
24599,HS230115
24600,HS279070
24601,HS279090
24602,HS278126
24603,HS278159
24604,HS274208
24605,HS275208
24606,HS276128
24607,HS277128
24608,HS599098
24609,HS599114
24610,HS318078CM
24611,HS318110CM
24612,HS411043CM
24613,HS797028CM
24614,HS300150CM
24615,HS152120CM
24616,HS299123CM
24617,HS959128CM
24618,HS959210CM
24619,HS959130CM
24620,370120B
24621,BS270060
24622,HS192050
24623,HS193072
24624,HS194128
24625,HS195105
24626,HS195210
24627,HS195128
24628,HS107037
24629,HS095128
24630,HS3210A
24631,HS3103A
24632,HS3128A
24633,106296
24634,26110
24635,28197F
24636,28750
24637,25647
24638,28516
24639,28517
24640,28596
24641,27181
24642,27184
24643,27183
24644,27182
24645,29408
24646,28262F
24647,29280
24648,29284
24649,29094
24650,28793F
24651,28794
24652,29326
24653,29322
24654,58593
24655,58668
24656,663686
24657,123226
24658,123225
24659,117115
24660,117116
24661,340767
24662,344206
24663,5119010124
24664,5119020121
24665,5119020221
24666,5119060115
24667,5119060117
24668,5119200215
24669,5119101233
24670,5118010124
24671,5118020121
24672,5118020221
24673,5118060115
24674,5118060117
24675,5118200215
24676,5118101233
24677,5120010124
24678,5120010224
24679,5120020126
24680,5120055009
24681,5120055018
24682,5120055025
24683,5120055035
24684,5120055328
24685,5120060111
24686,5120060115
24687,5120060117
24688,5120200208
24689,5120200215
24690,5120200219
24691,5121010124
24692,5121010224
24693,5121020126
24694,5121900129
24695,5121055009
24696,5121055018
24697,5121055025
24698,5121055035
24699,5121055328
24700,5121060111
24701,5121060115
24702,5121060117
24703,5121200208
24704,5121200215
24705,5121200219
24706,5501180001
24707,5501180002
24708,5501180003
24709,5501180004
24710,14327109301
24711,14327115801
24712,16014109301
24713,16014115801
24714,12014115801
24715,14361115801
24716,14314115801
24717,15514115801
24718,1331115801
24719,1331115802
24720,1231115801
24721,1231115802
24722,15314115801
24723,1431115801
24724,15414115801
24725,14664115801
24726,14614115801
24727,14414115801
24728,14214115801
24729,14831115801
24730,15214115801
24731,15114115801
24732,14064115801
24733,14014115801
24734,15064115801
24735,15014115801
24736,16414108801
24737,1641473901
24738,16414106501
24739,16414109301
24740,3616177101
24741,36161108801
24742,3616173901
24743,36161106501
24744,36161115801
24745,36161109301
24746,25419
24747,25413
24748,29315
24749,29316
24750,29317
24751,28792
24752,24329
24753,24328
24754,24327
24755,24326
24756,28582
24757,28581
24758,27822
24759,26311
24760,27823
24761,29376
24762,29049
24763,GS11020
24764,GS12020
24765,GS23065
24766,B57716/051
24767,OCEL550-220
24768,BLD701-220
24769,B10003/0007
24770,343
24771,342
24772,344
24773,341P
24774,70
24775,69
24776,68
24777,373
24778,372
24779,371
24780,13272/351
24781,13279/351
24782,13409/351
24783,13410/351
24784,13514/351
24785,13593/351
24786,13594/351
24787,13595/351
24788,20764/022
24789,20837/036
24790,25810/160
24791,25811/160
24792,25813/160
24793,25814/160
24794,92852/210
24795,61224/241
24796,61224/281
24797,61224/361
24798,61639/183
24799,61639/186
24800,61639/187
24801,61639/588
24802,62195/205
24803,62195/207
24804,62195/245
24805,62195/247
24806,62195/285
24807,62195/287
24808,96010/221
24809,96010/233
24810,96010/223
24811,96010/231
24812,94538/105
24813,94538/705
24814,94538/712
24815,308666
24816,308423
24817,308424
24818,308421
24819,308422
24820,308438
24821,118742
24822,GRM30DZKG
24823,GRM27DZKG
24824,GRM21DZKG
24825,265
24826,412
24827,475
24828,974244
24829,256020073
24830,167014073
24831,256008073
24832,167011073
24833,R13654
24834,R13655
24835,R17860
24836,R29311
24837,42027836
24838,TAGA7WT
24839,BLSMA100V2GDSL
24840,PFTACLA6
24841,PFTMAGA8
24842,SPSSWM2
24843,LPFEBL
24844,LPFEWT
24845,LPGEBL
24846,LPGEWT
24847,LPANBL
24848,LPANWT
24849,LPBLTA
24850,01020PPCR
24851,01024PPCR
24852,01028PPCR
24853,11020GPPCRVD
24854,11024GPPCRVD
24855,11028GPPCRVD
24856,11020GPPCRAZ
24857,11024GPPCRAZ
24858,11028GPPCRAZ
24859,11020GPEP
24860,11024GPEP
24861,11028GPEP
24862,11020PPEP
24863,11024PPEP
24864,11028PPEP
24865,5845179075
24866,5845179088
24867,BM020E
24868,1172
24869,705
24870,727
24871,1044N
24872,894Y
24873,B1658/002
24874,B2204/323
24875,B2204/328
24876,B10183/0007
24877,B10184/0007
24878,B10500/0126
24881,B10571/0126
24882,B57732/012
24883,B57732/013
24884,B57732/014
24885,B57732/017
24886,B57732/018
24887,B57732/019
24888,1015A21
24889,1015R15
24890,1015W12
24891,1015F07
24892,1LS03L103
24893,1015G15
24894,GB093612
24895,446
24897,NF0443
24898,OFRT780-220
24899,CLSBLGRM19DZ
24900,IRSDNGRM19DZ
24901,SN14288
24902,NMUEZZ0Z0001
24903,NMUEZZ0E0001
24904,NETFZZ0B0005
24905,UT70-005
24906,18274
24907,5707
24908,5844
24909,M01-01
24910,M01-02
24911,M01-03
24912,M01-04
24913,M02-01
24914,M02-02
24915,M02-03
24916,M02-04
24917,M02-05
24918,M03-01
24919,M03-02
24920,M03-03
24921,M03-04
24922,M04-01
24923,M04-02
24924,M04-03
24925,M04-04
24926,34820LHBR
24927,LQI15/220
24928,TP6521
24929,2310003HL002
24930,2310029HL002
24931,122778801
24932,132778801
24933,142778801
24934,FK-43065
24935,FK-19009
24936,FK-27188
24937,FK-43918
24938,FK-42477
24939,HH-0138
24940,PR-PS552
24941,FK-0001
24942,NG-JSGM006
24943,MS-50644
24944,FK-45641
24945,FK-671803
24946,FK-42049
24947,FK-25771
24948,FK-42620
24949,FK-45407
24950,PR-GT3143
24951,PR-3321
24952,HH-0161
24953,HH-0162
24954,HO-MB18
24955,FK-48135
24956,JJ-85137
24957,JJ-20101
24958,JJ-20110
24959,JJ-20173
24960,JJ-20048
24961,JJ-40093
24962,JJ-85112
24963,JJ-85110
24964,JJ-20100
24965,123512
24966,122450
24967,3616198601
24968,8201
24969,70811100900002
24970,70811100100002
24971,71501210900001
24972,OBAT641-220
24973,F6889/001
24974,GE519EL
24975,103693S
24976,STD101IB
24978,TCSSERIES
24979,M02H-9001
24980,M03C-9001
24981,M01C-9001
24982,M07B-9001
24983,E06D-4812
24984,OBAT640-220
24985,71901/392
24986,71901/393
24987,40297AAM
24988,40297ACPT
24989,40297ACVM
24990,40298AAM
24991,40298ACPT
24992,40299AAM
24993,40299ACVM
24994,AC1984G
24995,AC1984GAPB
24996,SCH802
24997,SCH803
24998,SCH804
24999,PHB505NT
25000,PHB605NT
25001,PHB705NT
25002,PHB105NT
25003,PHB205NT
25004,PHB305NT
25005,PHB405NT
25006,PHB805NT
25007,PHB905NT
25008,OGB2100BMB
25009,OTB100BMB
25010,OGB2000BMB
25011,PPB100BMB
25012,BAB400BMB
25013,BFB150NT
25014,MTB100NT
25015,QMB100NT
25016,ACB100NT
25017,BAB300BMB
25018,PMB2100PTF
25019,PMB2200PTF
25020,PMB2300PTF
25021,PPB1000CHF
25022,7377822
25023,7377818
25024,SCH232
25025,SMTLUCMZGRM21DZ
25026,OFOR250-220
25027,MIX302-220
25028,OPAN920-220
25029,OGRL230-220
25030,FOG601-220
25031,P1129
25032,P1164
25033,P1165
25034,P1166
25035,P1257
25036,P1374
25037,P1375
25038,P1918
25039,P1921
25040,P1976
25041,P2052
25042,P2056
25043,P2073
25044,P2131
25045,P2132
25046,P2134
25047,P2221
25048,P2223
25049,P2252
25050,P2262
25051,P2421
25052,P2424
25053,P2433
25054,P2434
25055,P2694
25056,P2721
25057,P2727
25058,P2733
25059,P2735
25060,P2748
25061,P3055
25062,P3056
25063,P3057
25064,AC2050L
25065,OF650NT
25066,OF550NT
25067,OF900NT
25068,OF800NT
25069,OF2000BCF
25070,PCF1000BCF
25071,LX4450PTF
25072,906200063
25073,SCH233
25074,MADB106-A
25075,SCH8369
25076,SCH0316
25077,SCH8368
25078,SCH7122
25079,SCH8303
25080,SCH8300
25081,SCH8302
25082,SCH8347
25083,SCH7937
25084,SCH8291
25085,SCH8370
25086,SCH8293
25087,SCH8233
25088,SCH7979
25089,SCH8373
25090,SCH8290
25091,SCH8374
25092,SCH7950
25093,SCH8339
25094,SCH8181
25095,SCH8371
25096,SCH8372
25097,SCH8283
25098,SCH8284
25099,SCH8285
25100,SMTSWYGRM25DZ
25101,IRSGRM19OKY
25102,61507
25103,BAB1000CHF
25104,DE500PTF
25105,EL505PTF
25106,EM760CHF
25107,EM750CHF
25108,FR500PTF
25109,LX4350PTF
25110,OP510PTF
25111,OTB200BMB
25112,OGB2200BMB
25113,PC1100PTF
25114,PFB200NT
25115,PGB100BMB
25116,PH200CHF
25117,RC100BCF
25118,TM790BCF
25119,PP500PTF
25120,R29305
25121,SCVS66B
25122,SCPT77B
25123,SCPT99B
25124,BFH2222
25125,BAND131
25126,616AZ
25127,21177200602430
25128,308464
25129,308434
25130,1060051795
25131,2190449795
25132,HO210BP
25133,HO211BP
25134,HO212BP
25135,BAND122P
25136,BAND123P
25137,BAND130P
25138,BAND131P
25139,SCRH22G
25140,OF750NT
25141,OCB200BMB
25142,EA100
25143,SCH8382
25144,SCH8383
25145,MWQD
25146,B3500/307
25147,B3500/303
25148,B3500/301
25149,B3502/302
25150,B1694/035
25151,B57752/005
25152,B57752/006
25153,B57752/007
25154,B57752/008
25155,B57723/029
25156,B57723/030
25157,B57723/031
25158,B57749/104
25159,B57749/108
25160,B2600/121
25161,B2600/125
25162,B2600/143
25163,B2922/103
25164,B57716/007
25165,B57749/109
25166,21106/470
25167,308420
25168,ABC6262
25169,ABC7351
25170,ABC0970
25171,ABC1038
25172,ABC1090
25173,ABC0888
25174,ABC2585
25175,ABC2677
25176,ABC10979
25178,212
25179,213
25180,13966
25181,84728
25182,84721
25183,11712
25184,84987
25185,958
25186,A029SBR
25187,85044
25188,85045
25189,85050
25190,84420
25191,84017
25192,85145
25193,0256008106SBR
25194,10772
25195,5292821SBR
25196,11730
25197,40403
25198,309232
25199,40560
25200,60505
25201,PS203F1BK
25202,71489
25203,50642
25204,36076
25205,JD08TAP
25206,PA1940923324
25207,9100423002
25208,4119981503
25209,MPR520-220
25210,STGP362
25211,STGP178
25212,STGP179
25213,STGP189
25214,STGP188
25215,SCH8424
25216,SCH8423
25217,HORRPL13JO
25218,HORRPL6JO
25219,HORRPL01STB
25220,241097
25221,HORRPL26DZ
25222,HORRPL28DZ
25223,HORRPL16DZ
25224,HORRPL19CK
25225,HORRPL21DZ
25226,HORRPL8JO
25227,HORRPL01MUG
25228,HORRPL01KF
25229,HORRPL02KF
25230,HORRPL26CK
25231,MRGRPL28DZ
25232,MRGRPL26DZ
25233,MRGRPL21DZ
25234,MRGRPL16DZ
25235,MRGRPL01STB
25236,MRGRPL26CK
25237,MRGRPL19CK
25238,MRGRPL13JO
25239,MRGRPL8JO
25240,MRGRPL6JO
25241,MRGRPL01MUG
25242,MRGRPL02KF
25243,MRGRPL01KF
25244,BM21046
25245,AC2166E
25246,AC2249EAP
25247,AC2096OIAPK
25248,AC2164HAPK
25249,AC1453OIAPK
25250,AC2244F
25251,AC2245V
25252,AC2242M
25253,AC2236A
25254,AC2172MA
25255,AC2243L
25256,AC8503I
25257,AC2183I
25258,AC2169I
25259,AC2066FHAB
25260,AC2105MD
25261,HH0237
25262,PATNEA18KS
25263,PATNEA28DZ
25264,PATNEA24DZ
25265,PATNEA16DZ
25266,PATNEA30CK2
25267,PATNEA30CK1
25268,331RL
25269,PG4109AM
25270,PG8135BG
25271,PG8135MA
25272,PG8135
25273,OMIX560-220
25274,3467428-8700
25275,4067428-8700
25276,4067428
25277,4065324-8100
25278,4065324-8700
25279,P1783
25280,P1773
25281,FK42015
25282,B4600/121
25283,B4600/122
25284,B4600/123
25285,B4600/124
25286,B4600/125
25287,B4600/126
25288,B4600/108
25289,B4600/111
25290,B4600/109
25291,B4600/112
25292,B4600/110
25293,B4600/113
25294,B4600/114
25295,B4600/115
25296,B4600/116
25297,B4600/117
25298,B4600/118
25299,B4600/119
25300,B4600/120
25301,B4600/104
25302,B4600/105
25303,B4600/106
25304,B4600/107
25305,B4600/127
25306,1550035
25307,B4600/129
25308,B4600/130
25309,B4600/131
25310,B4600/132
25311,B4600/133
25312,B4600/134
25313,B4600/135
25314,B4600/101
25315,B4600/136
25316,B4600/102
25317,B4600/103
25318,44228
25319,61409/380
25320,241090
25321,328N
25322,1877814
25323,GN1/1-40
25324,GN1/2-40
25325,TC-3C
25326,175019220
25327,183021220
25328,175027220
25329,175015220
25330,MOV25OV
25331,STJ302R
25332,61319
25333,1060579795
25334,1060593795
25335,1060231795
25336,1060103795
25337,11626A
25338,11629
25339,11628
25340,10800
25341,30421
25342,11627
25343,30417
25344,336019
25345,382028
25346,336122
25347,380150
25348,337002
25349,AAQGRM27DZ
25350,AAQGRM19DZ
25351,AAQBLM23CK
25352,AAQBNC12KS
25353,AAQBNC02KF
25354,AAQGRM02KT
25355,AAQBNC01CF
25356,AAQGRM01CT
25357,COSBLGRM27DZ
25358,COSBLGRM25DZ
25359,OMRGRM27DZ
25360,OMRGRM21DZ
25361,OMRBLM23CK
25362,SMTHRNGRM21DZ
25363,SMTHRNBLM28CK
25364,SMTHRNMOV41DT
25365,ATRBNC02ST
25366,ASCBNC02ST
25367,PA1605907424
25368,615256040
25369,S80650
25370,S80672
25371,S80655
25372,S80680
25373,S80610
25374,S80620
25375,S80621
25376,S80622
25377,S80623
25378,S80251
25379,S80253
25380,S80261
25381,S80255
25382,S80238
25383,S80220
25384,S80210
25385,S80211
25386,S80212
25387,S80213
25388,S39400
25389,S88820
25390,S88821
25391,S10000
25392,11692
25393,11693
25394,11694
25395,11695
25396,10253
25397,10254
25398,10255
25399,PA1605708006
25400,96980/071
25401,SCH802-1
25402,NPKHR00102
25403,NPKRE01900
25404,NPKHR00904
25405,NPKHR00905
25406,NPKHR00406
25407,NPKHR00401
25408,NPKGOBE006
25409,NPKHR00710
25410,NPKHR00108
25411,CER-1140
25412,CER-1196-WG
25413,CER-1400-W
25414,CER-1721-WG
25415,CER-2109-WG
25416,CER-2251
25417,CER-2251-WG
25418,CER-2253-W
25419,CER-2432-W
25420,CER-2606
25421,CER-2607
25422,CER-2610
25423,CER-2658-WG
25424,CER-2726-W
25425,MON-2597-WG
25426,MON-2601-WG
25427,MON-2603-G
25428,MON-2604-WG
25429,MON-2743-WG
25430,POR-0009-WG
25431,POR-0011-WG
25432,POR-0015-WG
25433,THS-2743-W
25434,SCH340
25435,SCH341
25436,SCH342
25437,SCH343
25438,SCH344
25439,76140028
25440,76143328
25441,76143928
25442,76142524
25443,76120436
25444,CH-CM1C
25445,CH-CM6A
25446,EK-70666BR-1F
25447,EK-70777BR-1F
25448,EK-C70568R
25449,FH0003-01-01
25450,FP0010-00-11
25451,FP0010-00-12
25452,FP0011-00-12
25453,FP0037-00-21
25454,FP-CC08-07W
25455,HR-CFOD-1B
25456,HR-CHZ-30T
25457,HR-FIB-30-W
25458,HR-FIC-70-B
25459,HR-HCC-7-SG
25460,HR-JPL-60-B
25461,HR-MSCS-2DTB
25462,HR-MSS-1B
25463,HR-OCT-1-SG
25464,HR-OTM-1B
25465,HR-VCSD-02-PGR
25466,HR-VDIR-02-B
25467,HR-VHSN-60-B
25468,HR-VIC-02B
25469,HR-VKBR-100-HSV
25470,10121213
25471,10121212
25472,10121211
25473,10121216
25474,10121215
25475,10121214
25476,10121217
25477,10121218
25478,24066/108
25480,204674
25481,308431
25482,307077
25483,208251
25484,306966
25485,307081
25486,308651
25487,308652
25488,MEB410IBG-SN
25489,MEB410CBG-SN
25490,MEB410CHBLG-SN
25491,MEB410BTG-SN
25492,MEB410BTJG-SN
25493,MEB440CBG-SN
25494,MEB440BTG-SN
25495,MEB440BTSG-SN
25496,MEB607CHBL-SN
25497,MEB607BTG-SN
25498,70132401
25499,70132402
25500,70132403
25501,70132405
25502,70132407
25503,70132404
25504,21125/197
25505,21179/197
25506,60900/000
25507,P1251
25508,P1974
25509,P1978
25510,P1979
25511,P2057
25512,P2112
25513,P2113
25514,P2114
25515,P2201
25516,P2204
25517,P2269
25518,P2729
25519,P3320
25520,P3321
25521,P3330
25522,P3331
25523,P3340
25524,P3342
25525,P3343
25526,P496
25527,P3341
25528,P497
25529,1294
25530,94005
25531,DP1705
25532,ABC1571
25533,ABC16070
25534,ABC4060
25535,ABC5197
25536,ABC5203
25537,ABC6484
25538,ABC6545
25539,ABC8358
25540,11966
25541,11967
25542,278
25543,1004
25544,1307
25545,26975020006
25546,32802
25547,834024
25548,27703020006
25549,10/0035
25550,160/0011
25551,160/0088
25552,160/0092
25553,V760552012R
25554,13088/920
25555,22215/107
25556,22950/005
25557,23429/006
25558,24026/107
25559,24029/000
25560,24604/016
25561,24604/056
25562,24604/076
25563,24609/010
25564,24609/070
25565,24610/086
25566,24611/088
25567,24658/100
25568,25624/100
25569,62138/288
25570,62623/280
25571,62625/240
25572,1381
25573,308967
25576,M15400
25577,M15500
25578,M15800
25579,M33071BKB
25580,M33931B
25581,M33933B
25582,M37000ACP
25583,M37003ACP
25584,M37005ACP
25585,M37009ACP
25586,M37011ACP
25587,M37014ACP
25588,M37016ACP
25589,M37019ACP
25590,M37024
25591,M37028ACP
25592,M37029
25593,M37029ACP
25594,M37037
25595,M37037ACP
25596,M37067
25597,M37075
25598,M37099
25599,M37172
25600,M37186
25601,M37187
25602,M37188
25603,276FT
25604,590F
25605,1231108502
25606,1261108501
25607,1361108501
25608,14361108501
25609,1461108501
25610,14614108501
25611,13979301
25612,14414108601
25613,15114108601
25614,14979301
25615,285135
25616,285136
25617,IRSWHGRM9CK
25618,IRSWHGRM13CK
25619,IRSWHGRM15CK
25620,IRSWHGRM16KS
25621,FRYWDBNC28CK
25622,10825/01
25623,12940/02
25624,11561/01
25625,122148
25626,11832/01
25627,13192/01
25628,314733
25629,11566/01
25630,14122
25631,14128
25632,39017
25633,39043
25634,39044
25635,39165
25636,39185
25637,L50320
25638,50829
25639,50837
25640,50851
25641,60001
25642,60048
25643,60253
25644,60310
25645,60314
25646,60316
25647,60318
25648,60325
25649,60365
25650,60425
25651,60435
25652,60438
25653,60461
25654,60462
25655,60467
25656,60468
25657,60610
25658,61351
25659,61481
25660,61730
25661,61912
25662,61925
25663,61940
25664,62512
25665,62516
25666,62524
25667,62533
25668,62742
25669,62974
25670,63483
25671,64460
25672,64461
25673,66916
25674,68061
25675,68120
25676,68161
25677,68305
25678,68518
25679,68524
25680,68620
25681,68628
25682,68665
25683,68935
25684,68991
25685,69450
25686,72857
25687,H909055
25688,H909055U
25689,H909067
25690,H909067U
25691,H909090
25692,H909022U
25693,3310-10
25694,PE75-23PR
25695,1070682000
25696,1070225060
25697,12013
25698,500052
25699,F9093/092
25700,PCO20
25701,BW-BR1903
25702,DA-N52
25703,1186
25704,1188
25705,1239
25706,1355
25707,1453
25708,9334
25709,97148
25710,97149
25711,97155
25712,97156
25713,97157
25714,230872
25715,STGP388
25716,311415099
25717,STJWS102
25718,STJWS120
25719,STJWVO34
25720,2384
25721,27303
25722,27304
25723,27305
25724,27447
25725,39726
25726,1400018
25727,2310040
25728,2310041
25729,411271
25730,411520
25731,411563
25732,411130
25733,411166
25734,411253
25735,411260
25736,411277
25737,411444
25738,411625
25739,411639
25740,411646
25741,411978
25742,411996
25743,653040
25744,654173
25745,660458
25746,VDV68562
25747,455PTR
25748,901GTR
25749,BM2
25750,BPDOSCH
25751,BPOSH3
25752,BQCOSCH
25753,BQOSCHG
25754,BQOSCHM
25755,BQOSCHP
25756,BROSCHIG
25757,BROSCHIM
25758,BROSCHIP
25759,PCSCH01
25760,309147M
25761,111700
25762,111748
25763,111838
25764,1953132
25765,FG253100BLA
25766,FG264560GRAY
25767,FG267360GRAY
25768,SCH7879
25769,FG421388BLA
25770,FG636200
25771,FG758088BRN
25772,FG9W7300BLA
25773,CAV25
25774,0B003253
25775,0R003253
25776,3014
25777,PL74
25778,PL215
25779,1.25000.BLUE
25780,CRFTH.SMBX.SET
25781,DV.MALCOLMAM.04
25782,82
25783,92
25784,98
25785,1203
25786,JJ1205
25787,10681
25788,VC806
25789,R61951A
25790,1073
25791,3585
25792,8379DB411
25793,1326119701
25794,1226119901
25795,15931120101
25796,1426120001
25797,1531118801
25798,1231119801
25799,16014119801
25800,16414118601
25801,16014118601
25802,15414118601
25803,17114119801
25804,16626119001
25805,1414118601
25806,11114119801
25807,17926118901
25808,38027119801
25809,37427119801
25810,309075
25811,309760
25812,309757
25813,309759
25814,309758
25815,309756
25816,32600101
25817,59200101
25818,619MS
25819,53300101
25820,31100701
25821,34100101
25822,33800101
25823,8900101
25824,29000101
25825,34000101
25826,512
25827,58000101
25828,60800101
25829,40900101
25830,41000101
25831,41100101
25832,60000101
25833,61100101
25834,61200101
25835,61300101
25836,620
25837,408100101
25838,19000101
25839,32000101
25840,170100101
25841,170200101
25842,170300101
25843,57400101
25844,57600101
25845,250600101
25846,251100101
25847,13200101
25848,13300101
25849,18800101
25850,50900101
25851,42900101
25852,51300101
25853,56000101
25854,200101
25855,10300101
25856,10400101
25857,18900101
25858,3300101
25859,5600101
25860,5700101
25861,61400101
25862,616
25863,600101
25864,12700101
25865,43000101
25866,468
25867,48000101
25868,51400101
25869,31300701
25870,61536/100
25871,13460/351
25872,136500
25873,136447
25874,136748
25875,136747
25876,136446
25877,136499
25878,136746
25879,136741
25880,136445
25881,61470/071
25882,R13444
25883,R13766
25884,R25527
25885,R25530
25886,R25531
25887,R27734
25888,R28339
25889,R28838
25890,R29473
25891,R29481
25892,R29597
25893,R29598
25894,R61645
25895,R61648
25896,R71536
25897,R71697
25898,R71713
25899,R71714
25900,R71715
25901,R71716
25902,R71717
25903,R71719
25904,R71721
25905,R71722
25906,R71734
25907,R71789
25908,61223/660
25909,61223/690
25910,61223/730
25911,62132/146
25912,62135/247
25913,62835/440
25914,64510/620
25915,64570/500
25916,62120/200
25917,63809/760
25918,61538/120
25919,61537/100
25920,25499/209
25921,29899/061
25922,29899/062
25923,21193/198
25924,22999/045
25925,23699/080
25926,25919/168
25927,20252/036
25928,COZ00738AZL
25929,MES02459NAT
25930,MES03456NAT
25931,FS6966
25932,FS7115
25933,FS3596
25934,FS7046
25935,FS6279
25936,FS7021
25937,FS7023
25938,FS7069
25939,FS6714
25940,FS6876
25941,FS6883
25942,FS3525
25943,FS6679
25944,FS6215
25945,FS4879
25946,500071
25947,R20544
25948,R29127
25949,R29128
25950,R29129
25951,R29291
25952,R29292
25953,R29442
25954,PF400CHF
25955,PF450CHF
25956,QM400CHF
25957,HT180VDMF
25958,VS280VDMF
25959,EC500PTF
25960,OF1100BCF
25961,OF1200BCF
25962,COB300BMB
25963,COB400BMB
25964,COB500BMB
25965,CEB1000BMB
25966,CEB2000BMB
25967,CEB3000BMB
25968,CDM1400PWN
25969,COB100BMB
25970,LX4300PTF
25971,LX4250PTF
25972,LX4200PTF
25973,DFW100CHF
25974,DFW200CHF
25975,S0894
25976,26500/012
25977,23599/682
25978,25056/160
25979,25817/160
25980,25818/160
25981,25688/000
25982,20845/040
25983,20196/016
25984,20387/020
25985,20846/028
25986,BLHTON10KS
25987,BLHTON19KS
25988,BLHTON20OV
25989,BLHTON24OV
25990,BLHTON27CK
25991,BLHTON30OV
25992,BLHTON31DT
25993,GRPBNC28CK
25994,GRPGRM02KT
25995,GRPGRM04CT
25996,GRPGRM15DZ
25997,GRPGRM21DZ
25998,GRPGRM25DZ
25999,GRPMUG03KKN
26000,GRPVAO15OKY
26001,GRPVAO18KS
26002,GRPVAO19DZ
26003,GRPVAO24DZ
26004,GRPVAO29DZ
26005,GRPVNT8KS
26006,MNMBLM23CK
26007,MNMGRM21DZ
26008,OCHAL250CF
26009,PATNEA01CT
26010,PATNEA02KT
26011,PATNEA30DZ
26012,PATNEA32DZ
26013,RDXBLM23CK
26014,RDXBNC28CK
26015,RDXGRM15DZ
26016,RDXGRM16CK
26017,RDXGRM21DZ
26018,RDXGRM24CK
26019,RDXGRM25DZ
26020,RDXGRM27CK
26021,RDXGRM27DZ
26022,RDXVAO15OKY
26023,RDXVAO19DZ
26024,RDXVAO23CK
26025,RDXVAO24DZ
26026,RDXVAO29DZ
26027,SHATON14KS
26028,SHATON15OV
26029,SHATON19KS
26030,SHATON20OV
26031,SHATON24OV
26032,SHATON27CK
26033,SUP200KF
26034,SUP90KF
26035,1500000
26036,1500035
26037,1500001
26038,1500002
26039,1500007
26040,1510035
26041,1550000
26042,1550001
26043,1550002
26044,1550007
26045,3520012
26046,L1774
26047,L1775
26048,L1779
26049,L1781
26050,L2444
26051,L2468
26052,L2483
26053,L2593
26054,L2595
26055,L2656
26056,L2872
26057,L2890
26058,L2988
26059,L4547
26060,L4907
26061,L4910
26062,L4913
26063,L5355
26064,L5360
26065,L5466
26066,L5467
26067,L5713
26068,L7008
26069,L7256
26070,L7534
26071,L8520
26072,L8523
26073,82250
26074,82251
26075,82252
26076,82253
26077,82255
26078,82256
26079,82257
26080,13601/351
26081,13608/351
26082,13609/351
26083,13518/351
26084,025/7
26085,037/6
26086,27
26087,166
26088,135
26089,179N
26090,207N
26091,224/P
26092,293N
26093,040/A
26094,040/FR
26095,040/SG
26096,301012001
26097,303012001
26098,302012001
26099,300012001
26100,234012001
26101,233012001
26102,232012001
26103,231012001
26104,191012001
26105,258012001
26106,259012001
26107,34012001
26108,377012001
26109,378012001
26110,379012001
26111,250012001
26112,50012001
26113,151012001
26114,154012001
26115,155012001
26116,156012001
26117,308006520
26118,205012001
26119,319012001
26120,320012001
26121,321012001
26122,322006001
26123,323006001
26124,451012003
26125,430024003
26126,428024003
26127,153012002
26128,182012002
26129,545012003
26130,553012003
26131,560004M00
26132,309147G
26133,309146
26134,309151
26135,309222
26136,309220
26137,309221
26138,B2205/300
26139,B2205/303
26140,B2205/301
26141,B2205/304
26142,B2205/305
26143,70132406
26144,122106
26145,140267
26146,140271
26147,140270
26148,140269
26149,666237
26150,666238
26151,666233
26152,62121/160
26153,123414
26154,123413
26155,349789
26156,349788
26157,349790
26158,349793
26159,349791
26160,349792
26161,62124/200
26162,196151
26163,105006
26164,105008
26165,105012
26166,105014
26167,105018
26168,105022
26169,105024
26170,PRPKS720
26171,PB96881
26172,MWF037
26173,MWSD182
26174,4729K270
26175,BNC01CF-2C
26176,BNC28CK-2C
26177,GOIGRM27DZ-2C
26178,GRM01CT-2C
26179,GRM27DZ-2C
26180,PIKPOT18CK-2C
26181,PIKPOT22CK-2C
26182,PIKPOT25CK-2C
26183,TRAPOT22CK-2C
26184,TRAPOT25CK-2C
26185,350ORGP
26186,480ORGP
26187,650ORGP
26188,345P
26189,500ORGP
26190,800ORGP
26191,3510022
26192,3580016
26193,4022838-7300
26194,4067428-8100
26195,4067430
26196,1965228-7500
26197,1965228-7600
26198,4085828-7300
26199,4085828-7400
26200,4077814-7300
26201,2864219-5700
26202,2864219-5400
26203,6165226-5700
26204,2864219-5200
26205,6167423-5300
26206,54471
26207,54472
26208,54473
26209,54475
26210,54476
26211,325634
26212,325639
26213,11729
26214,1622130
26215,1622131
26216,52684
26217,52685
26218,2932713
26219,2932722
26220,2932726
26221,1889852
26222,1889853
26223,54110000708
26224,54110000710
26225,54110000711
26226,54110000712
26227,55890333
26228,55890344
26229,55890345
26230,55890350
26231,55890348
26232,62123/240
26233,2450000
26234,2450035
26235,2450001
26236,2450029
26237,B4919720
26238,RESRS06
26239,AGR11KS
26240,AGR16KS
26241,AGR19KS
26242,AGR25KS
26243,BLHTON36DT
26244,BLHTON36OV
26245,CAR20CK
26246,CAR21KR
26247,E105RIT01CF
26248,E105RIT02KF
26249,GNP1/1KVT
26250,GNP1/3KVT
26251,GNP2/3KVT
26252,GOIGNP1/3KVT
26253,GRPGRM16CK
26254,GRPGRM23KS
26255,GRPGRM27DZ
26256,GRPRIT01CF
26257,GRPRIT02KF
26258,GRPRIT05CPF
26259,GRPVAO23CK
26260,GRPVAO36DT
26261,GRPVNT22KS
26262,HORRPL23JO
26263,MNMGRM16KS
26264,MNMGRM25DZ
26265,MOS7AKS
26266,MOV20OV
26267,MOV30DT
26268,NOTAGR11KS
26269,NOTAGR16KS
26270,NOTAGR19KS
26271,NOTAGR25KS
26272,OCHAL01KF
26273,OCHAL01KT
26274,OCHAL18DZ
26275,OCHAL22OV
26276,OCHAL23CK
26277,OCHAL24DZ
26278,OCHAL250CT
26279,OCHAL27CK
26280,OCHAL28CK
26281,OCHAL28DZ
26282,OCHAL28OV
26283,OCHAL30DZ
26284,OCHAL32DZ
26285,PTRBLM25CK
26286,PTRBNC28CK
26287,PTRGRM02KT
26288,PTRGRM04CT
26289,PTRGRM16KS
26290,PTRGRM17DZ
26291,PTRGRM27DZ
26292,PTRGRM30DZ
26293,PTRVAO18KS
26294,PTRVAO26CK
26295,PTRVAO29DZ
26296,RDXGRM32PZ
26297,RDXVAO18KS
26298,SHATON10KS
26299,SMTARCGRM04CT
26300,SMTARCGRM16KS
26301,SMTARCGRM19OKY
26302,SMTARCGRM21DZ
26303,SMTARCGRM23DZ
26304,SMTARCGRM27DZ
26305,SMTARCGRM32PZ
26306,SMTARCMOV25OV
26307,SMTGANBLM23CK
26308,SMTGANGRM16CK
26309,SMTGANGRM17DZ
26310,SMTGANGRM21DZ
26311,SMTTRQGRM27DZ
26312,SMTTRQMOV20OV
26313,SPRDBLM23CK
26314,SPRDBNC28CK
26315,SPRDGRM04CT
26316,SPRDGRM23DZ
26317,SPRDMOV25OV
26318,TRAPOT31OV
26319,TRAPOT37OV
26320,122110
26321,122108
26322,105010
26323,105016
26324,105020
26325,CAR25DT
26326,340445
26327,5431016040
26328,5431026040
26329,5431036049
26330,5431076040
26331,5431646040
26332,5500029000
26333,346934
26334,1023
26335,01012A
26336,40538
26337,40539
26338,93311
26339,11767
26340,3039
26341,93318
26342,93352
26343,88843
26344,88826
26345,840
26346,14940
26347,910
26348,11620
26349,11621
26350,30334
26351,33270
26352,33271
26353,960
26354,93351
26355,STD102
26356,96980/072
26357,36032
26358,10995
26359,93375
26360,93334
26361,93335
26362,82352
26363,10749
26364,10748
26365,40694
26366,93141
26367,93350
26368,830
26369,33288
26370,33210
26371,14966
26372,794
26373,30047
26374,30048
26375,30057
26376,88836
26377,88949
26378,88080
26379,71001
26380,71002
26381,71005
26382,81999
26383,81998
26384,81117
26385,81118
26386,740123091000000
26387,801122141000102
26388,801182141000102
26389,801192441000102
26390,801192141000102
26391,801121541000102
26392,801223141000102
26393,801222541000102
26394,120144
26395,120160
26396,4974
26397,4970
26398,7109.46
26399,7112.36
26400,4964
26401,4956.01
26402,4956.02
26403,4956.03
26404,4956.04
26405,2203.08
26406,2203.13
26407,2203.18
26408,2203.23
26409,8056
26410,2380.18
26411,2120.25
26412,4940.08
26413,4940.10
26414,4940.25
26415,4389.09
26416,4389.11
26417,4389.25PB
26418,5490896040
26419,5490406040
26420,642806040
26421,B0813582
26422,B5123022-704
26423,B7217090
26424,B5119219
26425,B0812551
26426,ABC17022
26427,ABC17084
26428,11546
26429,10791
26430,UC125-06
26431,UC125-08
26432,P2411
26433,P2412
26434,24616
26435,SCH8350
26436,111025
26437,100115
26438,120912
26439,121001
26440,122003
26441,121007
26442,121010
26443,125055
26444,215131
26445,121045
26446,120831
26447,166701
26448,160204
26449,160205
26450,160206
26451,140006
26452,112825
26453,44114
26454,44110
26455,165009
26456,252121
26457,120801
26458,118326
26459,140952
26460,468957
26461,118325
26462,118328
26463,115092
26464,115051
26465,130715
26466,250350
26467,116011
26468,116014
26469,116017
26470,116018
26471,421709
26472,150465
26473,380102
26474,382012
26475,264908
26476,336034
26477,336063
26478,337011
26479,336012
26480,336001
26481,336010
26482,336038
26483,371424
26484,215250
26485,382073
26486,382036
26487,350029
26488,380266
26489,382236
26490,167532
26491,169002
26492,376061
26493,376040
26494,187709
26495,115005
26496,154052
26497,154051
26498,112657
26499,385050
26500,331125
26501,140204
26502,960103
26503,421501
26504,421716
26505,73182
26506,267035
26507,267032
26508,267036
26509,267027
26510,702616
26511,702618
26512,100132
26513,K160
26514,K161
26515,K181
26516,K254
26517,K254PS
26518,K256PS
26519,K262PS
26520,K610
26521,AN853
26522,VD23026
26523,ALX23098
26524,VD23243
26525,TC23227
26526,TC23231
26527,TC23232
26528,VD23400
26529,VD23401
26530,GNP1/2KVT
26531,GOIGNP1/1KVT
26532,GOIGNP1/2KVT
26533,GOIGNP2/3KVT
26534,MRGGNP1/1KVT
26535,MRGGNP1/2KVT
26536,MRGGNP1/3KVT
26537,MRGGNP2/3KVT
26538,S4-F1-75-CT431-G
26539,S4-F1-75-VVF0291-G
26540,F1-F3-01-NTF042-B
26541,P2-S6-06-HEF411
26542,S4-F1-79-CRS411-ST
26543,S4-C2-13-NTF0411-GS
26544,S4-C2-13-NTF194-GS
26545,P2-S6-07-SS02910450
26546,RP-08-71-SS02910450
26547,SC-17-17-SS02910450
26548,S5-05-07-SS02910450
26549,S1-F3-41-SR43
26550,RP-90-44-BK
26551,P2-S6-07-RHZ422021
26552,RP-08-71-RHZ422021
26553,SC-17-17-RHZ422021
26554,S5-05-07-RHZ422021
26555,S1-F3-41-RHZ422021
26556,RP-90-44-G
26557,S5-F3-01-SR026-LEALG
26558,AQ23090
26559,HS917131FLB
26560,HS918123FLB
26561,MH035
26562,MH090
26563,HS919211FLB
26564,HS919087FLB
26565,H932211
26566,HS932128FLB
26567,HS325128FLB
26568,HS326087FLB
26569,H179128P
26570,B300062
26571,B300087
26572,B300105
26573,B300140
26574,B300040
26575,B300060
26576,B301087
26577,B301106
26578,B301085
26579,B301170
26580,H987075
26581,H987098
26582,H143063
26583,H179128A
26584,H179128S
26585,325530SC-FLBG
26586,325530SC-FLCZ
26587,325530SC-FLPR
26588,325530SC-FLVD
26589,325530BUBG
26590,AC2246EAB
26591,AC2246EAP
26592,AC2197EAB
26593,AC2197EAP
26594,AC2076AAAB
26595,AC2046AAAB
26596,AC11211AAPV
26597,AC1453IAPV
26598,AC2165VAB
26599,AC1468VAB
26600,AC2165VAP
26601,AC1468VAP
26602,AC8404AAPV
26603,AC8405AAPV
26604,AC2059FAPV
26605,AC1935VAPV
26606,AC1934TAPV
26607,AC1933TAPV
26608,AC1953AAPV
26609,AC2024AAPV
26610,AC5313SAPV
26611,AC5366SAA
26612,AC5283SAPV
26613,AC6706M
26614,AC6706MAA
26615,AC11171JAA
26616,AC7174AAPV
26617,AC1614AAPV
26618,AC2267I
26619,AC1255HAPB
26620,AC1254HAPB
26621,AC2251EAB
26622,AC2251EAP
26623,AC1982HAR
26624,AC2167FA
26625,1781TR
26626,903TR
26627,19
26628,740121591000000
26629,T8651
26630,T4022
26631,T9251
26632,T9161
26633,T9091
26634,T9600
26635,T9800
26636,T4485
26637,T5021
26638,1231120102
26639,1427120101
26640,1461120101
26641,1327120101
26642,16014120101
26643,15314120101
26644,14327120101
26645,14661120101
26646,14614120101
26647,17114120101
26648,14214120101
26649,14831120101
26650,15214120101
26651,14014120101
26652,14064120101
26653,15014120101
26654,15064120101
26655,17227120101
26656,240026
26657,24017
26658,11114106501
26659,11114108501
26660,11114109401
26661,11114118601
26662,11114118801
26663,11114118901
26664,11114119001
26665,11114120101
26666,11114121201
26667,1111473901
26668,1111477201
26669,1214118801
26670,1226111101
26671,1227122201
26672,1231119401
26673,12326120302
26674,12326120702
26675,12326120802
26676,1326111101
26677,1327122201
26678,1331119401
26679,1401496001
26680,1414118801
26681,1426111101
26682,1427122201
26683,1431119401
26684,14314118801
26685,1431496001
26686,1441496001
26687,14831118801
26688,1483196001
26689,1511496001
26690,1521496001
26691,15314118801
26692,15514118801
26693,1593196001
26694,17114106501
26695,17114108501
26696,17114109401
26697,17114118601
26698,17114118801
26699,17114118901
26700,17114119001
26701,17114121201
26702,1711473901
26703,1711477201
26704,17227106501
26705,17227106802
26706,17227108501
26707,17227118601
26708,17227118901
26709,17227119001
26710,17227121201
26711,1722773901
26712,1722777201
26713,17327106501
26714,17327106802
26715,17327108501
26716,17327118601
26717,17327118901
26718,17327119001
26719,17327120101
26720,17327121201
26721,1732773901
26722,1732777201
26723,351473901
26724,351481301
26725,351495801
26726,3526111101
26727,3531106802
26728,3531108501
26729,3531108801
26730,3531115801
26731,3531119401
26732,353196001
26733,IRSBLM23CK
26734,AP1238
26735,BM1420
26736,SN1503
26737,ASA1806
26738,BM19161
26739,BM19162
26740,AN960
26741,SN19224
26742,BZD04
26743,APA25
26744,AF20218
26745,AF20219
26746,BM20126
26747,AN2052
26748,APA25X
26749,SN21003
26750,SN11233X
26751,SN14287X
26752,VD21047
26753,VD21048
26754,AH22237
26755,BM22024U
26756,AC22376
26757,VD22425
26758,AN2243
26759,AN2244
26760,AC22434
26761,AC22435
26762,AC22436
26763,AC22437
26764,AC22438
26765,AC22439
26766,AC22440
26767,AC22441
26768,SN23046
26769,AQ23076
26770,AC23086
26771,AC23087
26772,AQ23092
26773,AQ23094
26774,AF23100
26775,AC23247
26776,AC23250
26777,AF23286
26778,VD23221
26779,VD23225
26780,VD23240
26781,SN23171
26782,SN23172
26783,SN23173
26784,SN23141
26785,ASA23165
26786,AM23208
26787,AM23209
26788,ASA23321
26789,ASA23323
26790,AQ23309
26791,ASS23371
26792,ASS23373
26793,AC23363
26794,BH23353
26795,BH23352
26796,YK23354
26797,YK23357
26798,YK23391
26799,SN23407
26800,SN23448
26801,AF23443
26802,VD24001
26803,VD24002
26804,VD24004
26805,DM24013
26806,DM24014
26807,DM24015
26808,SF24135
26809,PN28WL
26810,69702
26811,69651
26812,69699
26813,128105
26814,128113
26815,126747
26816,126739
26817,126731
26818,114151
26819,114101
26820,114107
26821,141746
26822,76409
26823,76411
26824,117035
26825,124369
26826,141002O
26827,117060
26828,115273
26829,115280
26830,69696
26831,69653
26832,69715
26833,309631
26834,309149
26835,309150
26836,309152
26837,309155
26838,309096
26839,309097
26840,309249
26841,309248
26842,309247
26843,R20636
26844,R20694
26845,R20845
26846,R20855
26847,R20857
26848,R7516
26849,PHB605BCF
26850,PTM1100CHF
26851,PTM1200CHF
26852,PTM1300CHF
26853,JB200CHF
26854,OGB1600BMB
26855,OGB1500BMB
26856,BFM600BGF
26857,OMW100PTF
26858,5613786049
26859,5613046040
26860,5613056040
26861,5613066049
26862,5613096040
26863,5613356040
26864,5613366040
26865,5613666049
26866,APSGRM21DZ
26867,LPNGRM21DZ
26868,ODTOLGRM21DZ
26869,SHATON31DT
26870,SPRDGRM27DZ
26871,CER-2252-W
26872,242192
26873,LX4400PTF
26874,1226120001
26875,1326120001
26876,3526120001
26877,16414119801
26878,36161119801
26879,14664119801
26880,15064119801
26881,14064119801
26882,14361119801
26883,14661119801
26884,1214118901
26885,1314118901
26886,1414118901
26887,16626118901
26888,16014118901
26889,12014118901
26890,14831118901
26891,14414118901
26892,15214118901
26893,14014118901
26894,15014118901
26895,14064118901
26896,15064118901
26897,15314118901
26898,15414118901
26899,3514118901
26900,37427118901
26901,16414118901
26902,1214119001
26903,1414119001
26904,1314119001
26905,17926119001
26906,12014119001
26907,16014119001
26908,14664119001
26909,15314119001
26910,15414119001
26911,14831119001
26912,14414119001
26913,15214119001
26914,15114119001
26915,15064119001
26916,14064119001
26917,15014119001
26918,14014119001
26919,3514119001
26920,36161119001
26921,37427119001
26922,16414106701
26923,1214118601
26924,1314118601
26925,12014118601
26926,16626118601
26927,17926118601
26928,14664118601
26929,15314118601
26930,14831118601
26931,15114118601
26932,15014118601
26933,14014118601
26934,15064118601
26935,14064118601
26936,36161118601
26937,3514118601
26938,38027118601
26939,37427118601
26940,1314118801
26941,12014118801
26942,16014118801
26943,16626118801
26944,17926118801
26945,14664118801
26946,15414118801
26947,14414118801
26948,15014118801
26949,14014118801
26950,15214118801
26951,15114118801
26952,15064118801
26953,14064118801
26954,1214120101
26955,1314120101
26956,1414120101
26957,16626120101
26958,17926120101
26959,14664120101
26960,12014120101
26961,15414120101
26962,14414120101
26963,15114120101
26964,3514120101
26965,3531120101
26966,37427120101
26967,16414120101
26968,3742773901
26969,37427106501
26970,37427109401
26971,3742777201
26972,1914118901
26973,14314118901
26974,14326118901
26975,14327118901
26976,15514118901
26977,14614118901
26978,14361118901
26979,14661118901
26980,1914106701
26981,14314119001
26982,14361119001
26983,15514119001
26984,14326119001
26985,14327119001
26986,14614119001
26987,14661106701
26988,14314118601
26989,1914118601
26990,14361118601
26991,15514118601
26992,14326118601
26993,14327118601
26994,14661118601
26995,14614118601
26996,14314120101
26997,1914120101
26998,14361120101
26999,15514120101
27000,14326120101
27001,1551473901
27002,1551477101
27003,15514106501
27004,1551477201
27005,15514109401
27006,15514108801
27007,15514109301
27008,3514110501
27009,3514108701
27011,D50000
27012,D50001
27013,D160222
27014,U10351-BHG
27015,U10380-0-11-ABD
27016,E10375-MB
27017,309034
27018,309430
27019,309490
27020,309489
27021,309501
27022,309502
27023,309580
27024,309465
27025,309440
27026,309439
27027,309434
27028,309432
27029,309431
27030,309436
27031,309435
27032,309382
27033,309766
27034,309032
27035,308818
27036,308657
27037,308656
27038,309491
27039,309503
27040,309765
27041,309427
27042,309184
27043,309499
27044,309433
27045,308887
27046,309154
27047,14664118901
27048,15114118901
27049,15214118601
27050,14326118801
27051,14327118801
27052,FRYWDGRM27DZ
27053,FRYWDGRM19DZ
27054,FRYWDBLM25CK
27055,FRYWDBLM23CK
27056,FRYWDVAO29DZ
27057,FRYWDMOS11KS
27058,RDXBLM25CK
27059,RDXVAO36DT
27060,SMTARCBNC28CK
27061,SMTARCMOV31OV
27062,BLHTON14KS
27063,OCHAL22DZ
27064,OCHAL32OV
27065,IRSBNC24CK
27066,SMTLUCSNVAO12OKY
27067,SMTSWYBNC24CK
27068,LPMIBLTP
27069,LPROGDBL
27070,LPMTWT
27071,LPMTBL
27072,LPMCWT
27073,LPMCBL
27074,17312
27075,13101
27076,SCH8636
27077,SCH8640
27078,SCH8641
27079,SCH8637
27080,SCH8638
27081,SCH8642
27082,SCH8643
27083,L220030
27084,L220117
27085,L220127
27086,L220128
27087,L220129
27088,L220130
27089,L220136
27090,L220371
27091,L220376
27092,L220380
27093,L220530
27094,L5338
27095,L5633
27096,L7363
27097,63171
27098,61537/140
27099,345G
27100,SCA81MA
27101,309272
27102,309270
27103,309268
27104,309273
27105,309274
27106,309275
27107,309277
27108,309243
27109,309267
27110,309302
27111,309301
27112,308869
27113,309612
27114,309615
27115,308867
27116,309619
27117,309621
27118,309282
27119,309138
27120,309136
27121,309597
27122,309603
27123,309281
27124,TW-203
27125,TW-202
27126,TW-204
27127,TW-203C
27128,TW-202C
27129,TW-182
27130,TW-181
27131,TW-206
27132,TW-208
27133,TW-207
27134,TW-206C
27135,TW-208C
27136,TW-188
27137,TW-187
27138,TW-186
27139,TW-220
27140,TW-221
27141,TW-222
27142,TW-223
27143,TW-242
27144,TW-243
27145,TW-244
27146,TW-241
27147,TW-191
27148,TW-140
27149,TW-141
27150,TW-142
27151,TW-143
27152,TW-125
27153,TW-126
27154,TW-161
27155,TW-009
27156,TW-063
27157,TW-026
27158,TW-082
27159,TW-009C
27160,TW-063C
27161,TW-026C
27162,TW-082C
27163,TW-004
27164,TW-022
27165,TW-027
27166,TW-010
27167,TW-002
27168,TW-060
27169,TW-020
27170,TW-081
27171,TW-002C
27172,TW-060C
27173,TW-020C
27174,TW-081C
27175,62624/160
27176,690067
27177,690072
27178,690079
27179,96980/073
27180,96980/074
27181,96980/114
27182,96980/115
27183,PN20CL
27184,695172
27185,RW03
27186,RW01
27187,RW06
27188,RW04
27189,RW02
27190,RW05
27191,RW11
27192,RW07
27193,RW08
27194,RW09
27195,RW10
27196,JD02BK
27197,JD01BK
27198,JD03BK
27199,EM02LG
27200,EM01LG
27201,EM04LG
27202,EM03LG
27203,EM05LG
27204,EM02BK
27205,EM01BK
27206,EM04BK
27207,EM03BK
27208,EM05BK
27209,AR04BWBK
27210,AR03BWBK
27211,AR02BGGR
27212,AR01BGGR
27213,GL02
27214,GL01
27215,GL04
27216,GL03
27217,GL05
27218,NR01WH
27219,NR02WH
27220,NR08WH
27221,96900/093
27222,NR04WH
27223,NR05WH
27224,NR03WH
27225,96900/094
27226,96900/095
27227,NR04BK
27228,96900/096
27229,NR01BKWH
27230,B57763/100
27231,NR08BKWH
27232,NR07BKWH
27233,NR04BKWH
27234,NR05BKWH
27235,B57763/102
27236,NR01GR
27237,NR02GR
27238,NR08GR
27239,B57762/101
27240,NR04GR
27241,NR05GR
27242,NR03GR
27243,NR01BW
27244,B57762/103
27245,NR04BW
27246,NR03BW
27247,TA01
27248,96980/117
27249,NR06GR
27250,NR06BW
27251,PN24CL
27252,PN28CL
27253,1825
27254,1826
27255,1828
27256,L1729
27257,V4653
27258,SL0101
27259,SL0201
27260,SL0301
27261,SL0305
27262,SL0102
27263,SL0202
27264,SL0302
27265,SL0103
27266,SL0104
27267,TS0101
27268,TS0201
27269,TS0301
27270,TS0305
27271,TS0102
27272,TS0202
27273,TS0302
27274,TS0103
27275,TS0104
27276,ARCHIE.VD.05
27277,ARCHIE.VD.06
27278,ARCHIE.PK.13
27279,ARCHIE.CL.01
27280,ARCHIE.CL.02
27281,ARCHIE.PK.07
27282,ARCHIE.CL.03
27283,ARCHIE.PK.04
27284,CAKE3T.55947B
27285,CFH.5.9211
27286,CRFTHS.5.3013
27287,CRFTHS.MIXINGST
27288,DV.WD.1214
27289,DV.5.003.01.264
27290,DV.8.003.00.405
27291,DV.JUPITERAM.03
27292,DV.JUPITERAM.04
27293,DV.JUPITERCL.03
27294,DV.JUPITERCL.04
27295,DV.JUPITERBL.03
27296,DV.JUPITERBL.04
27297,DV.JUPITERPK.03
27298,DV.JUPITERPK.04
27299,DV.JUPITERSG.03
27300,DV.JUPITERSG.04
27301,DV.MALCOLMAM.03
27302,DV.MALCOLMCL.03
27303,DV.MALCOLMCL.04
27304,DV.MALCOLMGY.03
27305,DV.MALCOLMGY.04
27306,DV.MALCOLMPK.03
27307,DV.MALCOLMPK.04
27308,DV.PS.123
27309,DV.PS.BBS889BL
27310,DV.PS.BBS889CL
27311,DV.PS.HHH261BL
27312,DV.PS.HM.1286
27313,DV.PS.HM.1287
27314,DV.PS.HM.1288
27315,DV.PS.SOLE.01
27316,DV.PS.SOLE.02
27317,DV.PS.SOLE.03
27318,DV.PS.YYY303CG
27319,DV.PS.YYY303CL
27320,DV.PS.YYY303RB
27321,DV.PS.YYY303SB
27322,DV.PS.YYY303SG
27323,DV.PS.YYY311CG
27324,DV.PS.YYY320CL
27325,DV.PS.YYY311SG
27326,DV.MD.VF0479GR
27327,DV.MD.VF0481GR
27328,DV.PW.0012
27329,JUPITERCL.14
27330,JUPITERCL.21
27331,JUPITERCL.24
27332,JUPITERCL.22
27333,JUPITERCL.20
27334,JUPITERCL.23
27335,JUPBL.CAKE.08
27336,JUPCL.CAKE.13
27337,JUPCL.CAKEDS.18
27338,JUPPK.CAKE.13
27339,JUPST.CAKE.08
27340,MD.PIPER.BL.01
27341,MD.PIPER.BL.02
27342,MD.PIPER.ST.03
27343,MD.PIPER.ST.04
27344,MD.PIPER.BL.05
27345,MD.PIPER.BL.06
27346,MD.PIPER.ST.07
27347,MD.PIPER.ST.08
27348,MD.LACOTE.AM.01
27349,MD.LACOTE.MG.02
27350,MD.LACOTE.AM.03
27351,MD.LACOTE.MG.04
27352,MD.LACOTE.AM.05
27353,MD.LACOTE.MG.06
27354,MD.LACOTE.AM.07
27355,NOHO.AMBER.03
27356,NOHO.AMBER.04
27357,NOHO.BLUE.03
27358,NOHO.BLUE.04
27359,NOHO.CLEAR.03
27360,NOHO.CLEAR.04
27361,NOHO.PINK.03
27362,NOHO.PINK.04
27363,NOHO.CLEAR.09
27364,PS.LACOTE.AM.01
27365,PS.LACOTE.MG.02
27366,PS.ORB.BL.03
27367,PS.ORB.BL.04
27368,PS.ORB.CB.03
27369,PS.ORB.CB.04
27370,PS.ORB.CL.03
27371,PS.ORB.CL.04
27372,PS.ORB.SG.03
27373,PS.ORB.SG.04
27374,PS.SOLE.AS.03
27375,STN.1100.02
27376,STN.1100.03
27377,STN.1100.04
27378,STN.1100.17
27379,STN.1100.97
27380,STN.1100.98
27381,STN.1100.99
27382,1.5B.165.00.005
27383,1.5.102.FC.002
27384,1.5.102.FC.005
27385,1.5.102.FC.011
27386,1.5.102.FC.012
27387,1.5.102.FC.021
27388,1.5.130.00.002
27389,1.5.130.00.005
27390,1.5.130.00.011
27391,1.5.130.00.012
27392,1.5.130.00.021
27393,1.5.622.SB.002
27394,1.5.622.SB.005
27395,1.5.622.SB.011
27396,1.5.622.SB.012
27397,1.5.622.SB.021
27398,1.5.910.00.002
27399,1.5.910.00.005
27400,1.5.910.00.011
27401,1.5.910.00.012
27402,1.5.910.00.021
27403,1.5B.165.00.002
27404,1.5B.165.00.004
27405,1.5B.165.00.011
27406,1.5B.165.00.012
27407,6100.F0000.141
27408,6100.F0000.142
27409,6100.F0000.39
27410,FSB-LIGHT
27411,DV.MD.VF0415GR
27412,DV.PS.YYY311CL
27413,208443
27414,70305104080099
27415,70302354080002
27416,HS26068CC
27417,HS143050CC
27418,HS412010CC
27419,HS299123CC
27420,HS959210CI
27421,HS959128CI
27422,HS959130CI
27423,HS411043CI
27424,HS144043CI
27425,HS796055CI
27426,HS412010CI
27427,HS299123CI
27428,HS299134CI
27429,HS283208SS
27430,HS284128SS
27431,HS286128SS
27432,HS285208SS
27433,HS280160SS
27434,HS280118SS
27435,HS287118SS
27436,HS281160SS
27437,HS282102SS
27438,HS283208SP
27439,HS284128SP
27440,HS286128SP
27441,HS285208SP
27442,HS280160SP
27443,HS280118SP
27444,HS287118SP
27445,HS281160SP
27446,HS282102SP
27447,HS320208SG
27448,HS320128SG
27449,HS319128SG
27450,HS319104SG
27451,HS26068SG
27452,HS168045SG
27453,HS257060SG
27454,HS299123SG
27455,HS318110SG
27456,HS918123D2FLB
27457,HS918123D1FLB
27458,237324
27459,76120420
27460,76120424
27461,76120428
27462,76120430
27463,76120432
27464,76142528
27465,76142824
27466,76142828
27467,76143028
27468,76143920
27469,76143924
27470,76144024
27471,76144028
27472,76144228
27473,76143324
27474,76143424
27475,76143428
27476,76143628
27477,76120752
27478,76140432
27479,NEA01CF
27480,NEA02KF
27481,701181691101791
27482,701181691101792
27483,701182191101791
27484,701182191101792
27485,701341091101791
27486,701341091101792
27487,701341691101791
27488,701341691101792
27489,701520091101791
27490,701520091101792
27491,701540091101791
27492,701540091101792
27493,701540191101791
27494,701540191101792
27495,701711491101791
27496,701711491101792
27497,701711691101791
27498,701711691101792
27499,701121591003000
27500,701131891003000
27501,701202691003000
27502,701203691003000
27503,706121691121955
27504,706341491121955
27505,706342291121955
27506,706540091121955
27507,701127191000582
27508,701316291000582
27509,701316591000582
27510,701545091000582
27511,701545191000582
27512,701203091000436
27513,701203591000436
27514,701310991000436
27515,701311491000436
27516,701311791000436
27517,701312191000436
27518,701316491000439
27519,701316791000439
27520,701317191000439
27521,701540091000436
27522,701312491001787
27523,701312691001787
27524,701312891001787
27525,309337
27526,309343
27527,309338
27528,309340
27529,309341
27530,309334
27531,309269
27532,309242
27533,309158
27534,309304
27535,96601/101
27536,96601/102
27537,96601/106
27538,96601/110
27539,96980/089
27540,96980/090
27541,96980/091
27542,96980/092
27543,96980/113
27544,96980/097
27545,96980/098
27546,96980/099
27547,96980/100
27548,96980/111
27549,96980/101
27550,60573
27551,12610
27552,96980/103
27553,96980/104
27554,54110000715
27555,55890341
27556,96980/110
27557,96980/075
27558,96980/076
27559,96980/077
27560,96980/078
27561,96980/093
27562,96980/094
27563,96980/095
27564,96980/096
27565,96980/112
27566,96980/118
27567,96980/119
27568,96980/120
27569,96980/121
27570,V1269
27571,BTS01
27572,BTF01
27573,BTK01
27574,BSK01
27575,BDK01
27576,BDS01
27577,BDF01
27578,BCHS01
27579,BCS01
27580,DL0101
27581,DL0201
27582,DL0301
27583,ASK01
27584,DL0302
27585,DL0102
27586,DL0202
27587,DL0103
27588,DL0104
27589,CS0101
27590,CS0201
27591,CS0301
27592,FSK01
27593,CS0302
27594,CS0102
27595,CS0202
27596,CS0103
27597,CS0104
27598,HR0101
27599,HR0201
27600,HR0301
27601,DSK01
27602,HR0302
27603,HR0102
27604,HR0202
27605,HR0103
27606,HR0104
27607,BMRTS01
27608,BMRTF01
27609,BMRTK01
27610,BMRTKMB01
27611,BMRSKMB01
27612,BMRDKMB01
27613,BMRDS01
27614,BMRCHS01
27615,BMTTS01
27616,BMTTF01
27617,BMTTK01
27618,BMTTKMB01
27619,BMTSKMB01
27620,BMTDKMB01
27621,BMTCHS01
27622,HTS01
27623,HTF01
27624,HTK01
27625,HSK01
27626,HDK01
27627,HDS01
27628,HDF01
27629,HCHS01
27630,D008TS01
27631,D008TF01
27632,D008TK01
27633,D008SK01
27634,D008DK01
27635,D008DS01
27636,D008DF01
27637,D008CHS01
27638,D008SS01
27639,PTS01
27640,PTF01
27641,PTK01
27642,PSK01
27643,PDK01
27644,PDS01
27645,PDF01
27646,PCHS01
27647,PCS01
27648,FT0208
27649,FT1108
27650,AKSSH01
27651,FT0108
27652,FT0908
27653,ASSF01
27654,ASSSP01
27655,ASSSL01
27656,DSL01
27657,DFK01
27658,DFF01
27659,DSVK01
27660,DSF01
27661,690074
27662,690076
27663,690170
27664,690174
27665,692068
27666,692083
27667,697185
27668,ASA23178
27669,AQ23370
27670,ASA23445
27671,DM24007
27672,DM24010
27673,DM24016
27674,DM24020
27675,VD24044
27676,VD24045
27677,VD24046
27678,SF24133
27679,AN902
27680,AN901
27681,AN907
27682,AN908
27683,AN909
27684,ASS23375
27685,ASS23378
27686,ASS23380
27687,B56415/101
27688,B56415/100
27689,B56415/102
27690,B56415/104
27691,B56415/103
27692,B57760/100
27693,B57760/101
27694,B57761/100
27695,B57761/101
27696,B1625/301
27697,B2310/332
27698,00628BG
27699,30132BG
27700,GRPGRM16KS
27701,MRGRPL23JO
27702,A033
27703,P001VM
27704,P023VD
27705,P023VM
27706,P033
27707,P036
27708,P037
27709,P038
27710,P039
27711,G1400N-B2
27712,G1200-B2
27713,SM800
27714,PLAN2000P-B2
27715,M300-B2
27716,L7000G-B2
27717,L800-B2
27718,HH-0168
27719,MS-29455
27720,UC-008
27721,FK-45642
27722,HH-0100
27723,HH-0114
27724,MS-12437
27725,MS-48222
27726,MS-77729
27727,HH-0191
27728,HH-0192
27729,HH-0193
27730,HH-0194
27731,HH-0195
27732,HH-0196
27733,HH-0197
27734,HH-0198
27735,HH-0199
27736,HH-0163
27737,HH-0135
27738,FK-49806
27739,MUG10KST
27740,HH-0136
27741,FK-686193
27742,154001
27743,63929/020
27744,63929/040
27745,63929/010
27746,63929/050
27747,63929/860
27748,63929/070
27749,63929/080
27750,63929/830
27751,8018.T
27752,8019.02
27753,8019.03
27754,8019.05
27755,5415
27756,4901.03
27757,4260.04
27758,1938
27759,5257
27760,4910
27761,FT0800
27762,HR0800
27763,DL0800
27764,CS0800
27765,FT1008
27766,SMTARCBLM25CK
27767,MR-LV-139
27768,HH-0219
27769,B2051/327
27770,B2425/300
27771,B3401/202
27772,IRSWHGRM19KKT
27773,KRM25KS
27774,MOD9DKS
27775,MOD9KS
27776,MUG03KKN
27777,NOTMOD9DKS
27778,RIT23KS
27779,VAO36DT
27780,VNT01SK
27781,VNT8KS
27782,10451
27783,10836
27784,10849
27785,15921
27786,93354
27787,750901091000000
27788,750910391000000
27789,5502936040
27790,330246
27791,V770552DCA1
27792,BPOSH33
27793,BPOSHI
27794,BPOSHII
27795,BBSOSCH
27796,BBMOSCH
27797,BBLOSCH
27798,BBLBOSCH
27799,SSRMOSH
27800,1953138
27801,294
27802,BAMDT6
27803,114358
27804,JW-INC18L
27805,MWCT122
27806,MWRU700Z
27807,7041
27808,BLOTTER45X45CM
27809,PC03WSP
27810,ORGANIZADORMESA
27811,DW412WVK
27812,DWFB147WDGW
27813,DWFB145WDGW
27814,DWFB14GRILL
27815,DW01001
27816,DWFB612WDGW
27817,DWFB66WDGW
27818,DWFBWDBASK1SGW
27819,DWFBWDBASK2SGW
27820,DWRISERS3WDGW
27821,DWKFB2411CAR
27822,DWKFB1414CAR
27823,DWKFB66CAR
27824,DW396CVRHOLD1
27825,DW073114143SS
27826,DW073114145SS
27827,DWFBUSHT4
27828,21177227164430
27829,93010300060000
27830,42813007160000
27831,L250110S2G
27832,L250110S2M
27833,L250110S2O
27834,L250110SC
27835,TAGINE27
27836,1222970000
27837,91533
27838,40536
27839,JW-SSC
27840,STJWIPCCK
27841,JW-CR38W
27842,JW-CRC1P
27843,JW-CRCS38
27844,JW-RCD
27845,JW-P134
27846,JW-P13HC
27847,JW-P166
27848,JW-P16HH
27849,P-061C
27850,P-080
27851,P-101C
27852,P-091C
27853,P-072P
27854,P-083P
27855,JW-ASP1826
27856,CB15201
27857,JW-JD8
27858,JW-C901-1
27859,JW-BW
27860,JW-BG
27861,JW-FP
27862,JW-FPP
27863,JW-BPP
27864,JW-BP
27865,JW-BS
27866,JW-BA
27867,JW-BH
27868,JW-BR
27869,77338
27870,1050
27871,1053
27872,1056
27873,1057
27874,30418
27875,30470
27876,30472
27877,30220
27878,11754
27879,30209
27880,33306
27881,33307
27882,85270
27883,85273
27884,85276
27885,85277
27886,40790
27887,40791
27888,40794
27889,40795
27890,40770
27891,40772
27892,40773
27893,40774
27894,40775
27895,40776
27896,10818
27897,36016
27898,93359
27899,83849
27900,36115
27901,36116
27902,75850
27903,75851
27904,75852
27905,79006
27906,79007
27907,79022
27908,79023
27909,79016
27910,79017
27911,79020
27912,79021
27913,79014
27914,79015
27915,79038
27916,79039
27917,79040
27918,79010
27919,79012
27920,SMT1348
27921,SMT1705B
27922,SMT2439B
27923,SMT1677A
27924,SMT2619A
27925,SMT2620A
27926,SMT2621A
27927,SMT1677V
27928,SMT2619V
27929,SMT2620V
27930,SMT2621V
27931,SMT1677L
27932,SMT2619L
27933,SMT2620L
27934,SMT2621L
27935,SMT1522LA
27936,SMT1522LS
27937,SMT1521LA
27938,SMT1521LS
27939,SMT2503LA
27940,SMT2503LS
27941,SMT2671LA
27942,SMT2671LS
27943,SMT5055LA
27944,SMT5055LS
27945,SMT5054LA
27946,SMT5054LS
27947,SMT2528LA
27948,SMT2528LS
27949,SMT2502LA
27950,SMT2502LS
27951,MEB622SIBG
27952,MEB622SCBG
27953,MEB622SIBBG
27954,MEB622SCBBG
27955,MEB622CBBG
27956,MEB622CHBSBG
27957,MET150RBLG
27958,MET180RBSG
27959,MET180RBSBG
27960,MET180RBMG
27961,MET180RBMBG
27962,MET154RBSG
27963,MET154RBSBG
27964,MET150CBG
27965,MET150CBBG
27966,MET156BG
27967,MET156BBG
27968,MET156RBGG
27969,MET156RBGBG
27970,MET156RG
27971,MET156RBG
27972,MEB622BTBG
27973,MEB622CSBG
27974,MET112G
27975,MET113G
27976,692088
27977,692074
27978,9730002-3800
27979,193088
27980,8822821-4500
27981,8805325-3800
27982,7293088-08722
27983,8887511
27984,8886511
27985,7265226-08722
27986,8805632-4500
27987,8887511-4500
27988,4010024-7300
27989,9730005-3400
27990,9730001-3400
27991,9730001-3800
27992,8805337-3600
27993,8856521
27994,8855521
27995,8857521-4500
27996,8805330
27997,9730006-3800
27998,8805337-3800
27999,2777715-08722
28000,8805337-4500
28001,8805333-3400
28002,8805333-3800
28003,8822921-4500
28004,4577814
28005,9730002-3600
28006,9730003-3800
28007,9730003-3400
28008,9730004-3600
28009,9730005-3800
28010,7264220-08722
28011,8822925-4500
28012,8805330-3800
28013,8805330-4500
28014,8805625-4500
28015,8805337-3400
28016,309160
28017,309238
28018,309230
28019,309239
28020,309237
28021,309229
28022,309159
28023,309585
28024,CAKE2T.55947A
28025,JUPITERCL.09
28026,DV.JUPITERLB.03
28027,DV.JUPITERLB.04
28028,DV.JUPITERSM.03
28029,DV.JUPITERSM.04
28030,JUPCL.CAKE.08
28031,MD.LACOTE.MG.01
28032,MD.LACOTE.MG.07
28033,MD.LACOTE.AM.06
28034,MD.LACOTE.AM.04
28035,MD.LACOTE.MG.05
28036,1.5.STK.SR.247
28037,1.5.STK.SR.248
28038,23118742
28039,94122609
28040,94122610
28041,22909
28042,16961118601
28043,16961106501
28044,16961119801
28045,16961118901
28046,16961108801
28047,1696173901
28048,16961106802
28049,SCH8687
28050,C50038
28051,IRSDNGRM25DZ
28052,BLHTON15OV
28053,GOIAGR11KS
28054,GRPMOS7AKS
28055,SHATON30OV
28056,SHATON36DT
28057,SHATON36OV
28058,OCHAL180CF
28059,OCHAL36OV
28060,PIKPOT31OV
28061,RDXMOV31OV
28062,RVSETHGRM04CT
28063,RVSETHGRM19KKT
28064,RVSETHGRM23DZ
28065,RVSETHGRM25DZ
28066,RVSETHGRM32PZ
28067,RVSLNGRM15DZ
28068,RVSLNGRM16KS
28069,RVSLNGRM23DZ
28070,RVSLNGRM24CK
28071,RVSLNGRM27DZ
28072,RVSLNGRM30DZ
28073,RVSLNRIT02KT
28074,SMTARCGRM15OKY
28075,SMTARCGRM24OKY
28076,SMTGANGRM23DZ
28077,SMTGANGRM25DZ
28078,SMTGANMOV25OV
28079,SMTTRQGRM16KS
28080,SMTTRQGRM17DZ
28081,SMTTRQGRM23DZ
28082,SMTTRQGRM25DZ
28083,SMTTRQMOV25OV
28084,SPRDBNC21DZ
28085,SPRDBNC23DZ
28086,SPRDBNC27DZ
28087,SPRDGRM15OKY
28088,SPRDGRM16KS
28089,SPRDGRM19KKT
28090,SPRDGRM19OKY
28091,SPRDGRM21DZ
28092,SPRDGRM24OKY
28093,SPRDGRM32PZ
28094,SPRDMOV31OV
28095,HAL40OV
28096,HAL36OV
28097,HAL32OV
28098,HAL28OV
28099,HAL22OV
28100,GRM24OKY
28101,GRM19OKY
28102,MOV36OV
28103,FGSH12EPLTBK
28104,GRM23KS
28105,SCH8644
28106,GRPMOS11AKS
28107,GRPMOS13AKS
28108,GRPMOS15AKS
28109,GRPMOS17AKS
28110,MOS11AKS
28111,MOS13AKS
28112,MOS15AKS
28113,EAT16CK
28114,EAT21DZ
28115,EAT25CK
28116,EAT25DZ
28117,EAT27DZ
28118,SANEAT16CK
28119,SANEAT21DZ
28120,SANEAT25CK
28121,SANEAT25DZ
28122,SANEAT27DZ
28123,RVSETHGRM15DZ
28124,RVSETHGRM16CK
28125,RVSETHGRM21DZ
28126,RVSETHGRM30DZ
28127,RVSLNBNC28CK
28128,RVSLNGRM21DZ
28129,RVSLNGRM25DZ
28130,SMTGANGRM24CK
28131,SMTGANGRM27DZ
28132,SMTGANMOV20OV
28133,SMTTRQBNC24CK
28134,SMTTRQBNC28CK
28135,SMTTRQGRM21DZ
28136,SPEOCMOS11AKS
28137,SPEOCMOS13AKS
28138,SPEOCMOS15AKS
28139,SPEOCMOS7AKS
28140,1.5.STK.00.240
28141,1.5.STK.00.239
28142,6003700
28143,6004800
28144,6006200
28145,6006100
28146,6001100
28147,6002600
28148,6002500
28149,6001200
28150,6001300
28151,6000200
28152,6006300
28153,6005100
28154,12330
28155,12335
28156,12336
28157,12337
28158,12338
28159,12339
28160,12329
28161,HS099208SB
28162,HS100128SB
28163,HS102208SB
28164,HS999098SB
28165,HS424118SB
28166,11671
28167,34L10BLU
28168,34L10VER
28169,34L10ARA
28170,34H50BLU
28171,34H50VER
28172,34H50ARA
28173,34H40BLU
28174,34H40VER
28175,34H40ARA
28176,20320BLU
28177,20320VER
28178,20320ARA
28179,20270BLU
28180,20270VER
28181,20270ARA
28182,20210BLU
28183,20210VER
28184,20210ARA
28185,20180BLU
28186,20180VER
28187,20180ARA
28188,24210BLU
28189,24210VER
28190,24210ARA
28191,24180BLU
28192,24180VER
28193,24180ARA
28194,VSB5BLUE
28195,VSB6BLUE
28196,6819BLUE
28197,VSB5GREE
28198,VSB6GREE
28199,6819GREE
28200,VSB5ORAN
28201,VSB6ORAN
28202,6819ORAN
28203,PTD8BRWR
28204,PTD6BRWR
28205,24A4BRWR
28206,24A0BRWR
28207,6820WOOD
28208,6818WOOD
28209,6814WOOD
28210,41A1DARK
28211,41A2DARK
28212,41A3DARK
28213,TA21DARK
28214,3429WOOD
28215,3433WOOD
28216,TA02WOOD
28217,STJW9RP
28218,CLSVAO29DZ
28219,2822005-08704
28220,8805320-4500
28221,8805320-3400
28222,8877822-4500
28223,8805330-3600
28224,8886511-4500
28225,9730001-3600
28226,193710
28227,1993820-08722
28228,9730004-3400
28229,9730004-3800
28230,8805320-3800
28231,4067430-7300
28232,8805325-3600
28233,8805325
28234,9730003-3600
28235,8872529-4500
28236,8805325-4500
28237,9730006-3400
28238,8805333-4400
28239,8822828-4500
28240,8822003-4500
28241,8805320
28242,8877810-4500
28243,8805325-3400
28244,8805333-4500
28245,8822837-4500
28246,8805333
28247,8872532-4500
28248,8805337
28249,9730006-3600
28250,8805320-3600
28251,4577822
28252,8856079-4500
28253,8805330-3400
28254,9730002-3400
28255,8805638-4500
28256,8857521
28257,41A10NER
28258,04A8BRWR
28259,FG354007BLUE
28260,FG267360BLUE
28261,2007913
28262,17353
28263,16401
28264,15578
28265,180CZ
28266,180VM
28267,B9709042
28268,V2274
28269,V2271
28270,V2290
28271,V1611
28272,V1664
28273,V1661
28274,V649
28275,V104059
28276,V104060
28277,V104052
28278,V104053
28279,V104022
28280,V104024
28281,V580
28282,V2277
28283,V2283
28284,V104083
28285,V104084
28286,V104085
28287,V104086
28288,V104087
28289,V104088
28290,LNS600
28291,LNS800
28292,LNS25
28293,LNS80
28294,SV-9L
28295,SV-25L
28296,GHPM200II
28297,SC-POT3
28298,6814BRWR
28299,JUPITERCL.07
28300,T06470
28301,28350/020
28302,28350/025
28303,28350/030
28304,28351/028
28305,22849/110
28306,13604/351
28307,13277/351
28308,13275/351
28309,13276/351
28310,13278/351
28311,61636/053
28312,61636/058
28313,T590738
28314,T590739
28315,R590781
28316,R590783
28317,V7140
28318,V7142
28319,V7141
28320,V7143
28321,517575290
28322,311139
28323,311140
28324,311141
28325,311144
28326,311147
28327,311148
28328,309095
28329,309099
28330,309827
28331,309832
28332,308819
28333,308653
28334,308654
28335,308655
28336,300008762/1
28337,300008763/1
28338,300008764/1
28339,S80670
28340,SN1737G
28341,SN1736G
28342,SN23408
28343,SN1741G
28344,SN1739G
28345,SN1828G
28346,VD23242
28347,VD23223
28348,AC24040
28349,AC24038
28350,AC23088
28351,SN23064
28352,AN2220BZ
28353,AN2220
28354,EMB23394
28355,EMB23395
28356,AQ23308
28357,AQ23417
28358,SSW107
28359,SSW110
28360,SSW106
28361,SSW109
28362,SSW105
28363,SSW108
28364,OC300NT
28365,OGC400NT
28366,OB800NT
28367,SL500PTF
28368,CV450NT
28369,OB1000NT
28370,OB1200NT
28371,OB1100NT
28372,2191298795
28373,PA133I712812
28374,PA133I992812
28375,PA133I992012
28376,PA133I993112
28377,PA133I997706
28378,PA134I712812
28379,PA134I992812
28380,PA134I992012
28381,PA134I993112
28382,PA134I997706
28383,PA1822893312
28384,PA1930892912
28385,PA1940891512
28386,PA1941897212
28387,85322
28388,85320
28389,85323
28390,85324
28391,SCH8645
28392,SCH8646
28393,SCH8647
28394,805
28395,1110.11
28396,1210.11
28397,1310.11
28398,1410.11
28399,2500.08
28400,2000.11
28401,COR250KKF
28402,3860TR
28403,310264
28404,310244
28405,310940
28406,310939
28407,309181
28408,310265
28409,CXFQ
28410,LPTRO36
28411,559
28412,LAR240PPT
28413,LAR240PAZ
28414,LAR240PMR
28415,LAR240PVD
28416,LAR240PCZ
28417,LAR240PVM
28418,LAR240PAM
28419,24607/050
28420,24620/150
28421,24620/170
28422,24620/180
28423,PS203BL
28424,PS203F1TE
28425,PS223TE
28426,PS225-OW
28427,PS216GS
28428,PS214GS
28429,246108
28430,245607
28431,245885
28432,245378
28433,246110
28434,243265
28435,246174
28436,104766
28437,104729
28438,104728
28439,104712
28440,VD21049
28441,SCH8782
28442,SCH8789
28443,68072X
28444,95928
28445,370530SC-FLBG
28446,600300140
28447,600100089
28448,SCH0317
28449,SCH0318
28450,SCH705
28451,MEB410BTJG-60
28452,MEB440BTJG-60
28453,MEB607BTJG-60
28454,FK-10018
28455,310139
28456,310144
28457,310146
28458,310141
28459,310140
28460,310143
28461,310865
28462,8822821-4300
28463,FK-10019
28464,FK-10020
28465,FK-27187
28466,FK-41901
28467,FK-42298
28468,FK-42299
28469,FK-43144
28470,FK-670461
28471,HH-0155
28472,MS-38066
28473,MS-49123
28474,PB-95467
28475,PR-PS551
28476,BS2
28477,DM24030
28478,DM24031
28479,MS-AS05
28480,MS-AS07
28481,MS-AS08
28482,MS-AS09
28483,MS-AS11
28484,MS-FC01
28485,MS-FC02
28486,MS-FC03
28487,MS-FC04
28488,OBAT911-127
28489,MS-FC05
28490,CEL810-127
28491,5488000005
28492,308509
28493,310179
28494,307037
28495,309901
28496,309611
28497,309610
28498,309437
28499,309438
28500,309145
28501,310008
28502,309498
28503,309497
28504,309496
28505,309250
28506,310007
28507,310006
28508,310743
28509,309968
28510,310181
28511,SF20210
28512,SF22392
28514,R13885
28515,R27577
28516,R29498
28517,R61619
28518,R61625
28519,RP62.685
28520,RP74.039
28521,RP74.040
28522,RP74.041
28523,RP74.017
28524,RP74.018
28525,RP74.019
28526,RP74.021
28527,RP74.057
28528,RP74.066
28529,RP36.889
28530,RP36.890
28531,RP34.581
28532,RP34.580
28533,RP34.582
28534,RP62.669
28535,LAR13545
28536,LF230
28537,TC14853
28538,AR23438
28539,VD24102
28540,MS-PF20
28541,MS-PF24
28542,MS-PF28
28543,MS-PF28T
28544,MS-PP16
28545,MS-PP20
28546,MS-PC24
28547,MS-AP03
28548,8822180
28549,8822085
28550,FRYWDGRM30DZ
28551,OFRT930-220
28552,FRT580-220
28553,OFRT510-220
28554,OMPR851-220
28555,SAN400-220
28556,VS180TCF
28557,VS280TCF
28558,VS380TCF
28559,HT180TCF
28560,20837/020
28561,24682/180
28562,24682/183
28563,25695/180
28564,24672/185
28565,24674/185
28566,24675/186
28567,24676/186
28568,28720/120
28569,28720/124
28570,28720/128
28571,FRYMCGRM30DZ
28572,FRYMCGRM27DZ
28573,FRYMCGRM19DZ
28574,FRYMCBLM25CK
28575,FRYMCBLM23CK
28576,FRYMCBNC28CK
28577,FRYMCMOS11KS
28578,01116N
28579,KO5PSTSNOBG
28580,KOG8IRSSOHOBA
28581,KQG561BXOBE
28582,KAG031OHERE
28583,KAG001OHERE
28584,KAG117OHERE
28585,KAG112OHERE
28586,KAG132OHERE
28587,KOG35ASSOHOBA
28588,KAG015OHERE
28589,96600/162
28590,96600/163
28591,96600/165
28592,96600/164
28593,1005392
28594,B1625/300
28595,B2177/300
28596,AXWMF
28597,B2554/308
28598,B4774/103
28599,B4774/104
28600,B4953/103
28601,GRM30DZ-CAIRES
28602,12326109502
28603,62152/301
28604,62934/140
28605,SCH7980
28606,2191302170
28607,2191236795
28608,71103262000001
28609,71102261700001
28610,71102264080001
28611,4257
28612,25650/100
28613,VC703
28614,L220813
28615,L220815
28616,L220820
28617,L220035
28618,L220748
28619,L7767
28620,V010521014
28621,BNC14JO
28622,BNC12JO
28623,60319
28624,60321
28625,60429
28626,63524
28627,66911
28628,67043
28629,67047
28630,68090
28631,68939
28632,68940
28633,68945
28634,68950
28635,10923
28636,10924
28637,112820
28638,112826
28639,150460
28640,215408
28641,400497
28642,39170
28643,39171
28644,LX4250BCF
28645,62610
28646,R20824
28647,R20962
28648,R28018
28649,1060047672
28650,1060177170
28651,EXPBONNA
28652,AC21057
28653,PK24F
28654,COZ02522SOR
28655,COZ05240NAT
28656,COZ05242NAT
28657,MES02450NAT
28658,COZ03443LRJ
28659,TC1810
28660,AN2056
28661,TC20347
28662,TC23233
28663,ALX24148
28664,L220814
28665,L220816
28666,L220819
28667,L2992
28668,62152/201
28669,R61646
28670,R61649
28671,310653
28672,308982
28673,309183
28674,309835
28675,309842
28676,311035
28677,B641
28678,V4769
28679,V0542
28680,984
28681,735PTR
28682,C19031181
28683,AAQGRM13CK
28684,APSGRM13CK
28685,ASCGRM13CK
28686,FUTGRM13CK
28687,GOIEAT16CK
28688,GOIEAT21DZ
28689,GOIEAT25CK
28690,GOIEAT25DZ
28691,GOIEAT27DZ
28692,GRM13CK
28693,GRM16CK
28694,IRSGRM13CK
28695,MDRMTGRM13CK
28696,ODTOLGRM13CK
28697,SGALABS18DZ
28698,SGALABS22DZ
28699,SGALABS22OV
28700,SGALABS23CK
28701,SGALABS24DZ
28702,SGALABS28CK
28703,SGALABS28DZ
28704,SGALABS28OV
28705,SGALABS30DZ
28706,SGALABS32OV
28707,SGALGRM04CT
28708,SGALGRM13CK
28709,SGALGRM15CK
28710,SGALGRM16KS
28711,SGALGRM19KKT
28712,SGALGRM20CK
28713,SGALMOV20OV
28714,SGALMOV25OV
28715,SGALRIT03CBT
28716,SGALVAO10KS
28717,SGALVAO12OKY
28718,SGALVAO15DZ
28719,SGALVAO18KS
28720,SGALVAO23CK
28721,SGALVAO24DZ
28722,SGALVAO25DZ
28723,SGALVAO26CK
28724,SGALVAO29DZ
28725,SGALVAO33DZ
28726,SGALVAO36DT
28727,SKNDBLM25CK
28728,SKNDGRM15OKY
28729,SKNDGRM16KS
28730,SKNDGRM19DZ
28731,SKNDGRM19KKT
28732,SKNDGRM27DZ
28733,SKNDGRM30DZ
28734,SKNDVAO36DT
28735,SMLEABS18DZ
28736,SMLEABS22DZ
28737,SMLEABS22OV
28738,SMLEABS23CK
28739,SMLEABS24DZ
28740,SMLEABS28CK
28741,SMLEABS28DZ
28742,SMLEABS28OV
28743,SMLEABS30DZ
28744,SMLEABS32OV
28745,SMLEGRM16KS
28746,SMTBITBLM23CK
28747,SMTBITBLM28CK
28748,SMTBITGRM15DZ
28749,SMTBITGRM16KS
28750,SMTBITGRM21DZ
28751,SMTBITGRM23KS
28752,SMTBITGRM25DZ
28753,SMTBITGRM30PZ
28754,SMTBITMOV20OV
28755,SMTBITMOV30DT
28756,SMTBITMOV31OV
28757,SMTBITVAO36DT
28758,SMTLUZGRM13CK
28759,SMTLUZGRM16CK
28760,SMTOMIGRM16CK
28761,SMTSWYGRM13CK
28762,SPAGRM13CK
28763,SPTGBLM23CK
28764,SPTGBLM28CK
28765,SPTGGRM15DZ
28766,SPTGGRM16CK
28767,SPTGGRM21DZ
28768,SPTGGRM23KS
28769,SPTGGRM25DZ
28770,SPTGGRM27DZ
28771,SPTGGRM32PZ
28772,SPTGMOV20OV
28773,SRO17DZ
28774,SRO21DZ
28775,SRO25DZ
28776,SRO27DZ
28777,SRO30DZ
28778,SROBLM23CK
28779,SROBNC28CK
28780,SSAGSNLGRM13CK
28781,SSAGSNLGRM16CK
28782,SSANSNLGRM13CK
28783,SSANSNLGRM16CK
28784,HS380165
28785,HS380130
28786,HS379103
28787,HS440209
28788,HS440128
28789,HS382950
28790,HS438075
28791,HS931033
28792,HS439099
28793,HS439077
28794,HS930079
28795,HS383120
28796,HS381885
28797,HS598118
28798,HS429095
28799,HS524105
28800,HS428090
28801,HS816105
28802,HS816085
28803,HS817110
28804,HS817090
28805,HS910110
28806,HS909085
28807,HS910085
28808,HS909122
28809,HS909128
28810,HS433134
28811,HS377128
28812,HS464122
28813,HS795165
28814,HS183095-16
28815,HS185108
28816,HS184059
28817,HS545045
28818,HS181105
28819,HS179128
28820,HS177208
28821,HS000090
28822,HS000105
28823,HS039045
28824,HS038045
28825,HS262063
28826,HS038083
28827,HS149083
28828,HS146087
28829,HS218090
28830,P3140A
28831,F525078
28832,F525100SBL
28833,F531090
28834,HS395110SBL
28835,F342035SBL
28836,F531050SBL
28837,HS400082SBL
28838,HS400122SBL
28839,F532128SBL
28840,HS266106
28841,HS266142SBL
28842,HS263128SBL
28843,HS263105SBL
28844,HS263208SBL
28845,HS263069SBL
28846,HS263100SBL
28847,HS263065
28848,715176
28849,14458VM
28850,14458TVM
28851,11020180
28852,L4889
28853,TW-027C
28854,322000
28855,RBOB01
28856,GEXACB
28857,RDCE
28858,6008000
28859,6007900
28860,6008100
28861,309292
28862,309295
28863,311284
28864,310460
28865,310461
28866,310469
28867,310470
28868,V286
28869,V290
28870,V288
28871,V265
28872,V1019
28873,V1021
28874,V1023
28875,V1108
28876,V1112
28877,V1110
28878,24369
28879,24607
28880,27965
28881,29075
28882,29076
28883,29077
28884,30263
28885,F30337
28886,57983
28887,58495
28888,58725
28889,PG25R
28890,PG27
28891,PG150
28892,PG936
28893,PG937
28894,PVB726
28895,PVB729
28896,GP70
28897,GPA81
28898,GP117
28899,BGD350
28900,BGT300
28902,BGW300
28903,KEG2PTHEOHOBA
28904,SCH8791
28905,39262
28906,82211
28907,L220717
28908,L220724
28909,L220725
28910,L220726
28911,L220727
28912,L220728
28913,L220729
28914,L220730
28915,L220732
28916,L220734
28917,L2867
28918,L5266
28919,L5390
28920,L5786
28921,SCH8792
28922,93852605
28923,P2241
28924,P2242
28925,P2451
28926,P2452
28927,P2453
28928,P2454
28929,P2455
28930,P2477
28931,P2478
28932,P2479
28933,P2660
28934,P2662
28935,P3692
28936,P3693
28937,P3701
28938,P3702
28939,P419
28940,P4214
28941,P4215
28942,P4216
28943,P4228
28944,P4232
28945,P4237
28946,P4238
28947,P4239
28948,P4240
28949,P4243
28950,P4247
28951,P4274
28952,P4275
28953,P4277
28954,P4278
28955,P4279
28956,P4283
28957,P4284
28958,P4285
28959,P4287
28960,P4288
28961,P4289
28962,P4290
28963,P4291
28964,P4293
28965,P4366
28966,P4367
28967,P4372
28968,P4375
28969,P4417
28970,P4418
28971,P4419
28972,P4420
28973,P4421
28974,P4422
28975,P4423
28976,P4424
28977,P4425
28978,P4426
28979,P4427
28980,P4428
28981,P4631
28982,P846
28983,P997
28984,327
28985,621MS
28986,42
28987,312
28988,542MS
28989,630
28990,78
28991,59300101
28992,618MS
28993,20300101
28994,6243
28995,6244
28996,69
28997,7400101
28998,462
28999,520
29000,R20627
29001,R20793
29002,R20794
29003,R20849
29004,R20939
29005,R28033
29006,R28038
29007,R28040
29008,R29287
29009,R29293
29010,R29324
29011,R29326
29012,R61813
29013,R61814
29014,R6980
29015,MIH813DW
29016,MIH818DW
29017,MMM990OV
29018,MMM105CD
29019,MMM084CD
29020,18012002
29021,55012002
29022,67012002
29023,83012001
29024,86012001
29025,87006001
29026,89006001
29027,111012002
29028,112012002
29029,121012002
29030,144006002
29031,146024001
29032,194012009
29033,255036016
29034,305006520
29035,306006520
29036,307006520
29037,348012576
29038,349012575
29039,350012577
29040,24099/037
29041,24049/106
29042,EL500BGF
29043,ET500BGF
29044,DT500BGF
29045,SL500BGF
29046,RC500BGF
29047,PTB100BMB
29048,POB2000BMB
29049,BF250BGF
29050,OGC300NT
29051,12694
29052,15160
29053,B5225020
29054,B5225018
29055,B5225017
29056,B5225010
29057,B5225001
29058,B5225015
29059,B5225014
29060,B5225007
29061,B5225006
29062,B5225005
29063,21155
29064,21157
29065,30951
29066,47047
29067,47048
29068,47049
29069,47050
29070,47051
29071,47052
29072,47053
29073,AN962
29074,AJ19201
29075,A23174
29076,A23175
29077,A23176
29078,VD23226
29079,ALX23440
29080,PK16P
29081,PK20P
29082,PK20C
29083,PK24C
29084,DM24024
29085,SN24091
29086,AR24096
29087,AR24097
29088,AR24459
29089,SF24465
29090,SBP100X
29091,VD23029
29092,VD24446
29093,VD24456
29094,VD24457
29095,96601/107
29096,PS217TP
29097,25599/914
29098,24251/104
29099,24254/108
29100,24256/107
29101,LNEMABLM23CK
29102,LNEMAGRM16KS
29103,LNEMAGRM25DZ
29104,LNEMAGRM30PZ
29105,LNEMAMOV30DT
29106,LNEMAMOV31OV
29107,SESNETHGRM27DZ
29108,SESNLNBLM23CK
29109,SESNLNBLM25CK
29110,SESNLNGRM13CK
29111,SESNLNGRM15CK
29112,SESNLNGRM16KS
29113,SESNLNGRM20CK
29114,SESNLNGRM21DZ
29115,SESNLNGRM9CK
29116,SESNMWGRM15OKY
29117,SESNMWGRM24CK
29118,SESNMWGRM27CK
29119,SESNMZGRM02KT
29120,SESNMZGRM04CT
29121,SESNMZGRM15DZ
29122,SESNMZGRM19KKT
29123,SESNMZRIT03CBT
29124,HORLTN17DZ
29125,HORLTN21DZ
29126,HORLTN25DZ
29127,HORLTN27DZ
29128,HORLTN30DZ
29129,OCEAT21DZ
29130,OCEAT25DZ
29131,OCEAT27DZ
29132,SPEOCEAT16CK
29133,SPEOCEAT25CK
29134,SGALBLM23CK
29135,SGALBLM25CK
29136,SGALGRM02KT
29137,SGALGRM9CK
29138,SGALMOV31OV
29139,SGALVAO15OKY
29140,SGALVAO19DZ
29141,SMTBITGRM23DZ
29142,SMTBITGRM27DZ
29143,SMTBITGRM30DZ
29144,SMTLUCSNGRM15OKY
29145,SMTLUCSNGRM19OKY
29146,SMTLUCSNGRM21DZ
29147,SMTLUCSNGRM24OKY
29148,SMTLUCSNGRM25DZ
29149,SMTLUCSNGRM27DZ
29150,SMTLUCSNGRM29OKY
29151,SMTLUCSNGRM34OKY
29152,SMTLUCSNVAO12OKY-
29153,SPTGGRM23DZ
29154,SPTGMOV30DT
29155,SPTGVAO36DT
29156,12302TR-SCR
29157,12302TR-WLY
29158,500313
29159,6582
29160,310122
29161,311084
29162,310119
29163,310022
29164,309601
29165,310026
29166,309241
29167,311023
29168,311086
29169,309216
29170,310065
29171,310124
29172,311036
29173,310116
29174,311024
29175,311094
29176,IV22450
29177,IV22451
29178,IV22832
29179,IV22833
29180,IV50038
29181,IV50038VD
29182,IV50170VD
29183,IV50170
29184,IV50215
29185,IV50222VD
29186,IV50222AZ
29187,7602894
29188,GRM30DZ-2C
29189,GRM19DZ-2C
29190,BLM23CK-2C
29191,BLM25CK-2C
29192,BNC02KF-2C
29193,GRM02KT-2C
29194,BNC12KS-2C
29195,BNC30DZ-2C
29196,BNC27DZ-2C
29197,BNC19DZ-2C
29198,MOV31OV-2C
29199,B5130/002
29200,B5130/003
29201,B5130/018
29202,62158/327
29203,TNS06S
29204,TPRC32S
29205,TPRC36K
29206,TRP38CR
29207,TPHRC32K
29208,VD25001
29209,VD25009
29210,VD25017
29211,VD25019
29212,VD25021
29213,VD25023
29214,NH8021
29215,NH8024
29216,NH8026
29217,NH8030
29218,63986/780
29219,63986/990
29220,5489016040
29221,5489026040
29222,5489036049
29223,5409916040
29224,5409926040
29225,5409936049
29226,5489076040
29227,5489646040
29228,5409996040
29229,SCH8804
29230,SCH8805
29231,SCH8806
29232,SCH8809
29233,V7462
29234,Q7016
29235,D7481
29236,V7482
29237,V7473
29238,V2755
29239,V2965
29240,V2923
29241,V2754
29242,V2922
29243,TW-211
29244,TW-213
29245,TW-211C
29246,TW-213C
29247,TW-215
29248,TW-216
29249,TW-215C
29250,TW-216C
29251,TW-211-4
29252,143193701
29253,123193701
29254,133193001
29255,3514128701
29256,1314128701
29257,1431129001
29258,1414128701
29259,39531127401
29260,1431128901
29261,1331129001
29262,11114109001
29263,11114127401
29264,1331128901
29265,1231126901
29266,123193001
29267,1214128701
29268,1431126901
29269,1331126901
29270,6597BR
29271,6597CZ
29272,6597VM
29273,11314106701
29274,1231129001
29275,143193001
29276,17114109001
29277,17114127401
29278,16430.00
29279,16164.43
29280,16164.00
29281,10096.00
29282,10094.00
29283,10094.64
29284,24663.00
29285,28682.00
29286,20694.00
29287,32835.00
29288,25580.00
29289,27305.00
29290,22111.00
29291,19014.00
29292,18893.00
29293,30624.01
29294,32182.01
29295,32182.05
29296,32182.89
29297,24738.43
29298,24738.47
29299,14816
29300,31928
29301,1914109001
29302,25057/160
29303,26456/008
29304,61054/150
29305,61071/043
29306,B2202/300
29307,313547
29308,313548
29309,313549
29310,313551
29311,313555
29312,313556
29313,313562
29314,313563
29315,313565
29316,313566
29317,313568
29318,313581
29319,313589
29320,298790
29321,298801
29322,298806
29323,298808
29324,2981095
29325,2981127
29326,2981129
29327,2981130
29328,2981163
29329,12010014
29330,12010015
29331,12010016
29332,12610026
29333,55490376
29334,55490377
29335,55490378
29336,56390405
29337,56390628
29338,56390629
29339,56390630
29340,59393398
29341,111688
29342,112297
29343,POR-0007-WG
29344,POR-0008-WG
29345,30040
29346,30041
29347,30042
29348,30044
29349,30045
29350,30071
29351,30119
29352,30514
29353,31213
29354,31215
29355,31216
29356,31218
29357,31219
29358,31220
29359,31221
29360,31282
29361,3531129001
29362,3631129001
29363,14814127401
29364,14514108501
29365,1214126301
29366,18230063322
29367,2190276170
29368,2190271010
29369,2191239672
29370,AC1188A
29371,AC1874FA
29372,AC1901A
29373,AC1907A
29374,AC2167A
29375,AC2535A
29376,AC2504A
29377,AC2445FAAR
29378,AC1404FAAR
29379,AC2250EAB
29380,AC2247EAB
29381,AC2459E
29382,AC2459EAP
29383,AC2479GAB
29384,AC2376HAB
29385,AC2473TAB
29386,AC2473TAP
29387,AC2248EAB
29388,AC2461HAB
29389,AC2461HAP
29390,AC2375HAB
29391,AC2375HAP
29392,1219076040-SN
29393,1219666049-SN
29394,1219356043-SN
29395,1219786049-SN
29396,1219046040-SN
29397,1219066049-SN
29398,1219036049-SN
29399,1219016040-SN
29400,1219026040-SN
29401,1219356042-SN
29402,1219056040-SN
29403,AC9825AAB
29404,AC9825AAP
29405,312386
29406,312280
29407,312281
29408,309828
29409,312611
29410,312613
29411,312244
29412,312254
29413,312503
29414,312504
29415,312283
29416,312546
29417,312544
29418,312545
29419,310863
29420,312346
29421,312347
29422,312353
29423,ASA16
29424,AN2248
29425,DM24033
29426,DM24034
29427,DM24035
29428,DM24036
29429,DM24037
29430,DV.MD.FF6481W
29431,DV.MD.FF6486W
29432,DV.MD.FF6539W
29433,DV.MD.FF6547W
29434,DV.MD.FF6586W
29435,74119902
29436,74124163
29437,74124164
29438,ARCHIE.CL.04
29439,ARCHIE.DB.04
29440,ARCHIE.GG.04
29441,MAHALO.CL.4.04
29442,MAHALO.CL.4.10
29443,MAHALO.CL.4.07
29444,1060696220
29445,1060697220
29446,1060650220
29447,1060651220
29448,1060652220
29449,1070872000
29450,1070873000
29451,1070874000
29452,13160101140
29453,13160102140
29454,13160103060
29455,13160104060
29456,13160105090
29457,13160106090
29458,2190273090
29459,2190272060
29460,2191777220
29461,ADFCRS27DZ
29462,SHACRS27DZ
29463,ADFCRS25DZ
29464,SHACRS25DZ
29465,ADFCRS21DZ
29466,SHACRS21DZ
29467,ADFCRS23CK
29468,SHACRS23CK
29469,ADFCRS25CK
29470,SHACRS25CK
29471,ADFCRS16KS
29472,SHACRS16KS
29473,ADFCRS10KS
29474,SHACRS10KS
29475,MRGLTN30DZ
29476,MRGLTN27DZ
29477,MRGLTN21DZ
29478,MRGRPL21CK
29479,MRGRPL10JO
29480,MRGRPL18JO
29481,MRGRPL01KT
29482,ADFTON27CK
29483,ADFTON30OV
29484,ADFTON31DT
29485,ADFTON36DT
29486,ADFTON19KS
29487,ADFTON14KS
29488,ADFTON10KS
29489,HORRPL21CK
29490,HORRPL10JO
29491,HORRPL18JO
29492,HORRPL01KT
29493,ABS30DZ
29494,ABS28DZ
29495,ABS22DZ
29496,SRO31OV
29497,SRO11KS
29498,SRO13KS
29499,GRM14PT
29500,GRM11KP
29501,GRM18PT
29502,GRM16KP
29503,SAGGRM27DZ
29504,SAGGRM21DZ
29505,SAGBNC28CK
29506,SANGRM27DZ
29507,SANGRM21DZ
29508,SANBNC28CK
29509,GOIGRM23KS
29510,GOIVAO18KS
29511,GOICOR300MUG
29512,GOICOR70KF
29513,GOICOR70KT
29514,SMTLUNOCBLM25CK
29515,PA1605892912
29516,PA1605892012
29517,PA1605893212
29518,PA1605897212
29519,PA1940892912
29520,PA1940892012
29521,PA1941892912
29522,PA1941892012
29523,25850/160
29524,25852/160
29525,25854/160
29526,25855/160
29527,25856/160
29528,25858/160
29529,25857/160
29530,ABS28CK
29531,3616177201
29532,V4540
29533,V5076
29534,V5077
29535,V0034
29536,V4624
29537,V4650
29538,V4978
29539,V0881
29540,V4936
29541,V4640
29542,VD23030
29543,10590
29544,10591
29545,10539OL
29546,10574OL
29547,10545OL
29548,10541NP
29549,10540N
29550,10541N
29551,10539N
29552,10574N
29553,10545N
29554,X0601
29555,H4122
29556,BM000278088A
29557,BM002218088A
29558,BM001268088A
29559,BM001218088A
29560,BM023268088A
29561,BM004158088A
29562,BM020308088A
29563,RY000285961A
29564,RY001245961A
29565,RY022235961A
29566,RY022355961A
29567,RY000325960A
29568,RY001235960A
29569,RY020305960A
29570,S09CP26CRTNA
29571,S09CP16CRTNA
29572,S09BC22CRTNA
29573,S09ED12CRTNA
29574,S09ED29CRTNA
29575,R5760L90154A
29576,R5760M10154A
29577,R5760R10154A
29578,R5760M40154A
29579,R5760N00154A
29580,310142
29581,311111
29582,311108
29583,311109
29584,306878
29585,309604
29586,310933
29587,312278
29588,309632
29589,310755
29590,310758
29591,310756
29592,310760
29593,R5784F70155A
29594,R5760G1WOODA
29595,R5760G2WOODA
29596,VU034330779A
29597,312441
29598,312446
29599,312444
29600,312442
29601,312433
29602,312434
29603,312435
29604,312436
29605,61762/040
29606,61538/320
29607,83101201
29608,39531126301
29609,1227122601
29610,39631127401
29611,1431118501
29612,1279129501
29613,1327120901
29614,1379129501
29615,1479129501
29616,14814118601
29617,14514118601
29618,1214127401
29619,1314127401
29620,1414127401
29621,14014127401
29622,15014127401
29623,14314127401
29624,15514127401
29625,14814106501
29626,14514106501
29627,1481477201
29628,1451477201
29629,14814119001
29630,14514119001
29631,14814108801
29632,17114108801
29633,11114108801
29634,14514108801
29635,1481473901
29636,1451473901
29637,1314126301
29638,1414126301
29639,14814126301
29640,15514126301
29641,17114126301
29642,11114126301
29643,1231130501
29644,1331130501
29645,1431130501
29646,3531130501
29647,1327122601
29648,1427122601
29649,1227120901
29650,1427120901
29651,204627
29652,61227/500
29653,61227/510
29654,61227/540
29655,61227/520
29656,61227/550
29657,61227/530
29658,61227/560
29659,61225/150
29660,61225/300
29661,61638/500
29662,61429ZC
29663,61429ZS
29664,61429C
29665,61429S
29666,63145
29667,65231L
29668,97353
29669,97375
29670,97141
29671,97335
29672,97335Z
29673,96412
29674,97136
29675,97336
29676,97139X
29677,97139
29678,97184
29679,1135
29680,1144
29681,VC1134
29682,VC0103
29683,12CW135
29684,4064222
29685,16361108801-X
29686,GHPM320
29687,LNS-GP2
29688,LNS-GP5
29689,LNS-RT2
29690,LNS-RP2
29691,900L-SN
29692,ST8003-SN
29693,IRSWHGRM17DZ-SN
29694,IRSWHGRM30DZ-SN
29695,IRSWHGRM27DZ-SN
29696,1431108801-SN
29697,11067AG
29698,11069AG
29699,11089AG
29700,11005AG
29701,40017AG
29702,40016AG
29703,4064222-7300
29704,4067328-7300
29705,2865226-5200
29706,2861213-5200
29707,2893820-5200
29708,4065327
29709,ABS27CK
29710,ADFCRS15OV
29711,ADFCRS24OV
29712,BNC02SO
29713,RIT18ZT
29714,SHACRS19OV
29715,SCRDSPBLM23CK
29716,SCRDSPBLM25CK
29717,SCRDSPGRM17DZ
29718,SCRDSPGRM21DZ
29719,SCRDSPGRM25DZ
29720,SCRDSPGRM27DZ
29721,SCRDSPGRM20CK
29722,SCRDSPGRM24CK
29723,SCRDSPGRM27CK
29724,SCRDSPGRM16KS
29725,SCRDSPGRM15OKY
29726,SCRDSPGRM19OKY
29727,SCRDSPGRM24OKY
29728,4077814-7400
29729,6277814-5200
29730,6177814-5200
29731,1792002
29732,4022828-7300
29733,4022828
29734,2467428-3100
29735,4067328
29736,1965226-5200
29737,4065326
29738,6265226-5200
29739,6165226-5200
29740,6293820-5200
29741,1993820-5200
29742,6193820-5200
29743,4064322
29744,4065327-8400
29745,4064322-8400
29746,4065327-8900
29747,4064322-8900
29748,QX-CS30
29749,2892820-5200
29750,2891713-5200
29751,2892088-5200
29752,2891711-5200
29753,QX-RS30
29754,V4200
29755,V0241
29756,V0240
29757,V5067
29758,V5066
29759,V4935
29760,V0191
29761,V4496
29762,CGFP
29763,30624.03
29764,302253
29765,155201
29766,155200
29767,112714
29768,112726
29769,112731
29770,105393
29771,470182
29772,580510
29773,580509
29774,580508
29775,580504
29776,580505
29777,580506
29778,111052
29779,111044
29780,111020
29781,SESNMWGRM19OKY
29782,STJWADCS240-ARM
29783,SF25081
29784,IV23356VD
29785,IV23357VD
29786,IV23518
29787,IV23519
29788,IV23528
29789,IV23529
29790,IV23530
29791,IV23553
29792,IV23554
29793,IV23555
29794,IV23556
29795,IV23557
29796,IV50293VD
29797,IV50293AZ
29798,IV50294VD
29799,IV50294AZ
29800,IV50300
29801,IV50300VD
29802,IV50312
29803,IV50313
29804,CL6511
29805,11314119801
29806,SCRDGRM04CT
29807,SCRDGRM15CK
29808,SCRDSPGRM29OKY
29809,SCRDSPGRM34OKY
29810,SCRDGRM9CK
29811,SCRDETHGRM19DZ
29812,SCRDETHGRM30DZ
29813,SCRDETHGRM32PZ
29814,TU24070
29815,TU24120
29816,DF24070
29817,WA21200
29818,WA24070
29819,RW21200
29820,RW24070
29821,RW21200S
29822,RW24120
29823,FL21200L
29824,FL24070
29825,IC24120
29826,L8110
29827,G3367
29828,V3604
29829,N1739
29830,L2762
29831,V6719
29832,N6815
29833,ASA1301X
29834,ASA1302X
29835,ASA1304X
29836,ASA1305X
29837,310138
29838,310133
29839,311110
29840,311107
29841,310173
29842,AOL-3005
29843,AOL-3006
29844,AOL-3007
29845,AOL-3008
29846,AOL-3011
29847,AOL-3012
29848,AOL-3013
29849,AOL-3014
29850,AOL-3015
29851,AOL-3016
29852,AOL-3017
29853,AOL-3020
29854,AOL-3024
29855,AOL-3029
29856,AOL-3030
29857,AOL-3031
29858,AOL-3032
29859,AOL-3033
29860,AOL-3034
29861,AOL-3035
29862,AOL-190
29863,AOL-190C
29864,AOL-190G
29865,AOL-190CG
29866,AOL-523BCN
29867,AOL-523BEC
29868,AOL-523BEP
29869,AOL-523BCL
29870,AOL-523CCN
29871,AOL-523CEC
29872,AOL-523CEP
29873,AOL-523CCL
29874,1331130401
29875,1431130401
29876,1231130401
29877,1060128090
29878,30243AG
29879,30025AG
29880,TM790NT
29881,TC23457
29882,SCH8636D
29883,FS4171
29884,PA9000-A35C
29885,PA9000-A35L
29886,PA9000-A35P
29887,PA9000-A30C
29888,PA9000-A30L
29889,PA9000-A30P
29890,PA9000-A25C
29891,PA9000-A25L
29892,PA9000-A25P
29893,ECN6AZ
29894,EBU11AZ
29895,AN2212BZ
29896,PS20FT
29897,PS22FT
29898,PS24FT
29899,PS26FT
29900,PS16PT
29901,PS20PT
29902,PS20CT
29903,PS24CT
29904,PS28WT
29905,AN2223
29906,AN2224BZ
29907,PS22QT
29908,PS14LT
29909,DM24008
29910,AC24039
29911,DM24110
29912,DM24111
29913,PS20CDT
29914,PS24CDT
29915,PS18GHT
29916,PS24GT
29917,PS28FT
29918,PS28FDT
29919,SN24450
29920,PS16FT
29921,SCH8872
29922,1724
29923,NP002200
29924,1965226-5500
29925,7764218-7900
29926,7664220-7700
29927,7664220-7900
29928,4064318-7700
29929,4064318-8900
29930,1977824-7600
29931,6165226
29932,2577825
29933,2577821
29934,1877822
29935,1877007
29936,8422423
29937,8422818
29938,8422819
29939,L14560
29940,NF7774
29941,NF7474
29942,NF7E740
29943,NF7I740
29944,NF2O530
29945,NF2N530
29946,NF7676
29947,NF7K760
29948,NF5402
29949,NF8810
29950,NF7S740
29951,312392
29952,312396
29953,312522
29954,312529
29955,312211
29956,312598
29957,310459
29958,312520
29959,312521
29960,312224
29961,312225
29962,312332
29963,312334
29964,310120
29965,2801035
29966,8887511-4300
29967,8886511-4300
29968,8855521-4300
29969,8856521-4300
29970,8856079-4300
29971,8854535-4300
29972,8872529-4300
29973,8877822-4300
29974,8877810-4300
29975,8822925-4300
29976,8822921-4300
29977,8822837-4300
29978,8822830-4300
29979,8822828-4300
29980,8805638-4300
29981,8805632-4300
29982,8805625-4300
29983,1744050-4500
29984,1744050
29985,1744050-3100
29986,1744050-2500
29987,1744050-3800
29988,1744050-3400
29989,1792002-4500
29990,1792002-3100
29991,1792002-2500
29992,1792002-3800
29993,1792002-3400
29994,1792001
29995,1792001-4500
29996,1792001-3100
29997,1792001-2500
29998,1792001-3800
29999,1792001-3400
30000,3761212-7300
30001,3761210-7300
30002,3761209-7300
30003,3761208-7300
30004,3761207-7300
30005,3761212
30006,3761210
30007,3761209
30008,3761208
30009,3761207
30010,8822018-4300
30011,8822012-4300
30012,QX-RS-S23-T
30013,8822240-4300
30014,8822180-4300
30015,8822130-4300
30016,8822085-4300
30017,QX-BRS-G21-T
30018,8822050-4300
30019,1744107
30020,1744107-4500
30021,1744107-3100
30022,1744107-2500
30023,1744107-3800
30024,1744107-3400
30025,QX-RS-G19-T
30026,EF21301
30027,EF21301B
30028,EF21302
30029,EF21302B
30030,E21304
30031,E21304B
30032,EF21303
30033,G0563
30034,BNC300MUG
30035,2191983220
30036,5694
30037,15675M
30038,15676M
30039,15677M
30040,15670M
30041,15669M
30042,15671M
30043,20138M
30044,08158M
30045,19462M
30046,19461M
30047,19463M
30048,20137M
30049,19464M
30050,19785M
30051,19067M
30052,19049M
30053,18579M
30054,19053M
30055,12320M
30056,12318M
30057,12319M
30058,14827M
30059,14828M
30060,17614M
30061,14826M
30062,17615M
30063,20186M
30064,20185M
30065,19222M
30066,18694M
30067,18693M
30068,20141GM
30069,20141PM
30070,20917
30071,20917PM
30072,19882GM
30073,19882PM
30074,20914
30075,20914PM
30076,19905GM
30077,19905PM
30078,18296GM
30079,18296PM
30080,12021GM
30081,12021PM
30082,19141
30083,19141PM
30084,10857GM
30085,10857MM
30086,10857PM
30087,18616GM
30088,18616MM
30089,18616PM
30090,20379GM
30091,20379PM
30092,19661GM
30093,19661MM
30094,19661PM
30095,18937M
30096,18938M
30097,17678M
30098,17679M
30099,19048M
30100,18640M
30101,19047M
30102,18641M
30103,17338M
30104,17337M
30105,19082M
30106,19078M
30107,19074M
30108,2450037
30109,2450003
30110,1430012
30111,1430016
30112,1430046
30113,1430035
30114,1430037
30115,50910
30116,50913
30117,40198
30118,30211
30119,82314
30120,82312
30121,82310
30122,82330
30123,17090
30124,17092
30125,85225
30126,33246A
30127,762
30128,C8643545
30129,3010/1TR
30130,680TR
30131,FL21200
30132,F3759/000
30133,F3759/010
30134,F3759/020
30135,F3765/000
30136,F3765/010
30137,F3765/020
30138,F3442/110
30139,F3442/111
30140,F3442/112
30141,F3442/601
30142,F3089/083
30143,F3195/013
30144,GRM30DZ-SN
30145,999
30146,969
30147,968
30148,COZ00475PRT
30149,COZ00475VER
30150,COZ00478PRT
30151,COZ00478VER
30152,COZ00503VER
30153,8822850-4300
30154,8877925
30155,8877925-3800
30156,8877915
30157,8877915-3400
30158,20960/024
30159,20923/024
30160,20960/026
30161,20923/026
30162,20960/030
30163,20923/030
30164,20951/032
30165,20924/032
30166,20963/028
30167,20925/028
30168,20960/426
30169,20923/426
30170,20951/432
30171,20924/432
30172,20963/428
30173,20925/428
30174,20960/826
30175,20951/832
30176,20963/828
30177,20969/263
30178,61227/680
30179,61639/583
30180,61639/503
30181,61657/110
30182,61657/118
30183,61657/117
30184,61657/010
30185,61657/013
30186,61657/014
30187,65650/270
30188,C8443545
30189,F9093/118
30190,F3442/603
30191,F3442/604
30192,F3089/082
30193,F2760/180
30194,25075/160
30195,25851/160
30196,25857/161
30197,D-01
30198,D-01LP
30199,24468/188
30200,SCPS01B
30201,SCPS01BC
30202,SCPS01BT
30203,SCPS01VR
30204,SCPS01CH
30205,SCPS02B
30206,SCPS02BC
30207,SCPS02BT
30208,SCPS02VR
30209,SCPS02CH
30210,SCPS03B
30211,SCPS03BC
30212,SCPS03BT
30213,SCPS03VR
30214,SCPS03CH
30215,HR-VKBR-120-HSV
30216,3460016
30217,3460025
30218,3460014
30219,3460005
30220,3460024
30221,ADFCRS19DZ
30222,ADFCRS19OV
30223,ADFCRS20CK
30224,ADFLTN17DZ
30225,ADFLTN21DZ
30226,ADFLTN25DZ
30227,ADFLTN27DZ
30228,ADFLTN30DZ
30229,ADFRPL01KF
30230,ADFRPL01KMUG
30231,ADFRPL01MUG
30232,ADFRPL01STB
30233,76150024
30234,ADFRPL02KF
30235,ADFRPL10JO
30236,ADFRPL13JO
30237,ADFRPL15OV
30238,ADFRPL16DZ
30239,ADFRPL18JO
30240,ADFRPL19CK
30241,ADFRPL21CK
30242,ADFRPL21DZ
30243,ADFRPL23JO
30244,ADFRPL26CK
30245,ADFRPL26DZ
30246,ADFRPL28DZ
30247,ADFRPL33OV
30248,ADFRPL37OV
30249,ADFRPL6JO
30250,ADFRPL8JO
30251,ADFTON15OV
30252,ADFTON20OV
30253,ADFTON24OV
30254,ADFTON36OV
30255,HORRPL01KMUG
30256,HORRPL15OV
30257,HORRPL19OV
30258,HORRPL33OV
30259,HORRPL37OV
30260,MRGRPL01KMUG
30261,MRGRPL15OV
30262,MRGRPL19OV
30263,MRGRPL33OV
30264,MRGRPL37OV
30265,SCRDETHGRM23DZ
30266,SCRDGRM02KT
30267,SCRDGRM13CK
30268,SCRDGRM19KKT
30269,SHACRS15OV
30270,SHACRS19DZ
30271,SHACRS20CK
30272,SHACRS24OV
30273,ADFRPL19OV
30274,158610
30275,158614
30276,C8543545
30277,F2243545
30278,C99316422
30279,C185376461
30280,C186376461
30281,C187376461
30282,F48376461
30283,A4406
30284,1537005
30285,76150028
30286,76149124
30287,76149128
30288,1537001
30289,877501
30290,87855
30291,87865
30292,A4365
30293,A436101
30294,A4355
30295,A435101
30296,A4345
30297,A434101
30298,A38011
30299,A37011
30300,A36011
30301,D9561
30302,D9565
30303,D9551
30304,D9555
30305,R28956
30306,R71523
30307,R28782
30308,R3793
30309,R20995
30310,6165226-5500
30311,6164220-5500
30312,6167423-5500
30313,2861213-5500
30314,6164220
30315,6167423
30316,7765227-7900
30317,7665228-7900
30318,7665228-7700
30319,S39502
30320,S39503
30321,S39504
30322,S39505
30323,SCH8054
30324,SCH8053
30325,SCH8056
30326,F3780/010
30327,F3785/010
30328,F3193/041
30329,F3442/602
30330,QX-HP-RS18
30331,QX-HP-RD20
30332,HS263128SBW
30333,F532128SBW
30334,HS263208SBW
30335,HS266142SBW
30336,F525100SBW
30337,HS395110SBW
30338,HS400122SBW
30339,HS400082SBW
30340,HS263100SBW
30341,F531050SBW
30342,B7233/100
30343,F342035SBW
30344,HS263128SG
30345,F532128SG
30346,HS263208SG
30347,HS266142SG
30348,F525100SG
30349,20390/022
30350,HS395110SG
30351,HS400122SG
30352,HS400082SG
30353,HS263100SG
30354,F531050SG
30355,F342035SG
30356,25074/160
30357,TIM0015
30358,F3443/014
30359,F3443/013
30360,96601/211
30361,96601/215
30362,96980/134
30363,96980/135
30364,96980/136
30365,96980/138
30366,96980/139
30367,96980/140
30368,96980/143
30369,96980/144
30370,96601/404
30371,96010/073
30372,96010/074
30373,96010/075
30374,96010/082
30375,96010/083
30376,96601/302
30377,96601/301
30378,30132VMG
30379,SMT2995PL
30380,SMT2939PL
30381,SMT2957PL
30382,SMT2958PL
30383,SMT2995BV
30384,SMT2939BV
30385,SMT2957BV
30386,SMT2958BV
30387,SMT2944P
30388,SMT2944B
30389,SMT2944BG
30390,SMT2945P
30391,SMT2945B
30392,SMT2945BG
30393,SMT5161P
30394,SMT5161B
30395,SMT5161BG
30396,SMT2950P
30397,SMT2950B
30398,SMT2950BG
30399,SMT1593Y
30400,SMT2563Y
30401,SMT2724Y
30402,SMT1591Y
30403,SMT2907C
30404,SMT2907V
30405,SMT2909C
30406,SMT2909V
30407,SMT2905C
30408,SMT2905V
30409,SMT2912C
30410,SMT2912V
30411,SMT5117WH
30412,SMT2995VD
30413,SMT5118WH
30414,SMT2957LJ
30415,E7417
30416,E7427
30417,50722
30418,40212
30419,40263
30420,40272
30421,40274
30422,40223
30423,40293
30424,40292
30425,40243
30426,40340
30427,40341
30428,40342
30429,40343
30430,40344
30431,40345
30432,40214
30433,40216
30434,17094
30435,17091
30436,30331
30437,30329
30438,33302
30439,33304
30440,33303
30441,88320
30442,10460
30443,85500
30444,85501
30445,85502
30446,85506
30447,85505
30448,SCH0363
30449,85511
30450,SCH8049
30451,SCH8048
30452,SCH0361
30453,85510
30454,SCH8052
30455,SCH8059
30456,85400
30457,GRM27DZ-SN
30458,SCH8062
30459,SCH8063
30460,85401
30461,SCH0102
30462,SCH0100
30463,85405
30464,SCH8026
30465,SCH8067
30466,SCH8057
30467,SCH8058
30468,SCH8091
30469,SCH8066
30470,85417
30471,SCH8092
30472,85416
30473,85409
30474,85410
30475,85407
30476,85415
30477,85413
30478,85414
30479,85412
30480,82331
30481,40512
30482,40543
30483,10302
30484,10301
30485,17035
30486,17036
30487,17038
30488,17020
30489,75921
30490,75922
30491,75923
30492,75926
30493,SCH0179
30494,SCH0178
30495,BLD0258R3
30496,BLD0256R3
30497,LD1880N3
30498,LD1870N3
30499,LD1880R3
30500,LD1870R3
30501,BLD1840N3
30502,LD1860N3
30503,BLD1840R3
30504,LD1860R3
30505,BLD1650S3
30506,BLD1650R3
30507,LD1030B3
30508,LD1030R3
30509,2190240716
30510,2190246716
30511,61126
30512,61128
30513,61127
30514,9014128
30515,SCH0365
30516,SCH0291
30517,SCH0372
30518,17362
30519,71940
30520,71945
30521,71950
30522,112611
30523,321008
30524,113833
30525,161002
30526,161003
30527,161004
30528,161005
30529,161006
30530,161007
30531,161008
30532,257930
30533,321004
30534,340217
30535,341601
30536,B1321/020
30537,B1321/065
30538,B1321/100
30539,B1323/065
30540,B1323/100
30541,B1325/065
30542,B1325/100
30543,B1364/065
30544,B1160/110
30545,B1341/100
30546,HDF32C
30547,GEF32C
30548,TPHRC32W
30549,TPHRC32S
30550,SCH8093
30551,8240.08
30552,8240.16
30553,8240.24
30554,8242.08
30555,8242.16
30556,2385.01
30557,4814.17
30558,2378.30
30559,2380.07
30560,2380.12
30561,2380.15
30562,2230Z
30563,7030Z
30564,4996.01
30565,4967.01E
30566,4967.02E
30567,5445E
30568,4970E
30569,4974E
30570,4976E
30571,5172E
30572,5173E
30573,4853Z
30574,4854.02
30575,4854.03
30576,8430.05
30577,8438.20
30578,8432.10
30579,8436.15
30580,8432.01
30581,2387Z
30582,2388.10
30583,2389Z
30584,2360.02
30585,2362.01
30586,QX-LP-220275
30587,CL3001
30588,CL9006
30589,3500010DS1620
30590,CL50914
30591,CL5004
30592,CL6514
30593,SCBC001
30594,SCBC002
30595,SCBC003
30596,SCBT001
30597,SCBT002
30598,SCBT003
30599,SCBT004
30600,IRSWHGRM21DZ-SN
30601,AN2247
30602,VD25011
30603,VD25015
30604,CL5002
30605,CL3002
30606,CL3000
30607,CL50930
30608,R20795
30609,R20938
30610,R29439
30611,R35735
30612,R35736
30613,R61515
30614,R61516
30615,R71524
30616,F702102
30617,HS131140
30618,HS135035
30619,HS136033
30620,HS138047
30621,HS200035
30622,HS206038
30623,STSSFP32C
30624,12342
30625,12343
30626,71900/651
30627,71900/649
30628,71900/650
30629,C34
30630,F541307C
30631,FJW16230
30632,FJW16100
30633,F19999
30634,FJW552113
30635,F31553
30636,F22026
30637,F22052
30638,F31550
30639,FK30
30640,FJW14005
30641,FJW41209
30642,FJW14007
30643,FJW50113
30644,FS41112
30645,FS31410
30646,FS41007
30647,FJW32
30648,CL2028
30649,FJW46018
30650,FK4403VD
30651,FK4403BG
30652,FK4403PT
30653,FK4403CZ
30654,FK4404VD
30655,FK4404BG
30656,FK4404PT
30657,FK4404CZ
30658,FK4405VD
30659,FK4405BG
30660,FK4405PT
30661,FK4405CZ
30662,FK4406VD
30663,FK4406BG
30664,FK4406PT
30665,FK4406CZ
30666,B10535/0008
30667,KQG153BXERA
30668,KOG988OSSSA
30669,VD24454
30670,LD0350RP
30671,SCH8094
30672,LD0870RP
30673,25860/160
30674,12014109001
30675,1231109002
30676,1331109001
30677,1361109001
30678,14327109001
30679,14614109001
30680,15931109001
30681,16014109001
30682,16414109001
30683,16626109001
30684,17926109001
30685,36161109001
30686,37427109001
30687,QX-MCB-35
30688,QX-MCB-36
30689,BDJ-502903
30690,HS330040D
30691,F548042
30692,ABC9829
30693,183
30694,1026I
30695,RBALPZ0Z0002
30696,VC53
30697,ABS18DZ
30698,BPEL-12-1G3
30699,90D
30700,IC601372
30701,1259
30702,9284
30703,9305
30704,97300
30705,1202M
30706,1203M
30707,1212M
30708,1213M
30709,1400
30710,1801
30711,313586
30712,TDIV0160
30713,130025
30714,ABC2196
30715,ABC5920
30716,338
30717,339
30718,340
30719,5478M
30720,118502
30721,248P
30722,133198601
30723,1432698601
30724,1451498601
30725,1641498601
30726,1662698601
30727,1792698601
30728,353198601
30729,770PTR
30730,SCH789/1
30731,IC601356
30732,IC601370
30733,IC601357
30734,227826
30735,230965
30736,230951
30737,236548
30738,209384
30739,230973
30740,209720
30741,230972
30742,239321
30743,230969
30744,230955
30745,227843
30746,245599
30747,227847
30748,246425
30749,246423
30750,246427
30751,246431
30752,246429
30753,246433
30754,246435
30755,246437
30756,239121
30757,239122
30758,239123
30759,233014
30760,239128
30761,239127
30762,239129
30763,239125
30764,239126
30765,312469
30766,312472
30767,10453
30768,FC70-301
30769,FC80-301
30770,FC100
30771,FC104
30772,1590041DS1620
30773,1430009
30774,VD24455
30775,AQ23429
30776,053/P
30777,096/P
30778,3780012001
30779,421024002
30780,5618016040
30781,5618026040
30782,5618036049
30783,5900489139
30784,5900489129
30785,5900489130
30786,5948759103
30787,5900489133
30788,5931014140
30789,5931024140
30790,5931034149
30791,5931644140
30792,5931074140
30793,5919014240
30794,5919024240
30795,5919034249
30796,5919644240
30797,5919074240
30798,5919108190
30799,598110-22030
30800,598110-24010
30801,598116-22030
30802,598116-24010
30803,IC601366PT
30804,IC601357PT
30805,IC601369PT
30806,IC601356PT
30807,IC601355AZ
30808,5919102440
30809,5919108194
30810,5919108192
30811,5919108193
30812,5919108195
30813,5919108180
30814,5919108181
30815,5919108184
30816,5919108182
30817,5919108183
30818,5919108185
30819,5919108170
30820,5919108171
30821,5919108174
30822,5919108172
30823,5919108173
30824,5919108175
30825,5919108102
30826,5919102540
30827,5919108100
30828,5919108101
30829,5919108103
30830,5919108105
30831,5022000002
30832,5022000003
30833,F25525
30834,25524
30835,BLM26CK-2C
30836,CATSCH25-26
30837,26480/005
30838,230924
30839,SCH8061/1
